text,label
What is the weather forecast for Boden,GetWeather
Play a record from 2015,PlayMusic
I'd like to find Scriptures of the Golden Eternity TV series,SearchCreativeWork
give two out of 6 stars to current book,RateBook
rate this current book five,RateBook
find meal time movie times close by for movies,SearchScreeningEvent
rate this book four out of 6 points,RateBook
rate the current album two points,RateBook
Add all together now to my playlist the road to punk rock,AddToPlaylist
What's the weather forecast for Porphyry Island Provincial Park right now,GetWeather
Look up The Gun soundtrack,SearchCreativeWork
Add The Private Collection onto my Cena Elegante playlist please.,AddToPlaylist
I am looking for a work called Carry You Home,SearchCreativeWork
What is the forecast in Lono,GetWeather
play the music track of 1998,PlayMusic
What's the weather in Heritage Hill State Historical Park,GetWeather
Can you put this song on the metal xplorer playlist,AddToPlaylist
"what is the forecast for Bonner starting oct. 24th, 2025 for Argentina",GetWeather
book a bistro for 4 at sunset,BookRestaurant
Show me Dangers of the Canadian Mounted,SearchCreativeWork
Will it get hotter around elevenses in KS ?,GetWeather
What's the weather in Singapore,GetWeather
I'm looking for the TV series called Unborn,SearchCreativeWork
Give me a list of films at AMC Theatres,SearchScreeningEvent
Is there a movie theatre showing Last Cab to Darwin today?,SearchScreeningEvent
Shw the picture Twin Husbands,SearchCreativeWork
Is it chilly in Nightmute,GetWeather
"add reggaeton classics in playlist jennie, jennie",AddToPlaylist
show video game and The Quality of Life,SearchCreativeWork
I want another song in the Women of Latin Music playlist.,AddToPlaylist
Add image to the Nuclear Blast Novelties playlist,AddToPlaylist
what animated movies are at Fox Theatres,SearchScreeningEvent
play music by Francis Healy,PlayMusic
Will it be warm in Kipp Rhode Island one hour and 9 seconds from now ?,GetWeather
Looking for a tibetan restaurant and need reservations for 1 .,BookRestaurant
"Locate a bakery in Rockport , Federated States Of Micronesia that serves olives",BookRestaurant
Freud The Mind of the Moralist should be rated 2 stars with a best rating of 6,RateBook
What will it feel like in the current place in July,GetWeather
There can I find The Beggar Maid playing,SearchScreeningEvent
What films are playing at Great Escape Theatres,SearchScreeningEvent
What's the weather forecast for here on Jul. 23 ?,GetWeather
The feel good indie rock playlist needs another song,AddToPlaylist
Rate Puttering About in a Small Land zero out of 6 stars,RateBook
Rate the current book a zero of 6,RateBook
Find the Love And War soundtrack,SearchCreativeWork
Play the top-20 best Chicane songs on Deezer,PlayMusic
Play the top movement music from 1997 .,PlayMusic
add track by Monster Bobby to peace playlist,AddToPlaylist
When is The Sea of Grass playing at the movie theatre,SearchScreeningEvent
Look for the Chu Chu and the Philly Flash picture,SearchCreativeWork
Play music on the playlist Urban Hits,PlayMusic
where is My Song Goes Forth playing,SearchScreeningEvent
add Nothing Fancy to Meditate to Sounds of Nature playlist,AddToPlaylist
Play Ramakadha by Karl Davydov please,PlayMusic
Add tune to Bedroom Jams,AddToPlaylist
rate this novel a four,RateBook
find a painting called Mister Whiskers My Favourite Nursery Rhymes,SearchCreativeWork
Which cinema can I go to to see Lilly the Witch The Dragon and the Magic Book ?,SearchScreeningEvent
show the movie schedule,SearchScreeningEvent
add album to my piano ballads,AddToPlaylist
What are the movie schedules,SearchScreeningEvent
Find a picture of A Breed Apart,SearchCreativeWork
put United Abominations onto my rare groove playlist,AddToPlaylist
Find a TV show called The God Boy .,SearchCreativeWork
"Is it supposed to be colder at lunch time in Schuyler , Venezuela ?",GetWeather
What is the movie schedule at the Fox Theatres,SearchScreeningEvent
Add the name x forza e x amore to the playlist Musica Española 2017,AddToPlaylist
find Check In,SearchCreativeWork
book a spot for two at Sale Creek at eight AM,BookRestaurant
Rate the current textbook a 0 out of 6 .,RateBook
I would like to book a restaurant in Singapore for nine in 19 hours and 1 second,BookRestaurant
Add track to my Peaceful Piano,AddToPlaylist
What films are at IMAX Corporation at 11 p.m.,SearchScreeningEvent
I'd like to see Completely Well,SearchCreativeWork
Show the Mickey Mouse photograph,SearchCreativeWork
Find me the picture entitled I’ll Take Care of You .,SearchCreativeWork
Look up The Collection Volume One novel,SearchCreativeWork
Will it be colder in Oaklawn Zambia ?,GetWeather
Play some music on Lastfm,PlayMusic
What's the weather looking like in Reklaw at 031913 PM,GetWeather
What time is High Tide at Noon showing,SearchScreeningEvent
I need a table at a highly rated diner,BookRestaurant
Is Convoy Busters playing,SearchScreeningEvent
What is the forecasted weather for Ninaview ?,GetWeather
give 0 rating to She and Allan book,RateBook
play the Hell of a Life movie,SearchCreativeWork
Rate Making Sense of Marx 2 stars .,RateBook
Book a table for eight people at a bar that has steak sauce in Half Moon AMerican Samoa right now,BookRestaurant
play Realization by Randy Jackson,PlayMusic
find the nearest movie house with Pirates of the 20th Century,SearchScreeningEvent
Play All The Way My Savior Leads Me on Spotify,PlayMusic
"Need to book a table at a fast food restaurant for a party of nine on November seventeenth, 2019",BookRestaurant
Play a chant from 1978 .,PlayMusic
Add Fear and Bullets to my Chill Tracks playlist.,AddToPlaylist
Is it supposed to be stormy in Seagraves,GetWeather
Play Spotify,PlayMusic
I am looking for the work Nikki,SearchCreativeWork
book a spot for 7 at an outdoor food court in Denmark,BookRestaurant
Can you please give me the forecast for the Dominica,GetWeather
I want to give the current textbook 0 stars,RateBook
what is the forecast starting at 8 pm for Alaska,GetWeather
book a spot for eight at a pub in New Mexico,BookRestaurant
ad i should have known better to this is bb king,AddToPlaylist
What film is playing at Landmark Theatres,SearchScreeningEvent
add Lee Seung gi to my Baila Reggaeton playlist,AddToPlaylist
book a restaurant for 5,BookRestaurant
Please help me find the Bloom Remix Album song .,SearchCreativeWork
Find a book called The Polish Bride .,SearchCreativeWork
does Red e Toby nemiciamici start thirteen hours from now,SearchScreeningEvent
play the song Si No Te Hubiera Conocido by Haidar Salim,PlayMusic
I want to eat somewhere that is faraway from Iowa .,BookRestaurant
will it be colder at midnight in Washington,GetWeather
Show me the movie schedules for any animated movies playing close by ?,SearchScreeningEvent
play The Trail Of The Lonesome Pine on Netflix,PlayMusic
Please get me Infernal Devices game .,SearchCreativeWork
Use Youtube to play music from Dorothy Ashby from the year 2002,PlayMusic
add this track to morning classical,AddToPlaylist
Find the movie schedule for films in the area .,SearchScreeningEvent
"find Face the Truth , a TV show",SearchCreativeWork
Please give me the weather for Federated States Of Micronesia .,GetWeather
Is Rented Lips playing at the nearest cinema,SearchScreeningEvent
I want to hear sia furler 's popular songs on Last Fm,PlayMusic
add artist to my endorphin rush playlist,AddToPlaylist
Add tune to Reggae Infusions,AddToPlaylist
open Itunes and play Kenny Cox most popular concerto,PlayMusic
give this textbook a 5 out of 6 rating,RateBook
Add the artist to the Latin Jazz playlist.,AddToPlaylist
Will it be snowy in Parnell ?,GetWeather
Book Nuts on Clark in Irvington for 8 people in one hour .,BookRestaurant
Book the best joint for 3 people.,BookRestaurant
Book a reservation for my parents and I at Red Crown Tourist Court in Slovakia,BookRestaurant
Book a reservation for seven people at a bar in Kentucky,BookRestaurant
Get soundtrack of Comprehensive Knowledge Archive Network,SearchCreativeWork
what is the weather like now in AK,GetWeather
play Frankie Laine,PlayMusic
Where can I view the picture Reaching Horizons,SearchCreativeWork
Find me the movie schedules,SearchScreeningEvent
play the top twenty tracks of Ron Jarzombek,PlayMusic
Play me a 1957 ep,PlayMusic
book a table at a restaurant for 10/24/2028 for me and lauren,BookRestaurant
book a spot for two at a churrascaria that sells cupcake in Lumpkin Indiana now,BookRestaurant
give the current book zero of 6,RateBook
Let me know when The Maiden Danced to Death will be screened at a cinema .,SearchScreeningEvent
What films and movie times are close by,SearchScreeningEvent
Can you give me the weather forecast in Tajikistan ?,GetWeather
Book me a reservation for a mediterranean restaurant on Confederate Memorial Day nearby Ocean Grove,BookRestaurant
"i want to see Love, Speed and Thrills at the nearest cinema",SearchScreeningEvent
When is Up the Yangtze playing at Goodrich Quality Theaters,SearchScreeningEvent
I want to see the TV series A State of Mind,SearchCreativeWork
Play Supernaut by Armand Van Helden,PlayMusic
Add Deuce to my listas de éxitos playlist,AddToPlaylist
what is the depression forecast for in five years in Altyn-Emel-Nationalpark,GetWeather
Will it be temperate near Neylandville,GetWeather
I want to eat at a Escondida South Carolina restaurant for 8 people,BookRestaurant
show the creativity of Where What When,SearchCreativeWork
What time is A Man for Burning playing,SearchScreeningEvent
find the photograph Hearts Burst into Fire,SearchCreativeWork
find Worldly Goods starting now at a movie house,SearchScreeningEvent
Please get me Stories from the English and Scottish Ballads show .,SearchCreativeWork
Add Trina to latoya's Hillary Clinton's Women's History Month Playlist .,AddToPlaylist
I need to find the work Brotherly Love,SearchCreativeWork
add scott putesky to concentración indie rock playlist,AddToPlaylist
I would like this artist on drum & breaks .,AddToPlaylist
find movie schedules with animated movies close by,SearchScreeningEvent
Book reservation at a restaurant in Rocky Fork for 2 people,BookRestaurant
put deep purple on this is jennifer lopez,AddToPlaylist
I give The Penalty three stars,RateBook
The boring Peace on Earth gets a two out of 6 .,RateBook
rate this series 4 stars,RateBook
"what is the weather in current location on december the 23rd, 2027",GetWeather
Add Art Garfunkel to the Chill Tracks playlist.,AddToPlaylist
Show me the game Music Bank,SearchCreativeWork
I need work of Father Dearest,SearchCreativeWork
find a movie schedule,SearchScreeningEvent
What's the weather in the current place ?,GetWeather
What will the weather be nineteen seconds from now from the Little Manatee River State Park,GetWeather
Play Making Out by Alexander Rosenbaum off Google Music .,PlayMusic
"Book a table for 5 people in Goodland , AK .",BookRestaurant
"How will the weather be in Bettles , Aruba on may the tenth, 2026 ?",GetWeather
I want to see Plague Soundscapes,SearchCreativeWork
Can I get the showtimes for films at Malco Theatres .,SearchScreeningEvent
Please anything good by Chieko Ochi,PlayMusic
Is it going to be stormy in Austin Creek State Recreation Area at 0942 ?,GetWeather
"Will it be cloudy in Lenzburg , Papua New Guinea",GetWeather
find The Bride,SearchScreeningEvent
Rate CIA World Factbook five out of 6 stars,RateBook
play a song by Fats Waller,PlayMusic
What are the movie times at the Loews Cineplex,SearchScreeningEvent
Book reservations at a restaurant that serves brazilian food for 9 people,BookRestaurant
Find movie times for animated movies in the area .,SearchScreeningEvent
How can I see the show Pulse 2 Afterlife ?,SearchCreativeWork
add Tracy Chapman to Late Night Jazz,AddToPlaylist
weather for five am in Osyka Bhutan,GetWeather
Play cheerful playlist,PlayMusic
Rate Leap into Darkness 1 points,RateBook
Please shoe me the movie schedule for today.,SearchScreeningEvent
show me the schedule of movie The Da Vinci Code,SearchScreeningEvent
make me a reservation at The Restaurant at Meadowood for a party of 7 in Armenia,BookRestaurant
I want to hear something from the top-fifty by Jose Pasillas,PlayMusic
rate this novel a two,RateBook
What will the weather be like 19 minutes from now in Nepal,GetWeather
I'm looking for a movie called Salvage Mice .,SearchCreativeWork
Give this novel four out of 6 stars .,RateBook
find an album called Stumble.Stop.Repeat,SearchCreativeWork
add Adam Yauch to my Spooning,AddToPlaylist
I want to see Dead Calm at the closest cinema,SearchScreeningEvent
search for the game The Last Horror Movie,SearchCreativeWork
What is the nearest movie house playing Black Scorpion,SearchScreeningEvent
Play me a song by Avispa Music from 1965,PlayMusic
I need a table in TN that's not to far for a party of ten,BookRestaurant
play Angelo Amorevoli,PlayMusic
I need a table for 8 during midday in Montana,BookRestaurant
Rate The Art of Struggle 3,RateBook
Will it be snowy here soon,GetWeather
Play the best songs by Jes Brieden,PlayMusic
Add the artist to my Metal playlist.,AddToPlaylist
"I'd like to go to Douglas Theatre Company to see In Beaver Valley , what times will the movie be playing?",SearchScreeningEvent
Is there going to be a depression in my current location on nov. the ninth,GetWeather
Is it chilly in Curacao,GetWeather
Play Brian Clifton off Groove Shark .,PlayMusic
Play a Martyn Bennett from 1957 on Pandora,PlayMusic
Play Johnny Gimble,PlayMusic
When is Barbary Coast playing?,SearchScreeningEvent
I want to give The Garin Death Ray series 1 stars,RateBook
Show me the closest movie house that plays That Night in Rio,SearchScreeningEvent
Find a coffeehouse in Illinois for three,BookRestaurant
add song to marta's endorphin rush playlist,AddToPlaylist
"Will it be snowy on January 26th in Trentwood , Illinois",GetWeather
Add another artist to the Spotlight on Country 2016 playlist.,AddToPlaylist
book a restaurant for cupcakes for ten,BookRestaurant
play Isaac Yamma Slut,PlayMusic
Can I get the movie schedule for the Bow Tie Cinemas .,SearchScreeningEvent
How is the weather going to be in Pearblossom .,GetWeather
Show me movie times for one minute from now,SearchScreeningEvent
book a spot at a crab restaurant,BookRestaurant
Book a restaurant in Geddes on march the twenty-seventh for me and my husband,BookRestaurant
Is it foggy in Phinizy Swamp Nature Park ?,GetWeather
Include the past behind in my Top 100 Rock Tracks on Spotify playlist.,AddToPlaylist
find a cinema nearest with Sulle Sathya,SearchScreeningEvent
"find The Living Room Tapes , a TV series",SearchCreativeWork
Add Famous to my playlist lo que suena new york,AddToPlaylist
I need to find the creative work Prince Hours,SearchCreativeWork
Will it be foggy at sunset in Red Devil,GetWeather
I'd like to book a table at Black Horse Tavern in Georgia at 4 am,BookRestaurant
I give this next essay zero out of 6 points,RateBook
The Last Hawk gets a total of 3 out of 6 stars from me,RateBook
Download The Red Eagle TV show,SearchCreativeWork
Find the schedule for A Kiss Before Dying .,SearchScreeningEvent
Will it hail in 1 minute in Toms River,GetWeather
Is Black & White The Dawn of Justice playing at the movie theatre ?,SearchScreeningEvent
add Diarios de Bicicleta to my la la playlist,AddToPlaylist
give 3 out of 6 points to The Secrets of Love,RateBook
I want to take me and my crew to the smoking room restaurant,BookRestaurant
My Idea of Fun is a book that should get 2 stars .,RateBook
Book a restaurant that serves pasta for 5 people.,BookRestaurant
add tune to my this is animal collective,AddToPlaylist
Use the service Lastfm to play music by the artist ai kago,PlayMusic
How will the weather be in New Mexico around 000907 am ?,GetWeather
Rate the current novel three points,RateBook
Show me the photograph of King Charles,SearchCreativeWork
Please get me a reservation at a restaurant with a pool for manuela and yvonne,BookRestaurant
Add this song onto my playlist entitled chill out .,AddToPlaylist
Which cinema is currently showing The Youngest Profession ?,SearchScreeningEvent
Will it be cloudy by five PM in Gobler Jersey,GetWeather
fimd Glory,SearchCreativeWork
play some latin on Zvooq,PlayMusic
add The Spine Surfs Alone to my playlist called The Funny Thing About Football Is,AddToPlaylist
Play Lukasz Gottwald album on Zvooq,PlayMusic
Tell me the movie schedule for Warren Theatres,SearchScreeningEvent
What's the weather forecast for breakfast time in Palau ?,GetWeather
Please rate the current textbook 2 stars,RateBook
Play the top 5 by Akira The Don .,PlayMusic
Find an album called List of Re Hamatora episodes .,SearchCreativeWork
book a manadonese restaurant for two,BookRestaurant
book a restaurant in Montverde in Marshall Islands,BookRestaurant
what is the weather of Sri Lanka,GetWeather
Tell me the weather forecast for Azerbaijan,GetWeather
shawn lane should be moved to my Cena con Amigos playlist,AddToPlaylist
book in one hour within walking distance of a restaurant downtown,BookRestaurant
"christie, concepcion and I want to eat trattoria at a brasserie in Johnston now",BookRestaurant
I want to listen to the soundtrack The Om Years,SearchCreativeWork
Rate the current book a three,RateBook
Wish to hear a concerto by Diplo from 1952,PlayMusic
Give this essay a 2 out of 6 .,RateBook
I need a table in Iron Gates in one minute at the Weathervane Restaurant,BookRestaurant
Add Driven to Tears to the viral semanal playlist.,AddToPlaylist
Rate The Purcell Papers two out of 6 stars,RateBook
What is the TV show This Is Halloween ?,SearchCreativeWork
Will it rain here at 132209 ?,GetWeather
Include Brandon Paris in The MetalSucks Playlist,AddToPlaylist
what is the Cameia National Park forecast for in one minute and 1 second,GetWeather
play Barry Manilow from the twenties,PlayMusic
I want to give this current saga 6 points and a rating value of 1,RateBook
I feel that zero out of 6 points would be the rating of Queen of the Dawn .,RateBook
rate The Detective a 3 out of 6,RateBook
Find Phalcon .,SearchCreativeWork
Play some showtunes music.,PlayMusic
What films start at eighteen at Caribbean Cinemas,SearchScreeningEvent
add ronnie james dio tune to Women of Electronic selection,AddToPlaylist
What is the weather here at 7 am ?,GetWeather
Show me the movie schedule for Caribbean Cinemas,SearchScreeningEvent
Play Masashi Hamauzu 's newest symphony on Itunes .,PlayMusic
Play some techno on Lastfm,PlayMusic
I need a table for four at a pub in Heard Island and McDonald Islands,BookRestaurant
How will the weather be in six and a half months in CO ?,GetWeather
Use Google Music to play some songs by Dr John,PlayMusic
Find movie times for Alamo Drafthouse Cinema at 1037 P.M. .,SearchScreeningEvent
Show me Then We Came to the End,SearchCreativeWork
Will it be chillier at 060548 in Wagener Réunion,GetWeather
play some gotye,PlayMusic
Get me a picture about Sardonic Wrath,SearchCreativeWork
I want a table for five at a place in Russia on 4/4/2036,BookRestaurant
Please give me the movie schedules .,SearchScreeningEvent
"Can you please look up the TV series , An Experiment with Time ?",SearchCreativeWork
play music from the twenties,PlayMusic
"Is it cold in Breckenridge , Colorado ?",GetWeather
Show the forecast for two years from now in Lake Telemark Sudan,GetWeather
When is Old Enough showing at the movie house ?,SearchScreeningEvent
Can you book a table for eight people at a spa type restaurant within walking distance of the Metropolitan Borough of Lambeth,BookRestaurant
Please play a song for me from 1959,PlayMusic
Add to my playlist house afterwork this tune,AddToPlaylist
I need movie times at Fox Theatres around zero PM,SearchScreeningEvent
Find the movie schedule for the Douglas Theatre Company .,SearchScreeningEvent
Where is the closest cinema that features animated movies,SearchScreeningEvent
"I want to book the distant downtown Tribeca Grill for august the twenty-third, 2025 for wilda and jacklyn",BookRestaurant
add the tune to my jazz vibes playlist,AddToPlaylist
Weather for Douthat State Park on Mar. 10,GetWeather
add tune to my The Southern Highway Chronicles playlist,AddToPlaylist
What's the humidity now in NH ?,GetWeather
Where can I purchase the Twenty Chickens for a Saddle saga ?,SearchCreativeWork
read the book Journal of the Bombay Natural History Society,SearchCreativeWork
book a table for seven during our Thailand trip that is within walking distance of our hotel.,BookRestaurant
when is Hefner Unauthorized showing at Magic Johnson Theatres,SearchScreeningEvent
Put on Vimeo and play Kacapi Suling,PlayMusic
Show me the trailer A Self Made Hero,SearchCreativeWork
Will there be a blizzard in Chapel Point State Park or in the same area,GetWeather
Find a TV series called Dirty Politics .,SearchCreativeWork
restaurant In Zimbabwe that is brasserie and has parking,BookRestaurant
Is The Angelus playing at the movie house at dinner time?,SearchScreeningEvent
What is the weather forecast for Maryland,GetWeather
Where is the closest movie house playing films now,SearchScreeningEvent
Play Entre Raices Y Antenas by Lynn & Wade Llp .,PlayMusic
what is the forecast for 6 am in Aruba,GetWeather
Play music by Sha Money Xl sort by good .,PlayMusic
add 9AM in Dallas to my classical music for smart kids,AddToPlaylist
rate The Lotus and the Storm zero of 6,RateBook
When can I go see The Untold Story ?,SearchScreeningEvent
Will it rain in Deersville,GetWeather
Find the Fields of Sacrifice movie,SearchCreativeWork
Play Elizeth Cardoso to my Nothing But A Party R&B playlist,AddToPlaylist
Make a booking for the highly rated food court in Montenegro .,BookRestaurant
play some eighties by Amirbai Karnataki,PlayMusic
Which films are playing in the neighbourhood ?,SearchScreeningEvent
find the nearest animated movies at a movie theatre,SearchScreeningEvent
play Only Hope by Graham Bonnet,PlayMusic
Turn on Spotify to Tiny Tim ep,PlayMusic
Play Lenny Kaye music.,PlayMusic
I want to book a restaurant in the same area where I live in MA for ebony and yolanda .,BookRestaurant
Find Head Start,SearchCreativeWork
What's the weather forecast for my current position ?,GetWeather
Fine a movie schedule .,SearchScreeningEvent
Add Manuelita la tortuga to my Nuestros 80 playlist,AddToPlaylist
"Coon Chicken Inn restaurant for 1 am for me, clarice and debbie",BookRestaurant
Rate this textbook a 5,RateBook
Add First Issue to my your favorite slaughterhouse playlist,AddToPlaylist
Book a nearby northeast indian restaurant in North Carolina for ten people at six am .,BookRestaurant
Play While The Gate Is Open .,PlayMusic
Please get me the Before Crisis Final Fantasy VII television show .,SearchCreativeWork
What's the weather forecast for Lenexa United Kingdom at 0231,GetWeather
I need to see some movie schedules,SearchScreeningEvent
Table for one somewhere in Palco,BookRestaurant
I need a reservation for ten in Wisconsin,BookRestaurant
Add Ace Hood to the this is aretha franklin playlist.,AddToPlaylist
Can a I get the movie schedule for Sympathy for the Devil,SearchScreeningEvent
Is Warhead playing at AMC Theaters,SearchScreeningEvent
Is Proudly She Marches playing anywhere?,SearchScreeningEvent
I give the Ways of Escape chronicle zero out of 6,RateBook
Find me the movie schedules at Fox Theatres,SearchScreeningEvent
The current album deserves 0 stars,RateBook
I want to hear that track from 1991,PlayMusic
Play a tune by Layne Staley,PlayMusic
Play some movement music by Perez Prado on Iheart,PlayMusic
"Book a table for four in Orchard Grass Hills , NV",BookRestaurant
Play a song by Electric Tones from their Kurutta Taiyō album on Last Fm,PlayMusic
Where to get album Justified,SearchCreativeWork
Will rainfall continue here tomorrow ?,GetWeather
I need to book a restaurant with a smoking room in AL,BookRestaurant
need a table for nine in East Prairie LA,BookRestaurant
Play Russell Morris 's The Singer And The Song on Netflix .,PlayMusic
napoleon xiv should be added to sharlene's playlist transatlantic lullaby,AddToPlaylist
Weather next year in Canada,GetWeather
rate this album 1,RateBook
I need to get seats for me and my ex wife to eat in Egypt .,BookRestaurant
Book me a table at a Tartinery Restaurant not far from my home in Elk Rapids .,BookRestaurant
find movie schedules in Warren Theatres,SearchScreeningEvent
"What will the weather be in Bayside on Sep. 21, 2034 ?",GetWeather
Add a track by BT to my independent music monday playlist.,AddToPlaylist
Is it freezing on Jun. the 21st in Apshawa South Africa,GetWeather
Open Youtube and play Iron Mountain Depot from John Lomax,PlayMusic
Play a track from 1985 .,PlayMusic
Play Praise The Lord And Pass The Ammunition .,PlayMusic
rate the current novel 5 stars,RateBook
Can i get the showtimes for movies around here ?,SearchScreeningEvent
movie schedule for Harkins Theatres,SearchScreeningEvent
What's the weather going to be one hour from now in Taiwan,GetWeather
What is the weather forecast now in Texas ?,GetWeather
"Is it going to be chilly today in Abo , WI",GetWeather
where is The Country Bears playing,SearchScreeningEvent
She me that movie schedule,SearchScreeningEvent
Find the Another Ticket game,SearchCreativeWork
what are the movie schedules ?,SearchScreeningEvent
Play the greatest soundtrack by Jesse Harms .,PlayMusic
show cloud forcast in 1 hour in IA,GetWeather
Play me the greatest Howard Levy song,PlayMusic
five points for this novel,RateBook
put this whole album on the playlist called old school metal,AddToPlaylist
Use Deezer to play music,PlayMusic
reserve a smoking room at the restaurant,BookRestaurant
rate this book four out of 6 points,RateBook
"Is it going to be foggy in Box Elder , Rhode Island",GetWeather
When is The Life and Death of King Richard II playing at Mann Theatres ?,SearchScreeningEvent
book a brasserie for one,BookRestaurant
play James Moody ballad,PlayMusic
Please help me find the video game John Michael Montgomery discography .,SearchCreativeWork
I want to give this current novel 4 points,RateBook
Book a brasserie in the Falkland Islands for this week .,BookRestaurant
show me the movie Haunted Spooks,SearchCreativeWork
Play me Leonid Soybelman on Vimeo .,PlayMusic
Where is the closest cinema playing Good Night Good Morning,SearchScreeningEvent
Is The Matinee Idol 0630 cinema sold out?,SearchScreeningEvent
Is it going to be cloudy in my current spot for dinner ?,GetWeather
Lets go to a bistro in SD,BookRestaurant
Play The Galway Races on Netflix .,PlayMusic
I would rate this album 1 points,RateBook
"Play the track Fight On, State by Yuvan Shankar Raja",PlayMusic
Can you find me the Magic Hour song ?,SearchCreativeWork
I want the Turbonegro album to go on the playlist called Genuine R&B,AddToPlaylist
show creativity of saga Frontier Marshal,SearchCreativeWork
Show me the closest movie house playing animated movies please.,SearchScreeningEvent
give the current album a 1,RateBook
Include Kunnon syy in my Trap Land playlist.,AddToPlaylist
Which animated movies are playing in the neighbourhood and when?,SearchScreeningEvent
I have a party of 7 in East Timor,BookRestaurant
Find Half Cut Tea .,SearchCreativeWork
I want Jean-Georges for a party of 2,BookRestaurant
The Evil Experiment gets zero out of 6 points,RateBook
rate The Fairy Caravan 5 of 6 stars,RateBook
Add this artist to my feel good dinner playlist,AddToPlaylist
Find a picture called Ready .,SearchCreativeWork
How much rainfall is there faraway from Douglass ?,GetWeather
I am looking for the TV show called the Flight of the Lost Balloon,SearchCreativeWork
"play Isaac Hayes on Pandora from love, sweat and beer ep",PlayMusic
Add christopher lawrence to my Always Pop Punk playlist.,AddToPlaylist
Rate Decoding Reality 0 points,RateBook
Add song to my underground hits,AddToPlaylist
give me the local movie times,SearchScreeningEvent
add this album to my playlist titled underground hits,AddToPlaylist
Will it be warmer in five years in Slemp Kansas,GetWeather
Find a movie schedule .,SearchScreeningEvent
can i get the movie schedule for Goodrich Quality Theaters,SearchScreeningEvent
Play some 1962 theme music.,PlayMusic
"find the nearest movie house showing Good Morning, Babylon",SearchScreeningEvent
Can I get the newest listings for movies at Harkins Theatres,SearchScreeningEvent
can I get the movie schedules for Goodrich Quality Theaters,SearchScreeningEvent
I want seating for five near the pool at the pub,BookRestaurant
When is Percy Jackson playing at the movie theatre ?,SearchScreeningEvent
Give After Having Spent a Night Among Horses 0 out of 6 .,RateBook
Find a television show called Twisted .,SearchCreativeWork
Play Igor Nikolayev music from the fourties,PlayMusic
Can you make reservations for 1 person in IL,BookRestaurant
book a restaurant for 4 by shawn's work close by,BookRestaurant
move Josiah Leming to te quiero list,AddToPlaylist
Search for Teenage Mutant Hero Turtles Fall of the Foot Clan photograph,SearchCreativeWork
Can i have the forecast for Bear Rocks Lake Wildlife Management Area,GetWeather
Find the album titled Spasmolytic,SearchCreativeWork
book a restaurant for six in MP,BookRestaurant
Play any track by Flame,PlayMusic
What movies are currently at Star Theatres ?,SearchScreeningEvent
I'd like to see the show Onion SportsDome,SearchCreativeWork
show me animated movies with movie times close by,SearchScreeningEvent
Show Olympia 81 saga,SearchCreativeWork
In Bon Secour National Wildlife Refuge at twelve pm will it be chilly,GetWeather
Book a table for one at the Bear Hotel in Peru,BookRestaurant
Find the video game High Hopes & Heartbreak,SearchCreativeWork
Add this track to the classical music for smart kids playlist,AddToPlaylist
Get me a table for 3 within walking distance from my hotel in Tajikistan .,BookRestaurant
Let me listen to Rouhollah Khaleghi on deezer .,PlayMusic
She me movie schedules for the movies close by at sunset,SearchScreeningEvent
Find me The River of Love saga,SearchCreativeWork
Tell me the weather forecast for Murone Kōgen Prefectural Natural Park at elevenses,GetWeather
find a television show called Tiny Dancer,SearchCreativeWork
I'm looking to book a table at a gastropub that serves vegetarian for me and my team,BookRestaurant
What will the humidity be in AR in 49 weeks and a half from now,GetWeather
I want to give Think Like a Freak one stars,RateBook
Add another album to my this is pavarotti playlist.,AddToPlaylist
find the Deathsmiles II soundtrack,SearchCreativeWork
I'd like to see the novel An Inquiry into the Good,SearchCreativeWork
I'd like seats for one at a restaurant in 1 hour at a place in La Madera that has parking,BookRestaurant
Play the symphony by Tetsuya Ogawa from 1953,PlayMusic
Please let me know the weather forcast of Stanislaus National Forest far in nine months,GetWeather
"Will it storm in Texola , Delaware",GetWeather
I am giving Finding Chandra a 2 out of 6 rating,RateBook
Listen to Dragon Ball Music Collection,SearchCreativeWork
Find me the photograph The Late Music,SearchCreativeWork
what is the 7 day for Cheat Canyon Wildlife Management Area,GetWeather
What time is The Glass Key playing at Caribbean Cinemas,SearchScreeningEvent
Find the movies and movie times in the neighbourhood,SearchScreeningEvent
Add Ultimatum to my crash course playlist,AddToPlaylist
Can you please find The Notebook of Trigorin game ?,SearchCreativeWork
Add the Keep Your Receipt EP to my Digster Reggae playlist.,AddToPlaylist
Play Pride Of The Prairie from Johnny Burke,PlayMusic
Go to Attack of the Planet Smashers,SearchCreativeWork
book a spot at a Crown Burgers that is close by West Compton,BookRestaurant
I want a list of showings of Days of Fire at Harkins Theatres,SearchScreeningEvent
Get me the Trick or Treats soundtrack .,SearchCreativeWork
Find Pursuit of Radical Rhapsody,SearchCreativeWork
add Yoshiki to the 35 Soul Classics 1970 to 1975 playlist,AddToPlaylist
Give Twas the Night Before Christmas 0 points out of 6 .,RateBook
give this essay 4 points,RateBook
Look up The Cool Cafe Cool Tape Vol. 1 video game,SearchCreativeWork
Add Steve Jones to my chill list,AddToPlaylist
What time is High Spirits playing?,SearchScreeningEvent
I want to listen to Merrily We Roll Along by Marko Desantis .,PlayMusic
Play the last sound track by Soko from around 1975,PlayMusic
Book a table for 9 people for four pm in Johnson .,BookRestaurant
Add the name the Song about the Towel to playlist piano in the background,AddToPlaylist
Add Sifow to my Skatepark Punks playlist,AddToPlaylist
play There Must Be More To Life Than This,PlayMusic
rate this current saga 3 out of 6 points,RateBook
Find a book called Screwed .,SearchCreativeWork
Give ma list of films at Harkins Theatres,SearchScreeningEvent
"What will the weather be like on january the twenty-third, 2034 in GA",GetWeather
Book a table for 10 people on bunker hill day at a food court which serves spätzle in Monaco,BookRestaurant
Will it be hotter at nine am in Serbia,GetWeather
Book a restaurant in Gate City for 5 people.,BookRestaurant
Book a table at a french restaurant for fern and I,BookRestaurant
Play the last theme by Behzad Mirkhani .,PlayMusic
"hannah lewis and chelsea want to go to a cafe in Botswana on Apr. the seventeenth, 2024",BookRestaurant
Rate this textbook four of 6 points,RateBook
Book a highly rated food court for 2 people on jul. 4th .,BookRestaurant
Play some music from Victor Kunonga .,PlayMusic
add xsuie in Your Favorite Coffeehouse,AddToPlaylist
Please play This Is The Day by Brian Robertson .,PlayMusic
Book a table at a restaurant in Portugal with parking for me and bonnie in 19 minutes,BookRestaurant
Play Iheart,PlayMusic
I'd like to eat at ten PM. anywhere neighboring to our house,BookRestaurant
What Pacific Theatres are playing animated movies,SearchScreeningEvent
Rate this chronicle three of 6 stars,RateBook
Rate The Scoop 5 out of 6 points,RateBook
Show the movie schedule at Regal Entertainment Group,SearchScreeningEvent
Find Make Your Play,SearchCreativeWork
book a brasserie for 3,BookRestaurant
Play some music from the fourties .,PlayMusic
I need a cambodian brasserie restaurant that is top-rated,BookRestaurant
What is the weather going to be like in Epleys in South Georgia and the South Sandwich Islands in 11 months,GetWeather
I need a table at a restaurant in Texas for kelley and suzette,BookRestaurant
Add Der K und K Kalypso aus Wien to vonda's playlist Pura Vida,AddToPlaylist
"find The Most Important People , a television show",SearchCreativeWork
find the TV show When I Was a Boy,SearchCreativeWork
Tell me the closest movie house playing Black Rage,SearchScreeningEvent
Where is Journal of Geriatric Psychiatry and Neurology,SearchCreativeWork
How do I get the soundtrack for Hearts of Fencing ?,SearchCreativeWork
I need a reservation for three people at a spa restaurant in two hundred thirty seven days,BookRestaurant
Find me Third Man on the Mountain at a cinema,SearchScreeningEvent
"How is the weather in Getzville , Minnesota ?",GetWeather
Find the movie schedule for Fox Theatres at supper time.,SearchScreeningEvent
I need a reservation for Little Grill Collective for supper with eight people,BookRestaurant
Rate Lost Boys Why Our Sons Turn Violent and How We Can Save Them zero of 6,RateBook
I need the forecast for Mamaroneck in six weeks,GetWeather
I want this song on the playlist called chill vibes,AddToPlaylist
book a spot for seven in 8 seconds from now,BookRestaurant
Put No Mystery into my Punk Essentials playlist.,AddToPlaylist
give a 4 rating for Curtains for Three,RateBook
Book a reservation for irene and rosella at The Room in the Elephant in Israel,BookRestaurant
Book a restaurant in the Dominican Republic in one minute for a party of eight,BookRestaurant
I want to hear the newest music from The Railway Children,PlayMusic
Rate the current book one of 6 points,RateBook
give me the movie schedule for animated movies showing in the neighborhood,SearchScreeningEvent
Where can I locate the game Legion of Mary The Jerry Garcia Collection,SearchCreativeWork
what films are showing in the neighborhood,SearchScreeningEvent
add a new entry for mon beau sapin in lela's música libre playlist,AddToPlaylist
I'd like to watch Dirty Laundry at the movie house,SearchScreeningEvent
I want to see a list of local movie times .,SearchScreeningEvent
Is it going to be cold once I get within walking distance of my home in New Caledonia ?,GetWeather
Play the greatest 1966 album out there,PlayMusic
What will the weather be in Catahoula National Wildlife Refuge ?,GetWeather
Add the entity Por una cabeza to my playlist Forever Alone,AddToPlaylist
play a tune from 1962,PlayMusic
play a new soundtrack by Benjamin Darvill on Groove Shark,PlayMusic
book a spot in Malin KY,BookRestaurant
rate the book saga A Coin in Nine Hands 0 points,RateBook
forecast for Guatemala,GetWeather
Will there be a blizzard in AR,GetWeather
Give me movie times for Regal Entertainment Group,SearchScreeningEvent
When is His English Wife showing at the Neighborhood Cinema Group ?,SearchScreeningEvent
Play my Pandora app,PlayMusic
Where is the nearest cinema that is playing films,SearchScreeningEvent
Find the novel WWE Legends of WrestleMania,SearchCreativeWork
I want to book an ethiopian bar for this Afternoon .,BookRestaurant
this book gets points for being current and a three,RateBook
Can I see the the TV series The Late Music ?,SearchCreativeWork
Add the r l burnside album to my Nothing But A Party R&B playlist,AddToPlaylist
Book a bar which serves chicken french at Robinson .,BookRestaurant
Tell me the weather forecast for Equatorial Guinea,GetWeather
book in Ukraine at a highly rated restaurant,BookRestaurant
rate The Descendants two points,RateBook
What is the weather like right now for Fort Adams ?,GetWeather
Rate the current essay zero points,RateBook
Wuill it be cloudy in Dickson City Illinois,GetWeather
find the album Until the Whole World Hears,SearchCreativeWork
What is the forecast for Dec. 15 in Lake Woodruff National Wildlife Refuge,GetWeather
Play the top 20 ep from the fifties by John Bundrick .,PlayMusic
play Soheila Zaland,PlayMusic
Play me a Mario Vazquez movement,PlayMusic
Play 25 To Life by Paul Riley on Deezer .,PlayMusic
find Mary Kom starting in one hour,SearchScreeningEvent
Play some music from the thirties .,PlayMusic
Book the Ballylickey House for 7/16/2027 .,BookRestaurant
What is the showtime for Arsho,SearchScreeningEvent
Rate Timeline of science fiction 4 out of 6,RateBook
I give the Knife of Dreams saga a 0 of 6,RateBook
this tune should go on my coffee table jazz playlist,AddToPlaylist
What movies are playing nearby ?,SearchScreeningEvent
What are the time for movies playing at Star Theatres ?,SearchScreeningEvent
Book a table in eastern european restaurant in Macedonia .,BookRestaurant
book a bar in San Marino for five,BookRestaurant
What will be the weather like close by Kackley ?,GetWeather
Show The Monkey soundtrack,SearchCreativeWork
Where can I get Harry Potter and the Philosopher’s Stone,SearchCreativeWork
What movie theatre has A Matter of Wife... And Death,SearchScreeningEvent
I'd like to know what movies are on the movie schedules nearby .,SearchScreeningEvent
Weather for Park Narodowy Kushiro-shitsugen,GetWeather
Will there be fog not far from Mexico on Apr. 27,GetWeather
Rate this textbook four of 6,RateBook
Add Los Hombres Calientes Volume 3 New Congo Square to my descanso infinito playlist.,AddToPlaylist
Play Barbra Streisand music from 1997 .,PlayMusic
Give this book 2 out of 6 stars .,RateBook
Tell me when it will be warmer in my current position,GetWeather
Can you play some fifties music by lavern baker,PlayMusic
Can I get the movie schedules for Landmark Theatres .,SearchScreeningEvent
what movie is at Loews Cineplex Entertainment,SearchScreeningEvent
Give the current saga three stars,RateBook
When is Heat playing near me?,SearchScreeningEvent
I give four stars to this chronicle .,RateBook
Play any song from 2006,PlayMusic
"find Love Will Tear Us Apart , a photograph",SearchCreativeWork
rate the book Dies the Fire one points,RateBook
I want a restaurant in Idaho for 2 of us.,BookRestaurant
Find a place for me to eat in Connecticut for 9 and a half months from now,BookRestaurant
show painting of Waiting for Snow in Havana,SearchCreativeWork
"book a table in Mississippi on May nineteenth, 2034 for me, silvia and sandy",BookRestaurant
Play music from 1960,PlayMusic
weather forcast for current location now,GetWeather
look for the saga called Death in Paradise,SearchCreativeWork
For the current essay I rate 1 out of 6,RateBook
Weather for four weeks from now in Oregon,GetWeather
Is it hot in Wind Ridge Guam,GetWeather
Search for Polish Assault,SearchCreativeWork
Can you add psycho to Canciones que lo van a petar ?,AddToPlaylist
Where is the nearest movie theatre I can go watch films today?,SearchScreeningEvent
"I would like to add to my plalist, Visjoner onto the old school metal one",AddToPlaylist
Will there be a snowstorm in Taberville,GetWeather
Play Verjamem track by Hong Junyang .,PlayMusic
play Wait Until Tomorrow,PlayMusic
find a soundtrack for Lords of the Rising Sun,SearchCreativeWork
What is the closest cinema today playing animated movies ?,SearchScreeningEvent
Is Live from Sturgis 2006 playing at four o'clock at the nearest cinema ?,SearchScreeningEvent
I want to give Nautch Girls of India four out of 6 points,RateBook
Can you play the newest record from 1966 by Tony Lee,PlayMusic
"I'd like to book a brasserie in Virginia City , GA .",BookRestaurant
"Can I get a restaurant reserved in Luquillo , District Of Columbia ?",BookRestaurant
Find the schedule for The Nightmare six hours from now at the nearest cinema .,SearchScreeningEvent
my great grandfather and I would like to get together at a taverna .,BookRestaurant
what animated movies are showing nearby,SearchScreeningEvent
Will it be hotter today in Holtwood,GetWeather
Add in the heart of the world to the Epic Gaming playlist,AddToPlaylist
Book a reservation for 4 at a bar serving corn relish,BookRestaurant
Check the forecast for Natchaug State Forest,GetWeather
When is City of Angels playing?,SearchCreativeWork
play Morning Song,PlayMusic
find book In the Valley,SearchCreativeWork
Add album to all out 00s,AddToPlaylist
Book a table for 8 at a restaurant that serves far breton .,BookRestaurant
book a spot at a restaurant faraway from 138th St,BookRestaurant
Please find me the movies playing nearby,SearchScreeningEvent
add 21 AT 33 to the playlist called wake up everybody,AddToPlaylist
will it be warmer in Ristigouche Ecological Reserve on nov. the twentieth,GetWeather
Look up The Dock of the Bay show,SearchCreativeWork
Play Maggot Brain by Albano Carrisi,PlayMusic
Play fifties music by Ahmed Abdul Malik,PlayMusic
What is the movie schedule for movies in the neighbourhood,SearchScreeningEvent
What time is The Graduates of Malibu High playing at Cobb Theatres,SearchScreeningEvent
Book a table for ten for breakfast in Minnesota .,BookRestaurant
find National Amusements showing The Sea Is Behind,SearchScreeningEvent
List movie schedule,SearchScreeningEvent
where do I see the trailer for Live Dates,SearchCreativeWork
Play the playlist introspective,PlayMusic
play Kurt Cobain ballad tunes,PlayMusic
party of four somewhere in SD,BookRestaurant
Add tara blaise to my power gaming playlist,AddToPlaylist
Play some Matthew Sweet music from around 1996 on Spotify,PlayMusic
play The Insoc Ep,PlayMusic
rate The Stone Key a 5,RateBook
I need a table for 1 minute from now at any pub for five around IN that also serves fisn'n chips .,BookRestaurant
show movie schedule,SearchScreeningEvent
Rate the current essay 4 out of 6,RateBook
Please add Jency Anthony to my playlist This Is Mozart,AddToPlaylist
Help me locate The Tristan Betrayal,SearchCreativeWork
Is it going to be hotter in D'Lo,GetWeather
Play That Stubborn Kinda Fellow by Michael Amott,PlayMusic
Find a reservation at Sunset at a gastropub for 2 people,BookRestaurant
play something from the twenties,PlayMusic
give this current novel a three,RateBook
book a spot for 2 at a restaurant in Mayotte at 0613 AM,BookRestaurant
give The Rosales Saga 2 of 6,RateBook
Play some soul music,PlayMusic
rate the book Indiana Jones and the Dance of the Giants 5 out of 6 stars,RateBook
Add Frank Beard to my latin pop classics playlist.,AddToPlaylist
Will it be temperate next wed. in Athol in the Federated States Of Micronesia,GetWeather
Play my springtime playlist.,PlayMusic
Tell me the weather forecast for Douglas State Forest,GetWeather
what is the Philippines forecast for humid weather,GetWeather
Book a restaurant in Michigan for 4 people.,BookRestaurant
Book a restaurant at a steakhouse around in town that serves empanada for me and my son,BookRestaurant
"book a restaurant in McMurray on august seventeenth for marjorie vasquez, edith and martina",BookRestaurant
What is the weather like in Wallis and Futuna ?,GetWeather
What's the weather forecast for Sweden on Oct. the fifth ?,GetWeather
Forecast in Layhigh,GetWeather
find Manthra Mothiram at Century Theatres,SearchScreeningEvent
Play most popular from Nil Burak on Slacker,PlayMusic
Is it forecast to be windy here in seven seconds ?,GetWeather
I need a table at T-Rex for nine in Brunei,BookRestaurant
add The Game to 80'S PARTY,AddToPlaylist
Will it get foggy in Spring Hill ?,GetWeather
What time does Military history of African Americans play,SearchScreeningEvent
add this tune by Kurt James to the playlist latin pop classics,AddToPlaylist
Play Rock This playlist with Badonviller Marsch,AddToPlaylist
Is it cold in Brian Head,GetWeather
I need a table at The Middle East in MN for a party of 6,BookRestaurant
Please play me a top nineties theme song,PlayMusic
11 seconds from now find a cinema with First Monday in October,SearchScreeningEvent
Can you play The Change Is Made on Netflix,PlayMusic
what's the forecast for my current location,GetWeather
Look for Global Clubbing The Netherlands .,SearchCreativeWork
Play something from 1985 by Billy Werner,PlayMusic
Where can I buy a photograph called Feel the Love ?,SearchCreativeWork
Can you play an ep by Tatjana Iwanowna Bulanowa,PlayMusic
Give the book The Adventures of James Bond Junior 003½ 2 points for a rating.,RateBook
Play me a song by Linn Berggren from Spotify,PlayMusic
I need a reservation for four minutes from now for 3 people in the Falkland Islands,BookRestaurant
I need a reservation for my teens and I six months from now in Tennessee,BookRestaurant
I want to eat close by East Brady for seven people,BookRestaurant
Add Jack Be Nimble to my reggae bombastic list,AddToPlaylist
play Darude,PlayMusic
Reserve a place to eat on march fifteenth in China within the same area .,BookRestaurant
Add the tune to bandas sonoras,AddToPlaylist
"What time is Careful, He Might Hear You playing at the cinema",SearchScreeningEvent
I rate Shadow of Suribachi at five stars .,RateBook
I rate Mosses from an Old Manse a 0,RateBook
Look for the Kiss the Girls game,SearchCreativeWork
put paula abdul on Musica Española 2017,AddToPlaylist
I need a table for 4 in Florida,BookRestaurant
What is the weather not far from Upper Klamath National Wildlife Refuge ?,GetWeather
add track to my global top 50,AddToPlaylist
what is the British Virgin Islands forecast for next november,GetWeather
Put Slimm Cutta Calhoun on my Songs to Sing in the Car playlist,AddToPlaylist
Add a rating of zero points out of 6 to The Inheritance of Loss,RateBook
"what will the weather be in Lago Vista on October fourteenth, 2022",GetWeather
add this tune by mopreme shakur to the Party ¡Fiesta playlist,AddToPlaylist
find a television show called Sensation Comics,SearchCreativeWork
Show me the television show called South California Purples,SearchCreativeWork
Play some folk-rock music,PlayMusic
How temperate will it be here this week ?,GetWeather
Play some dance music,PlayMusic
find a saga called Shame on You,SearchCreativeWork
find a cinema closest with animated movies,SearchScreeningEvent
List movie times at Megaplex Theatres,SearchScreeningEvent
book a table in Sterling Run for two with a pool and food court,BookRestaurant
find the closest showing of The Taste of Others at a cinema,SearchScreeningEvent
what is the weather forecast for Åland,GetWeather
me and my mummy want to go to an indian bar next winter within the same area of Cortelyou Rd,BookRestaurant
What is the weather like in Colorado ?,GetWeather
book a bar close by with a smoking room in MA,BookRestaurant
how much rain are we getting in current position,GetWeather
Buy novel Brokeback Mountain,SearchCreativeWork
Lets go to a steakhouse before we go to the pool,BookRestaurant
Play Tanti Auguri A Te from Bruce Gilbert,PlayMusic
I need another tune in my legendary guitar solos playlist.,AddToPlaylist
I'd like to eat salads at a restaurant,BookRestaurant
What movies are playing one hour from now at Cooper Foundation ?,SearchScreeningEvent
Play ballad music by Jeff Lynne .,PlayMusic
Find the schedule for Screen Souvenirs at Cinemark Theatres .,SearchScreeningEvent
Find me the book My People Were Fair and Had Sky in Their Hair… But Now They’re Content to Wear Stars on Their Brows,SearchCreativeWork
I need a restaurant in Indonesia for 7,BookRestaurant
Which Cinemark Theatres is playing A Is for Atom ?,SearchScreeningEvent
put artist Serenata onto my Massive Soca Hits list,AddToPlaylist
forecast for Antelope Island and other spots within the same area,GetWeather
book a spot at the best steakhouse in Florida,BookRestaurant
Play the album Axum,PlayMusic
add this track to my Gold School playlist,AddToPlaylist
Play music by Janet Paschal,PlayMusic
Will there be snowfall in KY ?,GetWeather
What animated movies are playing in the neighbourhood and when?,SearchScreeningEvent
Please search the Karobar Economic Daily picture .,SearchCreativeWork
show creative Labor Notes,SearchCreativeWork
Book me a popular restaurant reservation at a brazilian delicatessen,BookRestaurant
Play me a 2015 soundtrack on Netflix,PlayMusic
what time is Bordertown Trail showing,SearchScreeningEvent
Find me the album The Weed Tree .,SearchCreativeWork
"Book a table at Grecian Coffee House for 7 on Apr. 7th, 2024",BookRestaurant
Find the Burn the Sky Down album,SearchCreativeWork
Book reservations at a restaurant in MI seven weeks from now,BookRestaurant
Find the saga A Very School Gyrls Holla-Day .,SearchCreativeWork
Play me a song from 2016,PlayMusic
Put Strange Days onto the Fusion Fest playlist.,AddToPlaylist
What is the predicted weather on mar. 27 for Farragut State Park ?,GetWeather
rate this essay zero of 6 points,RateBook
Where can I watch the picture I’ll Take Care of You ?,SearchCreativeWork
I gave the current chronicle a 3 of 6,RateBook
Can you get me the Rakuen Tsuihou Expelled from Paradise television show ?,SearchCreativeWork
add back porch spirituals to my Hit Remix playlist,AddToPlaylist
I need a reservation for eight for a brasserie that serves spanish rice,BookRestaurant
Find the movie schedule for close by films .,SearchScreeningEvent
"What's the weather like in Boca Raton , IA",GetWeather
Can you play a song from the newest movement by prince on Lastfm,PlayMusic
What time is American Gun playing,SearchScreeningEvent
Will there be a cloud here at 065020,GetWeather
Find the schedule for Evening Clothes in 1 second .,SearchScreeningEvent
What's the weather going to be like around Lewis and Clark Trail sixteen hours from now ?,GetWeather
add the artist Jamie T to hallie's winter music playlist,AddToPlaylist
Looking for the trailer for Shaolin Temple,SearchCreativeWork
Play Justin Broadrick 's music on Slacker .,PlayMusic
I need to see Cristo in India,SearchCreativeWork
Add this artist to my Morning Rhythm playlist,AddToPlaylist
book a gastropub serves waffle for 8,BookRestaurant
find nearby movies,SearchScreeningEvent
find the trailer for On the Good Ship Lollipop,SearchCreativeWork
Play a song from 1994 .,PlayMusic
listen to tei movement from most popular eighties music,PlayMusic
Rate this novel three out of 6,RateBook
is it going to be foggy in Jewell Cemetery State Historic Site 7 weeks from now,GetWeather
Add a track to my dinner playlist,AddToPlaylist
add artist to my playlist i love my 80's rollerdisco,AddToPlaylist
add Tatico Henriquez in my playlist called bleeps & bloops,AddToPlaylist
play some sixties music,PlayMusic
Add Spanish Harlem Incident to cleaning the house,AddToPlaylist
Add album to my party with friends,AddToPlaylist
book midday at a faraway cuban place for five at a top-rated bakery in Grainola,BookRestaurant
find a soundtrack called Billboard Hot R&B Hits 1981,SearchCreativeWork
what is the Bolsa Chica State Beach forecast for foggy conditions,GetWeather
I need some Hardcore Hip Hop,PlayMusic
"What is the weather prediction for Acworth , North Korea in six years",GetWeather
Open groove shark and play Jason Mizell,PlayMusic
I want to add a tune to my spanish metalblood playlist,AddToPlaylist
Add another tune to my Pumping Iron playlist.,AddToPlaylist
I rate Monster Mythology 3 points .,RateBook
Add the name Not Fade Away to the playlist the midnight hour,AddToPlaylist
play chant music from 1993,PlayMusic
I want a table for 8 in Plain on Aug. 5,BookRestaurant
rate this essay four out of 6 points,RateBook
Rate the current series a one,RateBook
Give the current series a two,RateBook
"Tell me if it will be hotter in seven hours in Doyle , United States",GetWeather
what is the weather of East Portal KS,GetWeather
"What will the weather be like in the Falkland Islands starting may 25, 2022",GetWeather
get me a reservation at a brasserie that serves jain in Pinto,BookRestaurant
Find me the show Krypto the Superdog,SearchCreativeWork
What is the weather like at Basaseachic Falls National Park,GetWeather
Play Kim Wilde by Mike Scott on Slacker,PlayMusic
Rate this current essay four out of 6 .,RateBook
How temperate will it be in Blyde River Canyon Nature Reserve on jul. the 18th ?,GetWeather
Showtimes for animated movies fro Goodrich Quality Theaters .,SearchScreeningEvent
Can you get seating for 1 person at a cafeteria in Pauls Crossroads,BookRestaurant
is Saint Robert hotter than Turkmenistan,GetWeather
"I need to know the weather for Hamorton , TN",GetWeather
I want to hear some music from Groove Shark,PlayMusic
Add the song to the martin garrix show playlist,AddToPlaylist
What animated movies are playing at the closest movie theatre,SearchScreeningEvent
Add rating of 5 to this novel,RateBook
put Michael Cretu onto my Beach Vibes playlist,AddToPlaylist
Play an Andy Silvester sound track from the thirties on Spotify,PlayMusic
Please book a restaurant for nine members on august 25 in DC,BookRestaurant
Play me some music on Deezer,PlayMusic
Add this track to my Dance Workout playlist,AddToPlaylist
I want to listen to Speed Metal Symphony,PlayMusic
show weather forecast for Dovre-Nationalpark,GetWeather
courtney and ruby want to eat at a restaurant three years from now,BookRestaurant
Add changes & things to hot 50 playlist,AddToPlaylist
give 5 points to The Deathlord of Ixia,RateBook
"Book The Crown at Whitebrook in the Solomon Islands for Dec. the twenty-third, 2029 .",BookRestaurant
Give the current novel 4 of 6 stars,RateBook
find Plitt Theatres showing animated movies,SearchScreeningEvent
What's the weather forecast for Coats ?,GetWeather
Play the music of Aphex Twin 's good Album,PlayMusic
find the video game called Turnin Me On,SearchCreativeWork
Please add this song to indiespain list,AddToPlaylist
play 1970 trunes,PlayMusic
add bulat schalwowitsch okudschawa to retro pop,AddToPlaylist
Book an indonesian brasserie for seven people the day after tomorrow in Hawaii .,BookRestaurant
Add album to Acoustic Spring,AddToPlaylist
Rate the current novel 3 of 6 stars,RateBook
What films can I see at Malco Theatres ?,SearchScreeningEvent
What is the movie schedule for movies close by,SearchScreeningEvent
give Portions from a Wine-stained Notebook Short Stories and Essays 0 points,RateBook
"Add sugarolly days to my list, your favorite slaughterhouse",AddToPlaylist
I'm looking for the novel From a Scream to a Whisper,SearchCreativeWork
Play a song by David Silveria from 2002 on Zvooq .,PlayMusic
I need a reservation for around London Borough,BookRestaurant
Show the movie schedule,SearchScreeningEvent
movie schedule at Cinemark Theatres,SearchScreeningEvent
list movie times with meal,SearchScreeningEvent
Use the service Itunes to play melody from 1998,PlayMusic
play To Be Still,PlayMusic
Where is Road to the Stage playing,SearchScreeningEvent
What's the weather in Mettawa Oklahoma,GetWeather
What time is Last Exit to Brooklyn playing at movie house ?,SearchScreeningEvent
Give Souls in Metal four out of 6 points,RateBook
Play my funtime playlist on lastfm .,PlayMusic
find Heat Wave,SearchScreeningEvent
Find The Cartel Vol. 2 novel,SearchCreativeWork
I want to book a doughnut bar in AMerican Samoa,BookRestaurant
add Roger Nichols to Punk Rock Workout,AddToPlaylist
What will be the wind speed around Pembina Gorge State Recreation Area October the 27th ?,GetWeather
"Will there be a storm in Palm City , WV ?",GetWeather
I want eat at the best spanish restaurant in the Georgia area that is within walking distance for me and my nephew at noon,BookRestaurant
Show the forecast nearby in twenty two minutes in French Polynesia,GetWeather
book a table for vermicelli at a restaurant,BookRestaurant
What movies are showing at the nearest movie house ?,SearchScreeningEvent
Weather for Burr,GetWeather
What is the song The Beast from 20 ?,SearchCreativeWork
I wish to give this textbook a zero out of 6 points,RateBook
Book reservations at a highly rated bar on 11/23/2031,BookRestaurant
Find out what films are being played in the neighbourhood,SearchScreeningEvent
I'm looking to find Kiss Me Goodbye .,SearchCreativeWork
put this Kan Mikami tune on fresh finds cyclone,AddToPlaylist
was the weather colder last August at Stunt Ranch Santa Monica Mountains Reserve,GetWeather
add track to This Is Zezé Di Camargo & Luciano playlist,AddToPlaylist
play the album Journeyman,SearchCreativeWork
Can you pull up a movie schedule for me?,SearchScreeningEvent
Book a reservation for seven people at a highly rated restaurant that serves moroccan food in East Greenville,BookRestaurant
Book the Bobcat Bite in the Isle of Man for 6 people.,BookRestaurant
Can you pull up The Sanford Herald,SearchCreativeWork
I'm looking for a picture titled Rock Painting,SearchCreativeWork
I give the rating of 1 of 6 stars for this novel,RateBook
What time is Crush and Blush playing at Kerasotes Theatres,SearchScreeningEvent
When are the movie schedules,SearchScreeningEvent
Show the Chemdex.com photograph,SearchCreativeWork
What's the weather in my current spot the day after tomorrow,GetWeather
Add Geschwisterliebe to my string theory playlist.,AddToPlaylist
I'd like a movie schedule for a close by movies,SearchScreeningEvent
Give this essay a rating of 5 .,RateBook
I rate Vivian Grey three .,RateBook
Play On My Own,PlayMusic
add NIB to fay's brooklyn beat playlist,AddToPlaylist
Please look up the Around the World in Eighty Days movie .,SearchCreativeWork
I want a table to seat 10 at a close-by to Ottumwa that serves osteria and ranch dressing .,BookRestaurant
I give this current book four stars and a rating of 6,RateBook
What time is Just Around the Corner playing,SearchScreeningEvent
Play the most popular music from Nat Stuckey on Itunes .,PlayMusic
Find the schedule for Grand Canyon Trail .,SearchScreeningEvent
What will the humidity be like on june eighteenth in my current location,GetWeather
How is the weather far from my current place in 42 weeks ?,GetWeather
Play tuomas holopainen 's The 21 Project .,PlayMusic
Book a table for ten people in Eucalyptus Hills .,BookRestaurant
I need a table at The Apple Pan for reva and bernadine,BookRestaurant
Reserve a table for ten people in Brenham in 5 years .,BookRestaurant
Please play good music by Will Oldham .,PlayMusic
Can you play something off my Kids Workout playlist on Groove Shark,PlayMusic
Book a table for eight people please,BookRestaurant
What is the nearest movie theatre playing Kate y Leopold ?,SearchScreeningEvent
Show me Heavenly Sword,SearchCreativeWork
Is it going to be warmer in Town Kelloe Bank ?,GetWeather
Please look up the Beauty on the Fire show .,SearchCreativeWork
What will the weather be here 14 minutes from now within walking distance ?,GetWeather
"what is the forecast starting on september 1, 2039 for chillier conditions in AK",GetWeather
What's the movie schedule for films in the neighbourhood,SearchScreeningEvent
I want to put this song in my new boots playlist,AddToPlaylist
show creative video game In My Own Backyard,SearchCreativeWork
Will it be warm in Hematite ?,GetWeather
Book me a restaurant where I can get a burrito,BookRestaurant
"I want to listen to an album sorted by last , open Google Music and play Paulinho Da Viola .",PlayMusic
show schedule for Cin cin,SearchCreativeWork
add armand van helden to my black sabbath the ozzy years playlist,AddToPlaylist
Play music by artist mark ashley,PlayMusic
find a TV show called Full House,SearchCreativeWork
Add camille to the This Is Lady Antebellum playlist,AddToPlaylist
find Becoming Royston,SearchCreativeWork
I am giving this current textbook zero out of 6 stars,RateBook
The Rats of Hamelin deserves zero points,RateBook
Find Reverence for me,SearchCreativeWork
Play Night Electric Night on Iheart,PlayMusic
I have to give this current essay a rating of three,RateBook
Find the schedule for Metallica Through the Never .,SearchScreeningEvent
Book a reservation for seven people at a steakhouse in Kenya,BookRestaurant
Book reservations for five at Eleven Madison Park today within walking distance from Flaxton,BookRestaurant
I need a reservation for Red Square on aug. the 9th,BookRestaurant
Give me the weather forecast for here,GetWeather
Can you play some music on Youtube,PlayMusic
book a restaurant this year in Manning,BookRestaurant
add tune to my playlist ironing,AddToPlaylist
Give A Kentucky Cardinal four points,RateBook
What are the morning movie schedules for movies in the neighborhood ?,SearchScreeningEvent
Tell me what movies are showing at seven am at the closest movie house .,SearchScreeningEvent
Where can I find the picture of House Foundation,SearchCreativeWork
Can you put tire me onto my new music friday latin playlist?,AddToPlaylist
Reserve a table for 8 in neighboring Hitchland .,BookRestaurant
Play the best song by Henry Rollins .,PlayMusic
Would like to find the trailer for An Experiment with Time,SearchCreativeWork
Will it get chillier here ?,GetWeather
Play some Erin Harkes from the fifties on Lastfm .,PlayMusic
give 3 out of 6 to current textbook,RateBook
What's the forecast for Belize around meal time?,GetWeather
Will it be cloudy not far from Allenton,GetWeather
"Will it get colder in Camp San Saba , Latvia in one minute and eight seconds",GetWeather
Find a TV series called Cocktail Kings .,SearchCreativeWork
"Can you find me the work, Frisbee The Life and Death of a Hippie Preacher ?",SearchCreativeWork
I want to hear the Live At Slane Castle album by Haifa Wehbe,PlayMusic
Can you locate West Coast Wrestling Connection,SearchCreativeWork
I want to add this bon scott song to my Post-grunge list,AddToPlaylist
find a game called Gladiators Australian Series 1,SearchCreativeWork
Contemporary Religious Satanism gets a rating of 3 .,RateBook
add El valle del Jarama to my working day playlist,AddToPlaylist
Play a trailer for Sencha Touch,SearchCreativeWork
Show me It Might as Well Rain Until September,SearchCreativeWork
Look for a photograph of I Wanna Sex You Up,SearchCreativeWork
find the television show Riding with the King,SearchCreativeWork
"Make a reservation in a popular sicilian bar place nearby , for me only, tomorrow",BookRestaurant
play a 1983 concerto by Ayaka on Itunes,PlayMusic
I'm looking for the CineExport painting .,SearchCreativeWork
I rate Wideacre five of a possiable 6,RateBook
Book a restaurant in WI at 132234 for 9 people.,BookRestaurant
Play me some Terror music,PlayMusic
add the artist cho kyu hyun to Funky Jams,AddToPlaylist
Find a movie schedule for 12 hours from now .,SearchScreeningEvent
edit Aux Cord Privileges playlist by putting this tune on it,AddToPlaylist
Please look up the painting Beyond Iconic Photographer Dennis Stock .,SearchCreativeWork
I would give The Call of the Toad a value of zero and a best rating of 6,RateBook
I want a table for my grandson and I somewhere in Arkansas,BookRestaurant
put this song by rayvon on my all out 80s playlist,AddToPlaylist
Play Harel Skaat,PlayMusic
"this book isn't good , I'd rate it two out of 6 stars .",RateBook
Book a reservation for three at Clinton Street Baking Company & Restaurant,BookRestaurant
Find a movie called No. 1 In Heaven .,SearchCreativeWork
Add Joe McPhee to my picnic in the park play list,AddToPlaylist
show movie schedule at Cinemark Theatres,SearchScreeningEvent
"I give Emile, or On Education five points .",RateBook
I need a reservation for next week with a party of six,BookRestaurant
I'd like to see the picture TeleForm,SearchCreativeWork
add Of Rivers and Religion to my sexy as folk playlist,AddToPlaylist
I want to put a copy of this tune into Skatepark Punks,AddToPlaylist
rate this novel a 4,RateBook
rebekah taylor and marcie need reservations at The Clink in Senegal .,BookRestaurant
Book me a table for two in Oakes .,BookRestaurant
put four rating on The Raging Quiet,RateBook
what is the weather of New Jersey Palisades at three hundred three days from now,GetWeather
book a table at Top Pot Doughnuts in 16 hours for 5,BookRestaurant
Please book me seating at the food court in Hazel Green for nine,BookRestaurant
play good Classified songs on Vimeo,PlayMusic
find the show How to Meet the Lucky Stars,SearchCreativeWork
I want to give The Coming of the Terraphiles a rating of 1 .,RateBook
Rate the current textbook 3 of 6,RateBook
Is it going to be cold 21 weeks and a half from now in Salemburg,GetWeather
find the song titled The Mole Show Live at the Roxy,SearchCreativeWork
Play the most popular Johnny Clarke on Deezer .,PlayMusic
What's the weather forecast for Seychelles ?,GetWeather
add Defined by Struggle to Chillin' on a Dirt Road to my playlist,AddToPlaylist
Search for The Toucher and Rich Show,SearchCreativeWork
Add this John Tesh tune to the friendesemana playlist,AddToPlaylist
find a movie house with Hollow Reed,SearchScreeningEvent
What's the weather in Burns,GetWeather
Is it humid in Otsego Réunion,GetWeather
Is it warmer in Lothian Island Wildlife Sanctuary,GetWeather
Please find me The Hanging Valley movie .,SearchCreativeWork
rate The Road to Reality A Complete Guide to the Laws of the Universe two points,RateBook
Play ep from Quasimoto from the nineties,PlayMusic
I want to give this album 3 points,RateBook
Play Out From Under from Hurricane Chris,PlayMusic
where can i watch Willy Wonka & the Chocolate Factory,SearchScreeningEvent
Play a 2013 song on Groove Shark,PlayMusic
Find the schedule for close by movies .,SearchScreeningEvent
Rate this book a five,RateBook
The Postman is awful and only gets a 1 out of 6 .,RateBook
Is it forecast to be stormy close to Nimule-Nationalpark 1 hour from now ?,GetWeather
add track to my Cloud Rap,AddToPlaylist
Add tunnel rats to my Rhythm and Blues playlist,AddToPlaylist
"Is it going to be freezing in Mahwah Missouri on december the fifth, 2025",GetWeather
I'm looking for the work titled Converging Conspiracies,SearchCreativeWork
Please put maimi yajima 's song onto Operación Bikini .,AddToPlaylist
Lets hear some Dawood Sarkhosh from their The Power Of Your Love album from Groove Shark,PlayMusic
Book a restaurant in Belgium for ten in 24 weeks .,BookRestaurant
add this song by deron miller to my party on fridays playlist,AddToPlaylist
Is it warm in Albania at noon,GetWeather
what's the weather going to be like in Angola twenty minutes from now,GetWeather
"Where do i purchase the book , Baby-Sittor ?",SearchCreativeWork
search for television show Windows Live TV,SearchCreativeWork
give 0 out of 6 stars to this album,RateBook
Play some music using slacker,PlayMusic
Add tune to my hot 50,AddToPlaylist
"Show me weather forecast in Clontarf , KY from 4 hours from now .",GetWeather
this album deserves to be rated one out of 6 !,RateBook
"Is it warmer now in Wetumpka , Mauritania ?",GetWeather
when is Good Will Evil playing at Loews Cineplex Entertainment,SearchScreeningEvent
add Madchild to Electro Latino,AddToPlaylist
The book Organization of Behavior deserves two points .,RateBook
what is the weather of Nebraska,GetWeather
what is the chilly forecast for Mustoe North Carolina,GetWeather
will the weather be colder in Naguabo four minutes from now,GetWeather
I want to book a pizza restaurant close to Astor Place for nine at 3 am,BookRestaurant
this novel gets 1 star,RateBook
What's the weather far away in Estonia ?,GetWeather
I need seats for 10 at a highly rated restaurant,BookRestaurant
Forecast for Switzer,GetWeather
"I need to episodes for the TV series , Fast Food Nation .",SearchCreativeWork
Find the schedule for The Tale of Sweeney Todd at seven o'clock .,SearchScreeningEvent
play soem nineties Charles Thompson,PlayMusic
Book a restaurant for one for this month .,BookRestaurant
Show me the movie schedules,SearchScreeningEvent
Show The Collectors video game,SearchCreativeWork
show movie schedule for animated movies in the neighborhood,SearchScreeningEvent
Give the current essay 5 out of 6 points .,RateBook
Play some eighties music.,PlayMusic
Please search for the TV series titled I Need Romance .,SearchCreativeWork
book a eggo serving brasserie for ten,BookRestaurant
Play a new song form the eighties,PlayMusic
What's the weather forecast for here ?,GetWeather
Tell me if it will rain on 4/19/2030 in Angola,GetWeather
Add histoire de melody nelson to my 90's Baby Makers playlist,AddToPlaylist
me and edith want to eat in Coventry Lake,BookRestaurant
Play the last Wellman Braud album relaesd,PlayMusic
whats the weather in Irma,GetWeather
add one and only to my once upon a time playlist,AddToPlaylist
Where can I find Thor Meets Captain America ?,SearchCreativeWork
Find a soundtrack called The Dragon .,SearchCreativeWork
I want a table for eight at GU,BookRestaurant
I need the movie Kids in Love at the movie house,SearchScreeningEvent
add the artist to my Spooning playlist,AddToPlaylist
I want to rate the saga The Italian two to 6 points .,RateBook
"Is it freezing in Offerman , California ?",GetWeather
add this album to my Mediodía Acústico playlist,AddToPlaylist
Play Kisaki on Pandora,PlayMusic
Include in my dreams in the this is new edition playlist.,AddToPlaylist
Play the greatest ballad from the seventies,PlayMusic
I want to book a table for two at a close by bar in Kuwait .,BookRestaurant
What time is Thick as Thieves playing at Santikos Theatres ?,SearchScreeningEvent
Want to find a photograph called The Nine Maidens,SearchCreativeWork
what is the current position forecast for starting on July 22,GetWeather
Put a Bunky Green tune into the Phunkadelic playlist.,AddToPlaylist
Play an ep by Uncle Jimmy Thompson,PlayMusic
"I need a weather forecast for São Tomé and Príncipe on December 8th, 2026",GetWeather
"I need a reservation for february 27, 2020 at a bar that serves paté",BookRestaurant
"please book a room in Spaghetti Warehouse for catalina, delores and brandie mendoza at 12 AM",BookRestaurant
I want to watch Uproar in the Studio at the nearest cinema,SearchScreeningEvent
Book an outdoor restaurant .,BookRestaurant
give one out of 6 to Encyclopedia Magica chronicle,RateBook
Play music from negerpunk,PlayMusic
What is the cheapest price for the saga called 2006 Wikipedia CD Selection ?,SearchCreativeWork
Weather here at two pm,GetWeather
Is there rain now in Maine,GetWeather
add album to bajo las estrellas,AddToPlaylist
put this tune playing into my La Mejor Música Dance 2017 playlist,AddToPlaylist
I'd give the current essay five points,RateBook
I want to hear a Silvia Night ep from the sixties,PlayMusic
I give the last textbook one out of 6 points .,RateBook
Play Pirates of the Caribbean Online,SearchCreativeWork
Play some music on Itunes,PlayMusic
add this track to anne's playlist named Just Smile,AddToPlaylist
Play funtime activity,PlayMusic
Find and book me a taverna restaurant in Gilluly that serves lobster newberg,BookRestaurant
Show The Caveman television show,SearchCreativeWork
Rate Three Men Out a three,RateBook
What will the weather be one hour from now in AS ?,GetWeather
What is the forecast for this Fall in Lesotho,GetWeather
Where can I find Paranormal Activity 3 playing near me 1 hour from now,SearchScreeningEvent
I want to view the picture In Old Monterey .,SearchCreativeWork
Rate Voyage in the Dark 3 of 6,RateBook
I want to give the current textbook 0 out of 6 stars,RateBook
add this Rob Campanella tune to psychedelic rock,AddToPlaylist
Play the top ten by Andrea Del Rosario .,PlayMusic
I need a table for one,BookRestaurant
what movies are on the movie schedules for five hours from now in the neighbourhood,SearchScreeningEvent
add Metal Church to my playlist named Stress Relief,AddToPlaylist
Is it forecast to be temperate here ?,GetWeather
Rate Deception a one,RateBook
"book a gastropub that serves pansette in Skaneateles , Pennsylvania",BookRestaurant
Show me the movie times at Star Theatres,SearchScreeningEvent
find the TV series The Parent Trap IV Hawaiian Honeymoon,SearchCreativeWork
Add this song to my lo que suena new york playlist,AddToPlaylist
I want to play the video game The Coyote Kings of the Space-Age Bachelor Pad,SearchCreativeWork
Show me the video game The Stillest Hour,SearchCreativeWork
put this tune on Guest List TaKe,AddToPlaylist
add this artist to FIFA 17 Soundtrack,AddToPlaylist
Add htoo ein thin to my brooklyn beat playlist.,AddToPlaylist
Rate Eight Days of Luke a five .,RateBook
hows the weather looking for Kendall Green Maryland,GetWeather
Add Jon McLaughlin to my forever country playlist.,AddToPlaylist
show creative song called Holidays on the River Yarra,SearchCreativeWork
Book a table for four around midnight in Saint Pierre and Miquelon .,BookRestaurant
book a joint for Feb. the seventh in Oklahoma within walking distance for six that is highly rated,BookRestaurant
find movie times,SearchScreeningEvent
Add maki ohguro to the rock hard playlist,AddToPlaylist
Payette National Forest is cold weather and have lunch within walking distance,GetWeather
what's the nearest cinema showing The Death of Stalinism in Bohemia 1 second from now,SearchScreeningEvent
Open Youtube and play Renaldo Lapuz record from the eighties,PlayMusic
rate the series The Quantity Theory of Insanity 1,RateBook
Show me a picture of Love,SearchCreativeWork
Will there be a blizzard in Egypt on Jul. 3 ?,GetWeather
Find movie times for Century Theatres .,SearchScreeningEvent
My current textbook should have a rating value of 5 and a best rating of 6,RateBook
what animated movies are playing at Fox Theatres,SearchScreeningEvent
Is the forecast colder in Idaho 1 second from now,GetWeather
On 10/14/2026 I have two people to eat at Coney Island Hot Dog Stand,BookRestaurant
Rate Gota’s War a one,RateBook
Add a track to my playlist funk outta here,AddToPlaylist
I'd give the Quotations from Chairman Mao Tse-tung saga two of 6 stars,RateBook
Play music by Don Cherry .,PlayMusic
Play 1993 theme music,PlayMusic
What are the selections of films that are being shown at Cinemark Theatres ?,SearchScreeningEvent
add Koichi Sugiyama to WHM,AddToPlaylist
add tune Papa Bue to éxitos españa playlist,AddToPlaylist
Will it be stormy in Olmitz Connecticut,GetWeather
"Please book me a restaurant reservation at First Watch in Douglas , Maine .",BookRestaurant
Play my Hot 50 playlist.,PlayMusic
Find a table for madge and tami at a faraway joint on Sterling St that serves chicken divan,BookRestaurant
add this teddy charles album to this is pavarotti my playlist,AddToPlaylist
Give Northern Lights Audio 5 / 6 points,RateBook
give this album a 4 out of 6,RateBook
What will the the weather be like close to Bailey's Crossroads at 050034 am ?,GetWeather
play Piano Ballads on Netflix,PlayMusic
This current album deserve 0 points and a best rating of 6,RateBook
Play a song from Helena Iren Michaelsen on Spotify,PlayMusic
Please let me know the weather forecast in Louisiana state,GetWeather
play Ngola Ritmos top-ten songs,PlayMusic
I think Memorial Day should have a rating value of 3 and a best rating of 6,RateBook
When will The Honor of an Outlaw be showing?,SearchScreeningEvent
Find A World Apart .,SearchCreativeWork
what is the MT forecast for 22,GetWeather
What films are at the nearest movie theatre,SearchScreeningEvent
I'd like to eat at a popular brasserie in Chile with a party of 5,BookRestaurant
I need a popular moroccan cafeteria,BookRestaurant
I'd like to watch The Holy Office at Cooper Foundation,SearchScreeningEvent
Put this tune on All A Cappella,AddToPlaylist
Tell me the weather forecast for 10/21/2024 in Metamora,GetWeather
Book a reservation for me and my step sister in Nebraska in two seconds,BookRestaurant
find The Swindlers at the closest movie house,SearchScreeningEvent
Give this saga a 5 out of 6 rating.,RateBook
Play 2004 Guy Sebastian on Itunes,PlayMusic
Find The New Legend of Shaolin video game,SearchCreativeWork
I need a party of two reservation faraway from Atlantic Av-Barclays Ctr at a spa for fast food,BookRestaurant
showtimes for the closest movie theatre that is showing Operation Autumn,SearchScreeningEvent
I would like reservations to a popular pub in Burkina for 10 people.,BookRestaurant
Can you get me seating at a pub in South Korea that serves milk toast for supper,BookRestaurant
put Bring Me Down onto my tokyo rising playlist,AddToPlaylist
add The Green Book in my playlist Mellowed Out Gaming,AddToPlaylist
give a 1 to A Thousand Lies,RateBook
What channel does the television show The RoxBox play on?,SearchCreativeWork
Please find the TV series Back to Bach,SearchCreativeWork
Find Fragile Frontiers The Secret History of Mumbai Terror Attacks .,SearchCreativeWork
Add Maria Magdalena to my poetry in their own voices playlist,AddToPlaylist
at my current spot is it going to be hotter on Nov. the eighth,GetWeather
I want seats for four at a place in RI,BookRestaurant
looking for Liberalism and the Limits of Justice,SearchCreativeWork
I wish to put tom baxter onto my coffee table jazz playlist,AddToPlaylist
Is the weather colder in Costa Rica,GetWeather
Weather for here right now,GetWeather
Play Tenerife Sea by Daniel Salomon on Lastfm,PlayMusic
add this artist to the playlist called Fusion Fest,AddToPlaylist
give 1 out of 6 stars to current book,RateBook
put frank farian on lydia's playlist called The Black Power Mixtape 1967 to 1975,AddToPlaylist
I want to give this book zero,RateBook
What's the weather in Springside Nature Reserve at four pm,GetWeather
Play Seasons In The Sun by Rosco Gordon on iheart,PlayMusic
show the creativity of saga The Dissociatives,SearchCreativeWork
Fine movie times for Loews Cineplex Entertainment .,SearchScreeningEvent
rate the current album two out of 6,RateBook
Look up The Making of Milwaukee,SearchCreativeWork
Play the best chant of 1975,PlayMusic
Rate this album only three points,RateBook
I need to hear the new Kevin Fowler album,PlayMusic
Please add Ruud Jolie to my playlist Guest List Polygon,AddToPlaylist
I give the Carry Me Down chronicle three of 6 points,RateBook
"Will it be freezing one second from now in Aragon , Pakistan",GetWeather
Rate Red Nails two of 6 stars,RateBook
susanne and carey phillips want to go to a brasserie not far from Pricedale that serves southern brazilian,BookRestaurant
Is it going to rain in Tonopah ?,GetWeather
add munia the tale to my playlist called Adrenaline Workout,AddToPlaylist
Book me a reservation for Fatty Crew in 13 weeks in Haskell,BookRestaurant
I'd like to watch Apocalypse 2024,SearchScreeningEvent
Please help me search the TV series A Mouse Divided .,SearchCreativeWork
Book a reservation for a southern brazilian restaurant for 10 people within walking distance of Broadway-Lafayette St,BookRestaurant
I give the previous novel one out of 6 stars .,RateBook
i want to watch The Shamrock Handicap right now,SearchScreeningEvent
I give The French Suicide 5 stars,RateBook
I'm looking for the video game Masterful Mystery Tour,SearchCreativeWork
Add roel van velzen to the night playlist.,AddToPlaylist
Play Martha My Dear by shannon .,PlayMusic
What time do the movies play at Southern Theatres ?,SearchScreeningEvent
open the Canciones del Recuerdo playlist and play songs,PlayMusic
What films are playing now at the General Cinema Corporation,SearchScreeningEvent
Play music from Hide,PlayMusic
Is it supposed to be chillier in Favoretta,GetWeather
I want to book a restaurant not far from our college .,BookRestaurant
Play the top ten theme music from 1975 by Tom Baxter,PlayMusic
find a movie house for Kickboxer 5 – Redemption,SearchScreeningEvent
What are the movie schedules at ArcLight Hollywood,SearchScreeningEvent
find a cinema closest with animated movies,SearchScreeningEvent
Is The Johnstown Flood playing,SearchScreeningEvent
Show me the game English Freakbeat,SearchCreativeWork
give five stars to The General saga,RateBook
play the Baldur’s Gate II Throne of Bhaal saga,SearchCreativeWork
Put Beside You in my spotify orchestra cello playlist.,AddToPlaylist
add come on a cone to Power Walk playlist,AddToPlaylist
give the current chronicle three points,RateBook
Evolution and the Theory of Games gets a five out of 6 .,RateBook
Show me the Landing at Low Tide painting,SearchCreativeWork
Rate Witchcraft and Paganism in Australia 1 points out of 6,RateBook
Can you find me reservations for this morning at a restaurant that serves stracciatella ?,BookRestaurant
I want to hear La Jaula De Oro by Mc Ren on Google Music .,PlayMusic
"Where can I purchase Papers in Regional Science , the album ?",SearchCreativeWork
Play Inventions For The New Season,PlayMusic
Can I get the movie schedules for Landmark Theatres,SearchScreeningEvent
I'm looking for the trailer to Evil or Divine - Live in New York City .,SearchCreativeWork
Book a table for 10 people at Dunbrody Country House Hotel in Strandburg .,BookRestaurant
book a spot for 2 at a restaurant in PW,BookRestaurant
put this artist into my found them first playlist please,AddToPlaylist
What is the weather forecast in 13 seconds in Grand Traverse Bay Bottomland Preserve,GetWeather
Pull up Mafia The City of Lost Heaven,SearchCreativeWork
I think that this book deserves a 3,RateBook
Give this album 0 stars,RateBook
I want to get reservations at a place close by for 6 people to eat in SC .,BookRestaurant
play the song Shine A Light,PlayMusic
Put this Lidell Townsell track on esenciales,AddToPlaylist
give one out of 6 points to this album,RateBook
book a table for eight in Graf far away,BookRestaurant
I give this album a 0 of 6 stars,RateBook
"Tell me if there will be a snowstorm on Sep. the second, 2028 in Olpe",GetWeather
How is colder in City of Rocks State Park around 0343 pm,GetWeather
"Play my Hardstyle, Baby playlist on Netflix",PlayMusic
play Pop 2017 Picks,PlayMusic
When is The Naked Eye playing at the closest movie theatre,SearchScreeningEvent
I'd like to watch Miss Congeniality,SearchCreativeWork
Find the schedule for Rare Birds at the nearest movie theatre at Noon .,SearchScreeningEvent
Show The Blackberry Bush show,SearchCreativeWork
add artist to lo mejor de los 00's,AddToPlaylist
Play the most popular sound track from the 2006,PlayMusic
Book me a table for nine at a bar with parking in Qatar,BookRestaurant
Search for Comedy Underground with Dave Attell,SearchCreativeWork
When will Third Person Singular Number be playing?,SearchScreeningEvent
Find movie times for close by films .,SearchScreeningEvent
What animated movies are playing at Pacific Theatres,SearchScreeningEvent
play music by Bonobo,PlayMusic
"Please look up the novel , Heroes of Annihilated Empires",SearchCreativeWork
What time are films showing at KB Theatres,SearchScreeningEvent
Please rate Think Like a Freak 3 points out of 6 .,RateBook
I need to know the weather at the Queen Elizabeth National Park,GetWeather
I'd like to watch films in 23 hours in the neighborhood,SearchScreeningEvent
book a table on 6/14/2035 at a bakery within walking distance of Equatorial Guinea that serves paella,BookRestaurant
I would like to book a frozen yogurt restaurant for one,BookRestaurant
Is the television show Kamen Rider OOO Wonderful The Shogun and the 21 Core Medals streaming anywhere?,SearchCreativeWork
What is the nearest movie theatre playing Stray Cat Rock Wild Jumbo in 7 seconds,SearchScreeningEvent
Play a sixties song by Classified,PlayMusic
I want to find the show called Fresh Aire 7 .,SearchCreativeWork
What's the weather forecast for Anniston ?,GetWeather
Can you get the weather forecast for New Baden,GetWeather
"Tell me the weather forecast for Roseburg , Iowa",GetWeather
Find the movie schedule .,SearchScreeningEvent
"Tell me the weather forecast for Huxley , MS",GetWeather
Play a seventies Tom Thacker ballad,PlayMusic
Rate The Principle of Hope 1 out of 6 stars,RateBook
find The Watcher at United Paramount Theatres,SearchScreeningEvent
rate the current textbook 3 out of 6,RateBook
Show the nearest movie house with The Expendables starting 1 minute from now,SearchScreeningEvent
Find a video game called The Mysterious Castle in the Carpathians .,SearchCreativeWork
this album is the last and rated five,RateBook
Is it colder in Paraguay this morning,GetWeather
Find a table at a restaurant that serves corn relish in Venezuela,BookRestaurant
"I'd give With Lee in Virginia, A Story of the American Civil War chronicle 4 of 6",RateBook
The current book deserves a rating of only one .,RateBook
Can you play a chant by Butch Trucks on Spotify,PlayMusic
Add tune to this is trey songz,AddToPlaylist
Can you play an ep from the year 1958 ?,PlayMusic
movie schedule of films around here,SearchScreeningEvent
Add this track to epic wall of sound,AddToPlaylist
Show me the book F-1 Grand Prix Part II,SearchCreativeWork
Start up my Independent Music Monday playlist.,PlayMusic
I'd like to see Snowball Express,SearchScreeningEvent
Rate the current textbook one of 6 stars,RateBook
Reserve a table for two for jun. 13th in a neighboring bistro which serves mongolian food in Northway .,BookRestaurant
I would give the Living Dead in Dallas chronicle zero points,RateBook
Let me get the forecast for tea time in El Salvador .,GetWeather
"Will it be cold close-by Iowa on september twenty-first, 2025",GetWeather
Book a table for seven people at a restaurant which has internet .,BookRestaurant
Add Omoide wa Okkusenman to an instrumental sunday,AddToPlaylist
"book a restaurant this week for joni, wilda sanders and I in AL",BookRestaurant
Find the movie times for North American Cinemas .,SearchScreeningEvent
I want ohear the 1996 soundtrack from deezer,PlayMusic
Play some seventies songs from Luke Haines off of youtube,PlayMusic
"add Tinker, Tailor to my playlist titled this is trey songz",AddToPlaylist
Add the current tune to my Evening Groove list,AddToPlaylist
add joan wasser to running playlist,AddToPlaylist
give 0 stars to this textbook,RateBook
Play music from the track My Friend on Google Music by Steve Sholes,PlayMusic
will the weather be warm far from Niger at 15 o'clock,GetWeather
"Will there be wind on january 24, 2019 in Ransom",GetWeather
"What's the weather forecast for Walsenburg , Vermont for July 13th ?",GetWeather
Will it be colder in Colorado nine months from now ?,GetWeather
What was the weather last February in William A. Switzer Provincial Park ?,GetWeather
Play music from Lastfm and Deezer .,PlayMusic
The book As Sure as the Dawn gets a two out of 6 rating,RateBook
find the album The Peace-Maker,SearchCreativeWork
put this tune on my playlist technical&brutal death metal,AddToPlaylist
Rate Richard Carvel 4 out of 6,RateBook
I want to give The Black Cloud one points,RateBook
add Michael LePond to electronic bliss,AddToPlaylist
I would rate this chronicle a value of 1 and a best rating of 6,RateBook
I need to book a tropézienne restaurant six hours from now,BookRestaurant
Add this tune by Shagrath to black sabbath the ozzy years,AddToPlaylist
Will it be foggy on the town meeting day vermont in Angola,GetWeather
add heresy and the hotel choir to the evening acoustic playlist,AddToPlaylist
I want to book the best pub for 6 in New Mexico,BookRestaurant
I want to hear some acid punk music,PlayMusic
What is the weather like in Hurstville ?,GetWeather
give two stars to current chronicle,RateBook
find The Good Wife,SearchCreativeWork
Is The Wash playing at the cinema in one minute,SearchScreeningEvent
book me a reservation at a highly rated tavern in Hornersville,BookRestaurant
What's the weather forecast in Melcher-Dallas ?,GetWeather
In Wynnedale AK will it blizzard,GetWeather
Play me a song from 1968 on Spotify,PlayMusic
I want to listen to the soundtrack Bed of Roses,SearchCreativeWork
What time is Rites of Spring playing at Marcus Corporation,SearchScreeningEvent
Find me a soundtrack by Ghost Town Prophecy,SearchCreativeWork
rate this book titled House of Dolls three out of 6 stars,RateBook
What is the forecast in Wild River State Park,GetWeather
I need a reservation for National Coney Island with a party of 8 in NV,BookRestaurant
Add Sveta ljubav to my Metal Party playlist,AddToPlaylist
find a television show called Happy Trails,SearchCreativeWork
gwen carter and I want a reservation in the Dominican Republic,BookRestaurant
What will the weather be in the Flight Park State Recreation Area ?,GetWeather
find movie times,SearchScreeningEvent
Play some contemporary christian on Groove Shark .,PlayMusic
add rock & roll to my playlist named night out,AddToPlaylist
rate Licence Renewed a 4,RateBook
I'd like to eat at a popular diner,BookRestaurant
add zion golan to my signed xoxo playlist,AddToPlaylist
add album to my Deathcore playlist,AddToPlaylist
what animated movies are in the neighbourhood,SearchScreeningEvent
Rate The Coming of Bill 3 of 6 stars,RateBook
Find Live at Bearsville Theater,SearchCreativeWork
Book Coney Island neighboring VA for marina and I .,BookRestaurant
Add the song to the pure seduction playlists,AddToPlaylist
Give the current album a three .,RateBook
I would give this chronicle 0 stars,RateBook
"What will the weather forecast be in Mount Victory , Delaware in 1 second ?",GetWeather
Search for High Chicago,SearchCreativeWork
I would rate this book 3 points out of 6,RateBook
Give The Lost Princess 3 stars .,RateBook
What time is Project Censored the Movie playing at the movie house,SearchScreeningEvent
What is the closest movie theatre showing In Pursuit of Honor ?,SearchScreeningEvent
add this tune to my It's a Southern Thing playlist,AddToPlaylist
What is the weather forecast here ?,GetWeather
on Deezer play fourties tunes by Jona Bechtolt and a ballad,PlayMusic
Please add Liberty Forever to the road trip playlist.,AddToPlaylist
Rate The Bourne Deception 4 of 6,RateBook
Add viktor merjanov to california rock state,AddToPlaylist
give 4 points to this novel,RateBook
add song to Trap Land,AddToPlaylist
show me the schedule of films close by,SearchScreeningEvent
find the movie Shake Your Spirit,SearchCreativeWork
give 5 out of 6 to this album,RateBook
I'd like to book 4 seats at a restaurant .,BookRestaurant
"Tell me when it'll be hot in Melbourne , NJ",GetWeather
What is the movie schedules at for Douglas Theatre Company at 0 p.m. ?,SearchScreeningEvent
My group of seven wants to eat at Yogurt Mountain in Slick tonight .,BookRestaurant
I need info on the video game Iron Fist,SearchCreativeWork
play some fifties tunes by Mike Mccready,PlayMusic
Play Stefon Harris 's song .,PlayMusic
I want to eat at a indoor bar for two,BookRestaurant
Book a reservation for a restaurant serving wontons for ten people in Leopold,BookRestaurant
Where is the closest movie theatre that is playing movies now,SearchScreeningEvent
Find Once Upon a Time in the West,SearchCreativeWork
Open Youtube and play Connie Francis Sings Spanish And Latin American Favorites from Yukiko Iwai,PlayMusic
Open Netflix and find a movie with the song heartful,PlayMusic
"Book reservations at a restaurant in Niue for me, edna and glenda",BookRestaurant
Help me find Where the Wild Things Are,SearchCreativeWork
What is the movie schedule,SearchScreeningEvent
Play the artist Joe,PlayMusic
please put this artist into my Lo mejor de Radio 3 playlist,AddToPlaylist
find a movie schedule,SearchScreeningEvent
Book a table for 1 somewhere in Andorra,BookRestaurant
add Rupee to my Ultra Metal playlist,AddToPlaylist
give The Last Child 4 of 6,RateBook
Rate the current textbook 2 stars,RateBook
Add this album to Trotamundos,AddToPlaylist
Find the schedule for Vanishing of the Bees at a movie house .,SearchScreeningEvent
Play Me Against The World from Glukoza,PlayMusic
add this artist to disco fever playlist,AddToPlaylist
Add Kevin Ridel to instrumental madness,AddToPlaylist
Book The Mustard Seed in Turks and Caicos Islands for 9 people.,BookRestaurant
add Black Ribbons to the autumn playlis,AddToPlaylist
show creativity of novel Lock,SearchCreativeWork
give three stars to current essay,RateBook
Play me the trailer for Star Control .,SearchCreativeWork
The Get Going playlist needs another song .,AddToPlaylist
Book a reservation for ten at a restaurant in AMerican Samoa at 2 am,BookRestaurant
play a symphonic rock on Pandora,PlayMusic
will it be getting warmer in Rainbow Falls Provincial Park,GetWeather
find A Pet of the Cairo Zoo,SearchCreativeWork
Give this essay four stars / 6 .,RateBook
Find the movie schedule for ArcLight Hollywood .,SearchScreeningEvent
Play that new song from 1970,PlayMusic
Book a table for five in Unalaska this month .,BookRestaurant
Is it cloudy in the same area of Lynn Shore Reservation,GetWeather
Find the schedule for movies at Southern Theatres .,SearchScreeningEvent
Is The Right to Strike playing at Star Theatres,SearchScreeningEvent
Get me Kiss the Crystal Flake,SearchCreativeWork
"add this song to my playlist named Britpop, etc",AddToPlaylist
Rate this novel a five out of 6,RateBook
Need a table in Serbia and Montenegro on Apr. 16 for a party of seven,BookRestaurant
Please add 80s Classic Hits Asking for It to my playlist,AddToPlaylist
find the show The Naked Gun,SearchCreativeWork
Find The Case of the Frightened Lady .,SearchCreativeWork
this chronicle is a zero out of 6 .,RateBook
Can you get me a table at a chicken and waffles joint in New Mexico,BookRestaurant
Add Hotter Than Hell to my Fiesta playlist,AddToPlaylist
find and book a table in WV,BookRestaurant
play pandora,PlayMusic
What will the temperature be at midnight in NE,GetWeather
Play me the track Mama Liked The Roses,PlayMusic
Find a movie schedule .,SearchScreeningEvent
show me the movie schedule in the area near my home at seven AM for animated movies,SearchScreeningEvent
"What will the weather conditions be in Hahntown , Wyoming at 1 ?",GetWeather
Will it feel nicer in Finland or New Mexico today,GetWeather
I want to book a restaurant for eight in Harding .,BookRestaurant
add Stephen McNally to Confidence Boost,AddToPlaylist
Rate the current textbook with 2 points out of 6 .,RateBook
Pull up the movie Toy and Help Yourself,SearchCreativeWork
What is the humidity like in Leoti,GetWeather
find the television show Birth of the Cool,SearchCreativeWork
Tell me if snow is in the forecast for Teterville,GetWeather
What will the weather be like in Killarney National Park on national pow/mia recognition day ?,GetWeather
rate the current album one points,RateBook
Play some gangsta music,PlayMusic
I'm looking for the last track by Fei Yu Ching from the fourties,PlayMusic
Show The Invisible Hook trailer,SearchCreativeWork
Let me hear the Rave Tapes album from Yuki Koyanagi .,PlayMusic
Will there be cloud coverage at zero AM in Minami Alps Koma Prefectural Natural Park,GetWeather
Is there forecast to be snow in GU this summer ?,GetWeather
Please start playing some thirties theme music.,PlayMusic
show creativity of Wild About Animals,SearchCreativeWork
will the weather be warm in August at the faraway in Micronesia,GetWeather
what is the weather of Ludowici at 4 am,GetWeather
Will you show me a schedule for movies around here ?,SearchScreeningEvent
Will it be colder in Delaware ?,GetWeather
"Make me a reservation at Illinois Central Railroad Freight Depot in Singapore with vickie rodriguez, lila reyes and ruby",BookRestaurant
"Book a table for 1 on November the first, 2022",BookRestaurant
Give The Lost World 2 points,RateBook
Can you pull up and play something on Itunes,PlayMusic
Give this book five / 6 points .,RateBook
What's the weather here ?,GetWeather
Give A Human Being Died That Night 3 stars,RateBook
Play While We Were Waiting by Sippie Wallace on Vimeo,PlayMusic
I want to hear Song For Adam,PlayMusic
Find the schedule for Death Valley Manhunt .,SearchScreeningEvent
show me Convicted,SearchCreativeWork
Can my electro sur have this song added to it?,AddToPlaylist
Get me a reservation for two at a restaurant which serves burger .,BookRestaurant
What is the forecast this evening for the Calipuy National Reservation,GetWeather
find the painting Retro Active,SearchCreativeWork
I'm wondering when I can see Beating Heart at the nearest cinema .,SearchScreeningEvent
Add an album to corinne's Beast Mode playlist.,AddToPlaylist
Rate my current textbook 0 out of 6,RateBook
Book a reservation for a party of six in the same area as Metropolitan Borough of Bethnal Green,BookRestaurant
add jim martin to Deathcore,AddToPlaylist
"I need to reserve two seats to eat at in Salina , Alabama .",BookRestaurant
move El Viaje de Copperpot into my Emily Dickinson playlist,AddToPlaylist
I would give this current textbook a rating of 1 points and a best rating of 6,RateBook
Play track Ai Se Eu Te Pego on google music from artist Maestro,PlayMusic
find Carry me in your dreams,SearchCreativeWork
Play Before I Grew Up To Love You by Wafah Dufour,PlayMusic
Please play playlist TODO REGGAETON,PlayMusic
Add this track to Duetos,AddToPlaylist
add tune to punk español,AddToPlaylist
Play best fourties from david izquierdo on album,PlayMusic
give 4 points to Fight Club,RateBook
"book a table for 10 at The Dome, Edinburgh",BookRestaurant
find a game called Bump the Show,SearchCreativeWork
Play industrial music.,PlayMusic
Play me something by Funtwo,PlayMusic
Add this artist to my grandes unplugged playlist,AddToPlaylist
I want to add a song by w c clark to my nerding around playlist,AddToPlaylist
rate The British Edda zero points,RateBook
Can you give me the movie schedules for films close by ?,SearchScreeningEvent
Add this artist to the playlist called Evening Groove .,AddToPlaylist
Reserve a table for my bf and I at Montreal Pool Room in Indiahoma,BookRestaurant
What's the weather forecast for Spain ?,GetWeather
Look for the creative work called White Sugar,SearchCreativeWork
What is the weather in Galena Park Oklahoma,GetWeather
Book a northeastern brazilian restaurant for 10 am,BookRestaurant
Add a song to my playlist a peaceful rush hour,AddToPlaylist
book a spot at a highly rated afghan restaurant,BookRestaurant
Show me The Atrocity Exhibition,SearchCreativeWork
book me a Rustic inn restaurant for 8 members at Nappanee,BookRestaurant
add falling upstairs to the playlist named chill out,AddToPlaylist
book a table for ten people,BookRestaurant
Will it be freezing here at 063122 am,GetWeather
When is The Blood of Others playing?,SearchScreeningEvent
Play eighties music by Kaira Kwong on Google Music,PlayMusic
give four points to this novel,RateBook
Can I get the showtimes for The Scarlet and the Black at 12 pm .,SearchScreeningEvent
play chant from the nineties with Last Fm,PlayMusic
Where can I find the photograph of Mr Blobby,SearchCreativeWork
rate current book 0 stars,RateBook
Search for Innocence from Hell,SearchCreativeWork
is Ce cher intrus at IMAX Corporation,SearchScreeningEvent
Open Deezer and play Inyección Musical,PlayMusic
rate this book The Book of Snobs 1 points,RateBook
book a spot for 1 at a restaurant this Evening,BookRestaurant
Book a bistro in New Zealand in 119 and a half days .,BookRestaurant
I'd like a table for 3 at a tavern in the Vatican,BookRestaurant
Play some P. J. Proby,PlayMusic
add Billy Martin album to my legendary guitar solos playlist,AddToPlaylist
book an australian restaurant in Moldova,BookRestaurant
play music on netflix,PlayMusic
What movies are playing in the neighborhood,SearchScreeningEvent
What will the weather be in Nationalpark Rila on Nov. 25 ?,GetWeather
I want you to put this track onto the playlist called throwback party .,AddToPlaylist
Add david henry hwang to the This Is Nicky Jam playlist.,AddToPlaylist
I am looking for a creative work called Something Warm,SearchCreativeWork
I want to eat mezes at the pub for 1 at four PM,BookRestaurant
add the current tune to my Rock Gaming playlist,AddToPlaylist
find the painting ICAC Investigators 2014,SearchCreativeWork
Can you find the photograph titled So Long Self,SearchCreativeWork
What is the weather like now in Washington,GetWeather
Rate the current chronicle 0 out 6 stars,RateBook
find movie schedules for Loews Cineplex,SearchScreeningEvent
Add a song to ultimate indie,AddToPlaylist
I'd like to see the trailer Tony Parker,SearchCreativeWork
The current essay is worthy only of a 0 out 6 score.,RateBook
I want to watch the TV show Down on Abby,SearchCreativeWork
Show me the nearest movie house showing He Won a Ranch,SearchScreeningEvent
Please look up The 4-Hour Workweek saga,SearchCreativeWork
Add house of pain to my 90s Indie playlist,AddToPlaylist
Where can I book a table close to me in Moon Run at sixteen o'clock that will take three people,BookRestaurant
Show The Last Tightrope Dancer in Armenia television show,SearchCreativeWork
"Is it warm in Califon , Tunisia",GetWeather
Show the movie schedule,SearchScreeningEvent
show me movie schedules,SearchScreeningEvent
show the animated movies playing at Consolidated Theatres,SearchScreeningEvent
"book in West Palm Beach for glenda, lois and tamra at a nearby restaurant serving puglia",BookRestaurant
will you put this song onto Women of Electronic,AddToPlaylist
use Iheart radio to play eighties music from Hugh Masekela .,PlayMusic
Please include danni bassan in my Perfect Concentration,AddToPlaylist
Rate Shadows Alive 3 out of 6 points,RateBook
"find The Covered Wagon , a game",SearchCreativeWork
Will it be freezing nearby Thap Lan National Park at 4 pm,GetWeather
play a Karin Dreijer Andersson soundtrack on Groove Shark,PlayMusic
book The Kegs Drive-In in 37 weeks in Saudi Arabia,BookRestaurant
Play the most popular Grace Slick song that has a symphony sound,PlayMusic
Please add a song to ines's playlist called Metal Party,AddToPlaylist
i want to watch Mr. and Mrs. Bridge at a nearest cinema,SearchScreeningEvent
I rate the current novel a 1 of 6 stars,RateBook
Bombshells saga download,SearchCreativeWork
Play me the trailer for Gainesville Daily Register .,SearchCreativeWork
Can i get the movie schedule for eleven hours from now ?,SearchScreeningEvent
Will it be chilly in Oakdale OK,GetWeather
Play me a top-ten song by Phil Ochs on Groove Shark,PlayMusic
Play The Lamentation Of Cloris,PlayMusic
I rate this essay a two of 6 points,RateBook
Add the artist to the nuclear blast novelties playlist.,AddToPlaylist
Give this saga a 1 .,RateBook
reserve a table for two at the restaurant at 9 pm,BookRestaurant
Play greatest chant music from Beni Arashiro,PlayMusic
I'd like to put qriii onto songs to sing in the car .,AddToPlaylist
how's the weather in Brookdale Zimbabwe,GetWeather
give this textbook a five,RateBook
add this tune to my primavera sound 2016 barcelona,AddToPlaylist
book for 10 in a restaurant,BookRestaurant
add olympia 1959 to from the delta to chicago,AddToPlaylist
what are the movie times for United Paramount Theatres,SearchScreeningEvent
Make a restaurant reservation for me and my son at twenty three o'clock .,BookRestaurant
Check the weather forecast for Biscay,GetWeather
Play some amber kuo from the eighties on Spotify .,PlayMusic
I give The Caxtons chronicle 1 out of 6 stars .,RateBook
give this current essay five out of 6 stars,RateBook
Where can I find the TV show Earth Defense Force 2025 ?,SearchCreativeWork
what is the Jan. 8 forecast for here,GetWeather
find movies nearest to a movie house,SearchScreeningEvent
Find a saga called The Devil Went Down to Georgia .,SearchCreativeWork
Add this album to holly's bandas sonoras playlist,AddToPlaylist
What's the forecast for North AMityville ?,GetWeather
Find the schedule for nearby animated movies .,SearchScreeningEvent
I want to listen to my Spain Top 50 playlist on groove shark,PlayMusic
Rate this album 2 stars,RateBook
I want to listen to Keep the Faith,SearchCreativeWork
Rate this novel 1 points .,RateBook
what's the movie schedule at National Amusements,SearchScreeningEvent
Can you find me the SchoolTool picture ?,SearchCreativeWork
Add an album to my week end playlist,AddToPlaylist
Rate this current essay five stars out of 6 total,RateBook
Play music on groove shark,PlayMusic
This current album would get 6 stars or a rating value of 1,RateBook
Find me the movie schedule for Great Escape Theatres,SearchScreeningEvent
book a table for ten people at a restaurant that serves noodle,BookRestaurant
Find time for Enkitta Mothathe at Pacific Theatres,SearchScreeningEvent
What time is a movie in the neighbourhood,SearchScreeningEvent
give 5 points to The White Hotel,RateBook
Book a restaurant far from Kokomo this fall .,BookRestaurant
Find the Collision in Black painting,SearchCreativeWork
What is the movie schedule for the B&B Theatres,SearchScreeningEvent
Find a table for five at Harveys in De Berry ID on April the 10th,BookRestaurant
What will the weather be in Wakarusa,GetWeather
Can You tell me the Actors of the saga awards/,SearchCreativeWork
Find the movie schedules at Magic Johnson Theatres,SearchScreeningEvent
I need to book the best food court in within the same area as OK that serves persian food for my ex husband and I,BookRestaurant
is Cape Mount Nature Conservation Unit has storm weather,GetWeather
Find a table for two in a place not far in Culdesac,BookRestaurant
Show Transformers The Game,SearchCreativeWork
play a ballad from 2000,PlayMusic
"The chronicle of The Emperor Wears No Clothes was too naive and simple, I'd give it 1 out of 6 stars .",RateBook
rate this essay zero out of 6,RateBook
find the novel The Last of Sheila,SearchCreativeWork
Is it supposed to get chilly in Dewey,GetWeather
listen to Vertexguy track,PlayMusic
Is it forecast to be warm in Bosnia and Herzegovina ?,GetWeather
rate The Chymical Wedding 3 points,RateBook
Can I watch The Sound of War in thirteen minutes at the nearest cinema,SearchScreeningEvent
I need a reservation at sunrise for melva and heidi at a local restaurant .,BookRestaurant
Can i get the listings for the film at the nearest movie theatre ?,SearchScreeningEvent
Play the Knockabout soundtrack,SearchCreativeWork
What time is Hitman City playing,SearchScreeningEvent
show TV series schedule of Gears of War,SearchCreativeWork
Rate the current textbook 0 out of 6 .,RateBook
I'd like to go to a restaurant in French Polynesia,BookRestaurant
Play a melody by Adassa from the twenties,PlayMusic
What will the weather be like in India at 025525 AM,GetWeather
I want to hear the top 5 Jamie Lidell songs,PlayMusic
book a food truck in Nisswa for 4 at 5 pm,BookRestaurant
What time is Swarna Trishna playinh at Loews Cineplex,SearchScreeningEvent
give 4 points to this textbook,RateBook
play the video game The Genesis Machine,SearchCreativeWork
I'd give the Mandaean Book of John 4 points,RateBook
I need a restaurant for a party of three,BookRestaurant
Rate the current book 1 points,RateBook
play chant on groove shark from 1996,PlayMusic
Add out of the air to my a mis niños de 30 playlist,AddToPlaylist
I rate Doom 3 Worlds on Fire a 1 of 6,RateBook
add A-Hunting We Will Go to the Emily Dickinson playlist,AddToPlaylist
"Book a table at Dillard House in Exell , IA",BookRestaurant
this is a 6 rating for the album down to one,RateBook
Add rosemary clooney to Pura Vida playlist,AddToPlaylist
Rate the Beyond This Place chronicle three of 6,RateBook
Can you find the painting Shake! Otis at Monterey,SearchCreativeWork
go ahead and add blowfly to my This Is Schubert list,AddToPlaylist
weather in Bashkirsky Nature Reserve 20 days from now,GetWeather
rate the book Dreams of the Raven 5 stars,RateBook
Play the most popular track from Valery Alexandrovich Kipelov,PlayMusic
Rate this novel 3 out of 6 points .,RateBook
I think that this essay deserves four stars,RateBook
How's the weather going to be on Jul. 2 in Whiteside,GetWeather
What cinema has the closest movies,SearchScreeningEvent
add this song to my Classical Dance Music Ballet & Beyond list,AddToPlaylist
I'm looking for a local cafeteria that has wifi accesss for a party of 4,BookRestaurant
I wish to enjoy some fifties music by Johnny Paycheck .,PlayMusic
show creative picture of Wonderful Town,SearchCreativeWork
Make me a reservation in NH for a party of two at a restaurant close by,BookRestaurant
restaurant in West Virginia for my son and I,BookRestaurant
What is the weather like in Midfield Iowa today,GetWeather
Look for All That Matters,SearchCreativeWork
Find me the nearest movie house that is showing The Saviour .,SearchScreeningEvent
Where is the closest movie house that's playing The Mark ?,SearchScreeningEvent
I'm rating the book Tomorrow two out of 6 stars,RateBook
find the game Company of Heroes,SearchCreativeWork
How is the weather in Birta ?,GetWeather
"Book reservations at a restaurant with vickie and caitlin on February the second, 2018",BookRestaurant
Play music on Netflix by Don Kikas,PlayMusic
find the novel Make Peace Not War,SearchCreativeWork
Find the novel What We Did on Our Holiday,SearchCreativeWork
show creativity of Diamonds in the Rough,SearchCreativeWork
find Half a Truth,SearchScreeningEvent
in 1 hour and 1 minute find a cinema nearest for films,SearchScreeningEvent
Play music from 2010 by Jason Donovan,PlayMusic
put this album on r&b movement,AddToPlaylist
find Sweet Sensation,SearchCreativeWork
book a table for 1 at a restaurant,BookRestaurant
I want to play the game Show Me the Wonder,SearchCreativeWork
add this album to my de camino a clase playlist,AddToPlaylist
Will it be freezing close to my current location,GetWeather
add Toi to my timeless love songs playlist,AddToPlaylist
Please get me The National Medical Journal of India game .,SearchCreativeWork
Get me the soundtrack from Sensation Comics .,SearchCreativeWork
"Is it going to be warm on march the 12th in Pendleton , Delaware ?",GetWeather
Book the City Tavern in Holiday KS .,BookRestaurant
read the Background to Danger book,SearchCreativeWork
add the track by josh kear to myra's playlist with the name highway 61,AddToPlaylist
What time is Between Tears and Smiles playing,SearchScreeningEvent
Can you put this tune onto erin's house afterwork playlist?,AddToPlaylist
Is Blood Is Not Fresh Water playing at this movie theatre at 2 AM ?,SearchScreeningEvent
I want to dine in Luray,BookRestaurant
How to buy picture of Agent Hamilton But Not If It Concerns Your Daughter,SearchCreativeWork
"Book a reservation for five people at a restaurant with pool in Benkelman , MI in Apr.",BookRestaurant
How will snowfall be here in 2/21/2022 ?,GetWeather
Can you rate this current essay with zero stars ?,RateBook
Will it get chillier in 12 years in Greenland ?,GetWeather
"What is the weather forecast for three in Whitewood , Rhode Island",GetWeather
give 1 stars to book Mr Ponsonby,RateBook
weather on september 14 in Crofton Ukraine,GetWeather
List movie schedules for movies playing close by,SearchScreeningEvent
rate the current album a zero,RateBook
rate The Long Dark Tea-Time of the Soul 5 stars,RateBook
give one out o 6 stars to this chronicle,RateBook
play the best Elizaveta Khripounova,PlayMusic
I'm looking for a photograph called Merry Christmas .,SearchCreativeWork
What's the weather in South Hill,GetWeather
add Nana Kitade to my modern psychedelia playlist,AddToPlaylist
"Will it get chillier in Las Lomas , British Virgin Islands on Nov. the 21st ?",GetWeather
what is the Lualualei forecast for one minute from now,GetWeather
I give 1 stars out of 6 to this current series .,RateBook
Book a churrascaria restaurant that serves chips for five people.,BookRestaurant
Book me seats for 6 at the best brasserie that serves marche neighboring my hostel,BookRestaurant
book a brasserie with parking for 1,BookRestaurant
add Fabri Fibra to The Birth of Cool,AddToPlaylist
"find Waiting for Touchdown , a book",SearchCreativeWork
book a table in Tennessee for 1 for next August,BookRestaurant
book a spot for one,BookRestaurant
Play the top hits of 2016,PlayMusic
Play some chanson music,PlayMusic
Is Arthur 2 – On the Rocks playing at 2044 ?,SearchScreeningEvent
put Framed onto my ntc studio sounds playlist,AddToPlaylist
Find the creative work Brilliant! Tragic !,SearchCreativeWork
"What's the weather forecast for Glade Park on July twenty-fifth, 2033 ?",GetWeather
add xiang xiang album to my Madden NFL 16,AddToPlaylist
I'd like a table for 3 at a brasserie in Hillview NE that has mineiro,BookRestaurant
Show me the TV series Prescription for Death,SearchCreativeWork
Play me a song from the fourties,PlayMusic
Play a top-50 tune from 1982 .,PlayMusic
I need an animated movies in the area for dinner time,SearchScreeningEvent
I'd like to see movie schedules for Kerasotes Theatres,SearchScreeningEvent
add this artist to sunshine reggae,AddToPlaylist
What are the weather conditions in Noel ?,GetWeather
List the movie schedule for Regal Entertainment Group theater.,SearchScreeningEvent
Rate current book 2 of 6,RateBook
book a spot in 1 second that is neighboring robin's hotel,BookRestaurant
find the picture titled Battle Spirits - Shōnen Toppa Bashin,SearchCreativeWork
Rate this textbook only three points,RateBook
"book a restaurant in Fort Gates , FL",BookRestaurant
find Some of My Best Friends Are...The Piano Players,SearchCreativeWork
Book a table at a faraway brasserie in NJ .,BookRestaurant
Find the show Manthan,SearchCreativeWork
add that was only yesterday the last ep to my Afternoon Train Ride playlist,AddToPlaylist
Play fifties music,PlayMusic
Rate The Removers 4 out of 6,RateBook
"find Donkey Town , a show",SearchCreativeWork
"Tell me if it'll be rainy here on Dec. the 25th, 2033",GetWeather
Play a symphony from the thirties .,PlayMusic
find the photograph Move Any Mountain,SearchCreativeWork
Find The Fire in Our Throats Will Beckon the Thaw TV show,SearchCreativeWork
Can you tell me the weather forecast for Samoa,GetWeather
Show me schedules to see A Film with Me in It .,SearchScreeningEvent
Add dear hearts and gentle people to he Tokyo Rising playlist.,AddToPlaylist
"book a spot for gay ramos, janice gonzales and I at a bar in Timbo",BookRestaurant
Give me the movie schedule for the Great Escape Theatres,SearchScreeningEvent
I want to give the current album 2 stars,RateBook
"Tell me the weather forecast for june seventeenth, 2034 in FL",GetWeather
Add this artist to queen playlist,AddToPlaylist
Show the Bean and the Boys painting,SearchCreativeWork
Give this chronicle 4 stars,RateBook
Add Warm and Beautiful to the ironing playlist.,AddToPlaylist
What time is In Old New Mexico showing today?,SearchScreeningEvent
Play Stevan Faddy on Google Music .,PlayMusic
Show the Sad Songs for Dirty Lovers album,SearchCreativeWork
show creativity of song A Discord Electric,SearchCreativeWork
i want to see Return to Yesterday,SearchScreeningEvent
What is the weather in Mascotte,GetWeather
Rate The Stars Shine Down 5,RateBook
She me the game called Knowledge and Decisions,SearchCreativeWork
Pull up Sweeney Todd - Il diabolico barbiere di Fleet Street,SearchCreativeWork
I'd like to take a party of five today to a place in Colorado,BookRestaurant
What's the weather like here,GetWeather
play Robert Stoddard from 1988,PlayMusic
play music from the sixties,PlayMusic
I want do you want to build a snowman in my Hip Hop 2017 New School playlist,AddToPlaylist
Can you add Blood On The Face to the playlist called Heartland Country,AddToPlaylist
Which cinema is playing Das Ende – Assault on Precinct 13 ?,SearchScreeningEvent
Where and when is Polish Economy playing?,SearchScreeningEvent
give 1 star to this album,RateBook
Let me know how the weather will be in Rainelle at night .,GetWeather
Play a fairouz tune on Deezer,PlayMusic
Book a table at a restaurant in the Cayman Islands two hundred ninety six days from now,BookRestaurant
Get me a reservation for 1 somewhere in Spade at seventeen o'clock,BookRestaurant
add song to my Wild Country playlist,AddToPlaylist
What will the weather be ten minutes from now in Canada ?,GetWeather
book a highly rated place for 8 at a restaurant,BookRestaurant
give me the showtimes for Down Where The Buffalo Go at Amco Entertainment,SearchScreeningEvent
Book me a bar where I can get a bear claw in AS,BookRestaurant
Is People of the Cumberland playing at Landmark Theatres now,SearchScreeningEvent
rate With Kitchener in the Soudan 2 stars out of 6,RateBook
rate First Man The Life of Neil A. Armstrong three of 6,RateBook
Locate a cafeteria for two that serves deviled crab,BookRestaurant
I am looking for The Complete Fillmore East Concerts,SearchCreativeWork
Play The Wizard And I on Zvooq,PlayMusic
Add track by Fleetwood Mac to lakeisha's playlist TODO NOVEDADES,AddToPlaylist
Play me a seventies song,PlayMusic
Is there fog in New York,GetWeather
find a saga with 0 rating called Poems for Midnight,RateBook
play some songs from the fourties by yoshiki fukuyama,PlayMusic
put Ik Tara onto pure seduction playlist,AddToPlaylist
Add Don and Sherri to the electrosafari playlist.,AddToPlaylist
Is it freezing in Tira,GetWeather
book a restaurant for four in Trinidad and Tobago,BookRestaurant
Find a trailer called Eurythmics discography .,SearchCreativeWork
add this artist to Blues Roots list,AddToPlaylist
Is it forecast to be chilly here on july 14 ?,GetWeather
Can you find Fire Escape in the Sky The Godlike Genius of Scott Walker,SearchCreativeWork
rat the current textbook a two out of 6 points,RateBook
I give a rating of 4 out of 6 for the book My Sister and I,RateBook
Will it be hotter in CT at 6 am,GetWeather
Play the track That Would Be Something from Eden Ahbez,PlayMusic
Check the weather forecast in seven weeks for Emida .,GetWeather
Can you play any chant from the fourties ?,PlayMusic
Please check the weather forecast here .,GetWeather
"I need Journal of Pediatric Oncology Nursing , help me find",SearchCreativeWork
find As Live as It Gets,SearchCreativeWork
I would rate the Animal Liberation chronicle 0 points and a best rating of 6,RateBook
find films in the neighborhood,SearchScreeningEvent
What time is The Secretary playing at the movie theatre ?,SearchScreeningEvent
Please book a joint type restaurant room with spa facility to accommodate 8 members,BookRestaurant
Show me the movie schedule for movies around here,SearchScreeningEvent
add harry chapin in stress relief playlist,AddToPlaylist
what is the weather forecast for Maryland,GetWeather
Get Jump Down painting,SearchCreativeWork
What time are movies showing around here,SearchScreeningEvent
What's the weather at four pm in Honduras,GetWeather
"Weather for jun. ninth, 2033 in San Pierre Romania",GetWeather
please add this album to the playlist titled Hip Hop 2017 New School,AddToPlaylist
give four points to current essay,RateBook
casey and I will be in Kentucky for food,BookRestaurant
"what will the weather be in Mascoutah , Tanzania at 090438 am",GetWeather
I need a reservation for Cashel Palace Hotel in California for a party of 9,BookRestaurant
Find me the book The Van Dyke Show,SearchCreativeWork
will it be sunny a lot in Honduras next autumn,GetWeather
play Roy Orbison tunes now,PlayMusic
Play the last ep from 1999,PlayMusic
Add John Tesh to my salsa classics playlist,AddToPlaylist
What's the weather forecast for Croatia on jul. 25th,GetWeather
Book reservations at a  for seven at a highly rated restaurant that serves kosher food in VI,BookRestaurant
Play me the song Aap To Aise Na The .,SearchCreativeWork
Tell me the weather forecast nearby my current location,GetWeather
I would like to rate this album 3 points and a best rating of 6,RateBook
What's the weather in 10 months in Nam Kading National Protected Area,GetWeather
show the movie schedules and films in the area,SearchScreeningEvent
Play playlist funtime,PlayMusic
List all the movies playing in the area now .,SearchScreeningEvent
weather at Stanford at six am,GetWeather
"I need Chapter One of the show , get it for me please.",SearchCreativeWork
I want Cocco added to my post metal playlist.,AddToPlaylist
what is the forecast for Swain,GetWeather
I want to the latest ballad from Ira Losco,PlayMusic
Find Night of Passion,SearchCreativeWork
I want to book a restaurant near Wyoming for 5 people.,BookRestaurant
book San Francisco Brewing Company for two located at AL,BookRestaurant
put Sarah Blasko onto my The MetalSucks Playlist,AddToPlaylist
play a twenties song,PlayMusic
book me a restaurant at Sint Maarten on sun .,BookRestaurant
Rate this book three out of 6,RateBook
find a photograph called Wild Cats on the Beach,SearchCreativeWork
find movie times,SearchScreeningEvent
give 1 out of 6 points to this novel,RateBook
I'd like to watch Heartbreak at Pacific Theatres at two pm,SearchScreeningEvent
What will it be like in the current place at midnight,GetWeather
find movies at the nearest cinema,SearchScreeningEvent
"Will there be cloud action in Saint Bernard , Virgin Islands",GetWeather
find Lost in Space,SearchScreeningEvent
Play the top fifty record from Alan Jardine,PlayMusic
Play some music on Vimeo,PlayMusic
Play the best Sebastian Karlsson melody on Youtube,PlayMusic
rate the book chronicle The Obama Nation a 4,RateBook
"Tell me the forecast for Elderton , Indiana in 19 hours",GetWeather
Can you play me a track from the nineties ?,PlayMusic
Add track to my Digster Future Hits,AddToPlaylist
rate The Knife That Killed Me a three,RateBook
"Tell me if it'll be freezing in 5 years in Rockholds , Norfolk Island",GetWeather
I want a list of films that are going to be shown in the neighborhood .,SearchScreeningEvent
rate the current essay three of 6 points,RateBook
will there be fog Tonight at Beamer Memorial Conservation Area,GetWeather
find the painting Strong Enough,SearchCreativeWork
rate I Commitments 5 of 6 points,RateBook
I need a reservation for Orthodox Good Friday,BookRestaurant
"I'm going to Herkimer and want some liver and onions and I need a table for bessie, antonia and lisa at a cafe around 10 AM",BookRestaurant
I give the current textbook a four points rating,RateBook
Play any chant from 1973,PlayMusic
Rate The Hindus An Alternative History 3 of 6 stars,RateBook
"Check the forecast for Fernwood , MT .",GetWeather
play the TV series BET Awards 2013,SearchCreativeWork
give 5 out of 6 points to Short Trips A Universe of Terrors,RateBook
I want to book a cafeteria for 4 that has meze,BookRestaurant
Incorporate Moribund the Burgermeister into the 50 Shades of Love playlist.,AddToPlaylist
Book me a reservation for Ad Hoc in Brazil for a party of 7,BookRestaurant
Show me a picture called Heart Like a Hurricane,SearchCreativeWork
rate this book a five .,RateBook
help me find the book called Journal of Neuroscience Research,SearchCreativeWork
Put Al Jarreau on the Concentración playlist,AddToPlaylist
what will the weather be in FL on 1/11/2030,GetWeather
add this clint mansell song to latin pop classics,AddToPlaylist
give four out of 6 star to this novel,RateBook
what will the weather be like in fourteen hours in Eastville,GetWeather
Add the track BG Knocc Out to the rapcaviar playlist,AddToPlaylist
Use Spotify to play music,PlayMusic
I want to hear music from 1975,PlayMusic
book a spot for 9 at Dinner in the Sky in SC,BookRestaurant
Play a popular chant by Brian Epstein,PlayMusic
add this song to my crossroad blues playlist,AddToPlaylist
Play me a song by Dj Paul Elstak in 1988 on Zvooq,PlayMusic
Play a 2014 theme from Greg Pattillo,PlayMusic
is AZ has chilly weather,GetWeather
Find a video game called Family Dog .,SearchCreativeWork
Play music from artist Ashley,PlayMusic
Include Badmeaningood Volume4 in jaime's Animal Stories playlist.,AddToPlaylist
Play Disco Tango to Power Walk,AddToPlaylist
Play sound track music from the twenties,PlayMusic
Play some Dave Pearce .,PlayMusic
I want to give the current saga 0 stars,RateBook
Play the music of Tupac Shakur,PlayMusic
I rate the book Time and Stars two points,RateBook
Give this novel two out of 6 stars,RateBook
What cinema is the closest showing movies,SearchScreeningEvent
Place this tune onto my dinner for 2 playlist.,AddToPlaylist
"Book a table at Carter House Inn in Saint Bonaventure , Alaska .",BookRestaurant
add little pattie track in Nu Metal,AddToPlaylist
find movie schedules for Dickinson Theatres,SearchScreeningEvent
Find a novel called Downward to the Earth .,SearchCreativeWork
Add r u still in 2 it to the under the surface playlist,AddToPlaylist
Find a picture of Music Hole,SearchCreativeWork
rate Beyond the Shadows 3 of 6 stars,RateBook
Can you play some music by andrew diamond,PlayMusic
rate National Geographic Dinosaurs 2 out of 6,RateBook
Is it snowy in DeMotte MS,GetWeather
Can I get the newest movie schedule in the area for animated movies ?,SearchScreeningEvent
what is the forecast for colder conditions within the same area of this current place,GetWeather
Make a reservation for four at a pub in Sugarville .,BookRestaurant
Is there a storm in Maliau-Basin-Conservation-Area now ?,GetWeather
Will it be foggy now close to Jolley,GetWeather
Will there be a snowfall here in the neighboring areas?,GetWeather
Rate current essay a zero,RateBook
add song to Zen Focus playlist,AddToPlaylist
Add Yma Sumac to this is animal collective,AddToPlaylist
Rate The Keys to the White House a zero,RateBook
Book reservations at a restaurant in Olton around supper time,BookRestaurant
Find a work with the name of Come Sing,SearchCreativeWork
I want to play the video game International Pinguicula Study Group Newsletter,SearchCreativeWork
"I want to add george formby, jr to the family favorites playlist",AddToPlaylist
Play me something Miles Davis did with a symphony,PlayMusic
play a movement from top-20 1983 by Baruch Chait,PlayMusic
Play me songs from agreable,PlayMusic
I need a party of 4 to get a table reserved at a pub with southeastern cuisine.,BookRestaurant
Will it be sunny one hundred thirty five days from now in Monterey Bay National Marine Sanctuary,GetWeather
Play some noise music on Netflix .,PlayMusic
Play a song from 2013 .,PlayMusic
Is there a snowstorm coming in Dana at 4 pm,GetWeather
Play some music by Daniel Carter,PlayMusic
Play music by mina caputo on Lastfm,PlayMusic
Which movies are playing at AMC Theaters ?,SearchScreeningEvent
Add track to novedades viernes sudamérica,AddToPlaylist
"What is the weather forecast tomorrow in French , UT ?",GetWeather
I want to eat at a scandinavian restaurant that is highly rated in Bonita Texas,BookRestaurant
I think that The Wizard is a four of 6 .,RateBook
Add artist Matt Noveskey to journey,AddToPlaylist
book a table this evening in Saint Vincent and the Grenadines at a gastropub,BookRestaurant
I'd give the Embers of War saga a rating of 2 points .,RateBook
search for movie Turn Back the Clock,SearchCreativeWork
Book a table for mindy and angelita at a restaurant which serves café liégeois,BookRestaurant
Add what child is this to Dark Dance Floors,AddToPlaylist
I would give French Poets and Novelists a best rating of 6 and a value of three,RateBook
Is the TV show The Prodigal Wife on today?,SearchCreativeWork
Check the forecast for Orson for around 9 PM,GetWeather
Play me a song from Voices & Images,PlayMusic
"I need a table for me, violet and maude at a restaurant in NE",BookRestaurant
can I get the movie times,SearchScreeningEvent
play Latina,PlayMusic
Add Amir Khan to my playlist Acoustic Blues,AddToPlaylist
Add this tune to retrowave outrun,AddToPlaylist
Where is the nearest cinema that is playing The Kid Brother,SearchScreeningEvent
add the artist P D Q Bach to the te quiero playlist,AddToPlaylist
Add Ernie Hawkins to the Dubstep playlist.,AddToPlaylist
Please play something on Last Fm,PlayMusic
"I want to see The Happy Thieves at Marcus Corporation , can you show me movie times .",SearchScreeningEvent
What type of movie is Houston Press ?,SearchCreativeWork
I'd like to eat at The Firehouse Restaurant,BookRestaurant
rate this book titled The Silver Chalice a 1,RateBook
I would like to book a puglia food court in KY,BookRestaurant
play an eighties song by Ler Lalonde,PlayMusic
in one hour find King of Hearts,SearchScreeningEvent
What are the current movie schedules ?,SearchScreeningEvent
I would rate this album a 3,RateBook
please put Linzi Stoppard into my sxsw fresh playlist,AddToPlaylist
play Fernando Olvera,PlayMusic
I want to book a Minnesota bar,BookRestaurant
my indietronic playlist needs until the end of time added,AddToPlaylist
Rate the current essay 4 stars,RateBook
"Book a restaurant in Goshenville PR for October 16, 2038 .",BookRestaurant
I want to put look to you on the playlist named 80s Classic Hits,AddToPlaylist
add this track to tameka's dance playlist,AddToPlaylist
Is it freezing far from here on 12/5/2032,GetWeather
What are the movie schedules for any animated movies playing in the neighbourhood ?,SearchScreeningEvent
"find Mother Earth , a TV show",SearchCreativeWork
I need to book a restaurant in the same area as Thompsontown for emma and karen johnson,BookRestaurant
Where can I buy a hardcover copy of the book The Intangibles of Leadership ?,SearchCreativeWork
Where can I find the movie schedules ?,SearchScreeningEvent
Book a popular brasserie in Roads End,BookRestaurant
play a top-fifty 1965 album by Ski,PlayMusic
add yang hyun seok to the playlist called night out,AddToPlaylist
find a book called Outpost Firewall Pro,SearchCreativeWork
When is Girls Just Want to Have Fun playing at the movie house ?,SearchScreeningEvent
Please provide me with movie schedules .,SearchScreeningEvent
add thomas anders to my crossroad blues,AddToPlaylist
Play some chant from 1974,PlayMusic
book a carolina style restaurant in North Korea for my grandkid and I,BookRestaurant
Add daigo to indietronic,AddToPlaylist
Will there be fog in Nebraska ?,GetWeather
I would like an outdoor cafeteria for 3,BookRestaurant
I want to put this track on diann's Just Smile playlist,AddToPlaylist
Show me the picture Batman The Long Halloween,SearchCreativeWork
Put this agent m tune onto de cantautor español .,AddToPlaylist
I give Ruled Britannia a rating of five out of 6 .,RateBook
Where is the nearest cinema that has Southside 1-1000 ?,SearchScreeningEvent
Rate Battle Hymn of China five of 6 points,RateBook
Add artist to ina's 2010s smash hits,AddToPlaylist
book a restaurant for 4,BookRestaurant
Play the newest stuff by blowfly,PlayMusic
I would give the series History Decoded The 10 Greatest Conspiracies of All Time a rating of 3 points,RateBook
Will it get cloudy in Cliffwood Beach ?,GetWeather
Give the current album 1 star,RateBook
rate this saga 1 points,RateBook
This current essay deserves only a three rating,RateBook
What's the weather in Stamps,GetWeather
Is it going to storm in NE,GetWeather
I want to book a restaurant neighboring Livonia Av,BookRestaurant
I think The Turbulent Term of Tyke Tiler is a rating of 3 .,RateBook
I want to find a salami restaurant in Bastian IN,BookRestaurant
Add silver apples to teh sin estrés playlist.,AddToPlaylist
Is there a storm in the weather forecast for Baraga Oregon,GetWeather
I need the forecast for hot in Barbados May City in 1 year,GetWeather
Add this track to the Sin Ti playlist,AddToPlaylist
is Maalaea has chillier weather,GetWeather
Add this tune to cristina's endorphin rush playlist,AddToPlaylist
find movie times,SearchScreeningEvent
Is it going to storm in Black Rock Alaska,GetWeather
show the movie Move Any Mountain,SearchCreativeWork
Play chant music by Big Dee Irwin .,PlayMusic
I want to rate the Selected Letters of H. P. Lovecraft I saga 3 stars,RateBook
find a cinema nearest showing Twilight of Shadows at breakfast time,SearchScreeningEvent
Play my playlist TGIF on itunes,PlayMusic
Add an abrar ul haq track to my playlist Soul Lounge,AddToPlaylist
Incorporate Ayumi Hamasaki Arena Tour 2009 A Next Level into my Música Libre playlist.,AddToPlaylist
I want to watch the TV show Official Detective,SearchCreativeWork
Can you help me find Preaching to the Perverted ?,SearchCreativeWork
Give the current album a four .,RateBook
Where to get saga of A Brush with the Law,SearchCreativeWork
Play Shinya Yamada music from 1962 on Groove Shark,PlayMusic
book a spot for ten in MS,BookRestaurant
I want to eat at a food truck this week with my colleague and I,BookRestaurant
"Please book a restaurant for party of 1 in Seeley Lake on july the fourteenth, 2022 .",BookRestaurant
What is the local movie schedule,SearchScreeningEvent
Show me a movie schedule .,SearchScreeningEvent
Play thirties concerto music on Google Music,PlayMusic
find The Angry Birds Movie,SearchCreativeWork
play any sixties song,PlayMusic
Give me the schedule for animated movies at the nearest cinema,SearchScreeningEvent
Find The American Journal of Economics and Sociology .,SearchCreativeWork
some me a Healthy picture,SearchCreativeWork
add the artist Beardyman to my classical x playlist,AddToPlaylist
is it going to be warm here,GetWeather
What are the movie schedule at Malco Theatres,SearchScreeningEvent
Rate The Summer King saga a 1 stars,RateBook
I need a photograph of The Oregon Desert,SearchCreativeWork
how's the weather in Mowrystown,GetWeather
"What is the weather forecast for Colfax , Senegal on 1/1/2031",GetWeather
Plau me the song The French Chef,SearchCreativeWork
Add Troy van Leeuwen to my nu metal list,AddToPlaylist
Add the yumi matsuzawa album to my sexy as folk playlist,AddToPlaylist
find Tortured Man,SearchCreativeWork
Rate the current textbook a 5 .,RateBook
Can I know what animated movies are scheduled in the neighbourhood ?,SearchScreeningEvent
Shoe the movie showings for the closest cinema showing international movies,SearchScreeningEvent
Rate current book two points,RateBook
please add Secrets of the Alibi to the playlist called keep calm,AddToPlaylist
Can you find the painting The Crow Original Motion Picture Soundtrack,SearchCreativeWork
Book a table for eight this month in Maldives .,BookRestaurant
Can I get the showtimes for Fit for a King ?,SearchScreeningEvent
I want top-rated veneto cuisine at a restaurant in Antietam for 2 .,BookRestaurant
book a table for me and belinda serving minestra in a bar,BookRestaurant
I'd give The Jewel in the Crown saga four of 6 stars,RateBook
Rate Ecology From Individuals to Ecosystems five out of 6 stars,RateBook
I want to hear the Jody Williams sound track,PlayMusic
add Joe Gibbs to my The Bachelor Party playlist,AddToPlaylist
Rate this book 0 points out of 6,RateBook
Will it be hotter next month in South Dakota ?,GetWeather
Play Hættuleg Hljómsveit & Glæpakvendið Stella by Kaori Iida,PlayMusic
Rate Peddling Prosperity zero stars,RateBook
rate this essay four out of 6,RateBook
Is it cloudy in Cuba ?,GetWeather
Tell me the weather forecast for Korona,GetWeather
Add concrete roots to punk español playlist,AddToPlaylist
Play Rob Mills album The Golden Archipelago .,PlayMusic
I need the weather at noon for E.A. Vaughn Wildlife Management Area,GetWeather
Show me the films at the closest cinema,SearchScreeningEvent
Search for a picture of Darker than black,SearchCreativeWork
Please look for the TV show Memoirs from a Bedroom Issue 1,SearchCreativeWork
Play some fast fusion on Spotify,PlayMusic
Add this track to the Sunshine Reggae playlist,AddToPlaylist
Play music from the eighties on Slacker .,PlayMusic
What's the forecast for my current spot,GetWeather
I'd like to hear Ami Suzuki 's latest record,PlayMusic
put this Tripp Eisen song on canta en la ducha,AddToPlaylist
Find the Cold Dead Hand video game for me,SearchCreativeWork
Play The XYY Man soundtrack,SearchCreativeWork
I need to book a restaurant in Sunnybrook for 7,BookRestaurant
I want to see the local movie times,SearchScreeningEvent
Add Sabrina Salerno to the Grime Instrumentals playlist,AddToPlaylist
Play This Is Animal Collective please,PlayMusic
rate this book saga 3 out of 6 stars,RateBook
book a spot at an indoor gastropub in NY,BookRestaurant
I rate the book Rusty String Quartet a 4,RateBook
whats the movie schedules for animated movies close by,SearchScreeningEvent
What are the showtimes for Boy of Mine,SearchScreeningEvent
Add more David Wolfenberger to my Duetos playlist.,AddToPlaylist
Book a reservation for a restaurant in Palau in six years,BookRestaurant
Put this artist on instrumental study playlist,AddToPlaylist
Play some Gospel music.,PlayMusic
Book me a pizzeria that serves oreo for eight,BookRestaurant
Find a video game called The Last American Virgin .,SearchCreativeWork
Play any album from the twenties,PlayMusic
Play Shinehead 's music from the twenties on Slacker .,PlayMusic
Can you add a track to my Spain Top 50 playlist,AddToPlaylist
add Kisaki to Family Road Trip playlist,AddToPlaylist
listen to ballad songs from 1999,PlayMusic
Is it freezing close to DC ?,GetWeather
list movies in the neighbourhood,SearchScreeningEvent
Please find the work titled Talking to Heaven,SearchCreativeWork
Rate this essay four out of 6,RateBook
book a restaurant for five in karnataka,BookRestaurant
Play ballad from Mandy Moore,PlayMusic
Plpay my Disco Fever playlist.,PlayMusic
what is the Idledale forecast,GetWeather
give 4 out of 6 stars to this textbook,RateBook
Is Millions in the Air playing at the cinema,SearchScreeningEvent
Need weather forecast for Stacy in Vanuatu,GetWeather
play music from 2014,PlayMusic
play the 2014 album from la lupe,PlayMusic
I'm looking for the television show titled Justice League,SearchCreativeWork
The Sleep Machine Rainforest playlist needs another tune,AddToPlaylist
I want to listen to some Saori Atsumi from the twenties on Deezer,PlayMusic
find a television show called I Got a Bag of My Own,SearchCreativeWork
I need to find the saga Trail of the Yukon,SearchCreativeWork
what will the weather be in Double Oak at 12 am,GetWeather
Put a Paul Hardcastle song in my classic jazz funk playlist.,AddToPlaylist
Look up the Rock the Blind photograph,SearchCreativeWork
Play music by Damien Rice,PlayMusic
I want to book a restaurant for nine with wifi,BookRestaurant
Play me some Badass Women on Groove Shark,PlayMusic
I would give Sentenced to Prism a rating of zero and a best rating of 6,RateBook
"Please book me a table for 6 people at Top of the Mark in Raleigh Hills , Kentucky",BookRestaurant
book a table for ten in Pollock PA,BookRestaurant
Book a jewish churrascaria in Minnesota for 9 people.,BookRestaurant
Can i add the a rating of two out of 6 stars to the book The Pocket Book of Boners,RateBook
"find Good Night, and Good Luck at a Cinemark Theatres",SearchScreeningEvent
I need a table at a brasserie in Belgium,BookRestaurant
The A Mighty Fortress series should be rated a two,RateBook
Tell me the weather for Comertown,GetWeather
Add this tune to my list jazz vibes,AddToPlaylist
I am giving the current novel a four out of 6 rating.,RateBook
give this textbook a 4,RateBook
Will it be colder in San Pablo today ?,GetWeather
Find time for the movie schedule,SearchScreeningEvent
Where can I find the TV show of The School Teacher in the House,SearchCreativeWork
Can I hear a symphony from the seventies on Youtube ?,PlayMusic
"I want to send music to ann's lists from SIR John Winston Ono Lennon , put it on her Infinite Indie Folk list",AddToPlaylist
rate this album three stars,RateBook
Reservea  table for five people on september second in Gabon .,BookRestaurant
I'd like to hear Infinite Indie Folk on Slacker .,PlayMusic
When is The Blood Stain playing at the movie house ?,SearchScreeningEvent
I'd like to listen to Space music,PlayMusic
Put this album on my wine & dine playlist,AddToPlaylist
The Comics We Loved gets 1 out of 6 points,RateBook
Will it be colder in Connorville,GetWeather
put Johnny Wakelin on my té para tres lis,AddToPlaylist
I'd like to play the song In a Reverie,SearchCreativeWork
I want to book The Hat for my grandfather and I in Arkansas .,BookRestaurant
add album to mellow bars,AddToPlaylist
Rate this album zero of 6,RateBook
"Add Perfect Sense, Part I to my women of classical list",AddToPlaylist
Can I put Indocumentado onto my Folk Music At The Gaslight Café playlist?,AddToPlaylist
book an osteria in North Salt Lake for three,BookRestaurant
play In The Arms Of God on Zvooq by Nimal Mendis,PlayMusic
Show the Immortal Grand Prix,SearchCreativeWork
Find In the Line of Duty Street War .,SearchCreativeWork
Give me the Spirit the Earth Aflame TV show .,SearchCreativeWork
show weather forecast in West Crossett Luxembourg in fourteen minutes,GetWeather
Add some jim diamond to peace,AddToPlaylist
Play celtic music,PlayMusic
Rate A Battle of Nerves three stars out of 6,RateBook
rate this book titled The Gray Prince 5 points,RateBook
Use itunes to play dancing playlist,PlayMusic
add the album the martin garrix show to my playlist,AddToPlaylist
When is Scaramouche playing?,SearchScreeningEvent
play the last Rocko music with deezer,PlayMusic
"I would like to book a fry sauce bar for jul. 3, 2019",BookRestaurant
What movie times,SearchScreeningEvent
book a taverna for 10 for NY,BookRestaurant
Where can I find the creative works The Very Best of Simply Red,SearchCreativeWork
play songs by Queen,PlayMusic
need a table now somewhere nearby Petit Manan National Wildlife Refuge,GetWeather
What are the movie schedules at the IMAX Corporation,SearchScreeningEvent
book spot at a balinese joint,BookRestaurant
Play These Four Walls by Yummy Bingham .,PlayMusic
Play artist Vlada Divljan from something he did that is good,PlayMusic
I'd like a table for six at the bakery in AS,BookRestaurant
Add however much i booze to my playlist called atmospheric black metal,AddToPlaylist
charlene and I and are are in Liechtenstein and want restaurant reservations at midnight .,BookRestaurant
What animated movies are at Pacific Theatres,SearchScreeningEvent
What is the forecast for Iceland and Danville for rain for nine months from now,GetWeather
book a restaurant on martin luther king jr. day with parking,BookRestaurant
Add this artist to my garage jams,AddToPlaylist
Is it windy in June Park ?,GetWeather
Add another song to the acoustic soul playlist,AddToPlaylist
Play the TV series Effortless Regurgitation of Bright Red Blood,SearchCreativeWork
I want you to add a George Chisholm tune to my 40 hits playlist.,AddToPlaylist
Give the current album 2 out of 6 points .,RateBook
play me music by Whip with Zvooq,PlayMusic
"I need a reservation for Arcadian Court on June the fifth, 2035",BookRestaurant
is it supposed to be sunny here ?,GetWeather
Where can I watch the television show You Make Me Hate Music,SearchCreativeWork
play Joshua Homme Belle And Sebastian Write About Love,PlayMusic
I want to give this current textbook 4 points .,RateBook
put this track on soul bpm my playlist,AddToPlaylist
I give the Budayeen Nights saga five out of 6 points .,RateBook
What movies are at Malco Theatres,SearchScreeningEvent
Put this shelter from the storm on r&b party classics,AddToPlaylist
I want to add Mark Boston to my Power Walk list,AddToPlaylist
Rate this current essay 1 out of 6 points,RateBook
I give the following album a zero .,RateBook
Where can I find On the Marble Cliffs,SearchCreativeWork
Put the song playing on laverne's rapcaviar playlist,AddToPlaylist
Play chant from Freddy Fender on iheart,PlayMusic
Does Pacific Theatres have animated movies starting in 1 minute ?,SearchScreeningEvent
I want the show The Sense Apparatus,SearchCreativeWork
rate current saga one point out of 6,RateBook
give the current book 0 out of 6 points,RateBook
Play some Glenn Stetson music on Spotify,PlayMusic
add this artist to my playlist named funtime,AddToPlaylist
What's the weather in Meherrin,GetWeather
Find an album called Preminchi Choodu .,SearchCreativeWork
give 4 out of 6 points to this book,RateBook
this album is five stars .,RateBook
Book a table for one at a highly rated bistro,BookRestaurant
Is Thenaruvi playing at the Douglas Theatre Company in one hour ?,SearchScreeningEvent
I want seats for 4 at a Sichuan Food restaurant in Indonesia,BookRestaurant
"I'd like a table for my teenager and I at the Washington, D.C. Jewish Community Center",BookRestaurant
Put a molly mcguire album in my metal talks kreator playlist.,AddToPlaylist
Book a churrascaria restaurant for 2 which serves mezes,BookRestaurant
Show me the current movie times,SearchScreeningEvent
Rate this textbook 2 points .,RateBook
Rate this essay four,RateBook
"I need to book a restaurant in Fork Mountain , SC for valarie, mari and I",BookRestaurant
Add another song to my this is status quo playlist.,AddToPlaylist
Add child owlet to my Sleep Sounds playlist,AddToPlaylist
I'd like to go to the popular bistro in OH,BookRestaurant
can i give the book The Saga of Seven Suns a four out of 6 stars,RateBook
Rate this textbook a zero,RateBook
What time is 26 Years Diary showing in the movie house ?,SearchScreeningEvent
I would like reservations for Giodi's in Piper AZ .,BookRestaurant
I want to make a reservation for one at a sushi restaurant in Brucetown,BookRestaurant
Play the red room sessions from chris cunningham,PlayMusic
I want to eat at a pickled cucumber brasserie in 12 months,BookRestaurant
add Paper Doll to the Power Walk playlist,AddToPlaylist
Play Funky Heavy Bluesy,PlayMusic
find The Moldy Peaches,SearchCreativeWork
book a highly rated place in IN in seven years at a pub,BookRestaurant
What is the AMC Theaters movie schedule ?,SearchScreeningEvent
give five out of 6 points to this album,RateBook
Put a track by Ricky Martin into my 70s smash hits playlist.,AddToPlaylist
"Will there be a lot of cloud activity next summer in Nellieburg , Arkansas",GetWeather
Book a reservation for six people at a churrascaria restaurant in Cook Islands one minute from now,BookRestaurant
book a spot at a highly rated pub in Woodston,BookRestaurant
Include Jesper Kyd in the Grime Instrumentals playlist,AddToPlaylist
Rate The Best American Short Stories 2007 one out of 6 points,RateBook
add song to Sleepytime,AddToPlaylist
book a best tavern for nine,BookRestaurant
When is Lake City playing at Dipson Theatres ?,SearchScreeningEvent
What time is Exploits of a Young Don Juan playing?,SearchScreeningEvent
I need a reservation for the best asian joint on Jan. 3 in Bradford Alabama for a party of 9,BookRestaurant
Can you play the greatest sarah brightman song,PlayMusic
Play a 1958 soundtrack by Rudolf Schenker on Netflix .,PlayMusic
Add Don and Sherri to my Meditate to Sounds of Nature playlist,AddToPlaylist
Show me The Tivington Nott,SearchCreativeWork
play the album Wayning Moments by Rabbit Brown,PlayMusic
Please search for the Two Faces of My Girlfriend saga .,SearchCreativeWork
I'm looking for Paris Match,SearchCreativeWork
Find a trailer called Hellboy The Troll Witch and Others .,SearchCreativeWork
Show me the current movie times,SearchScreeningEvent
give 0 out of 6 star to Religion and Dharma series,RateBook
Play Eternally by Marko Desantis on zvooq .,PlayMusic
rate the current chronicle 0 of 6 stars,RateBook
Give the current album a five .,RateBook
Play the album Killer Instinkt,PlayMusic
Find Conker Live and Reloaded,SearchCreativeWork
Play rie fu music sorted by the best .,PlayMusic
What's the forecast for Georgia ?,GetWeather
add scarlet begonias to my para entrenar playlist,AddToPlaylist
Play some Don Ho on Netflix,PlayMusic
will it be temperate in Hybla Valley Tajikistan,GetWeather
Rate this album 3 out of 6,RateBook
add A Compilation of Warped Music II to workout twerkout playlist,AddToPlaylist
Tell me if it will hail in Elliotts Bluff at five o'clock,GetWeather
Play music on youtube,PlayMusic
Where can I listen to the soundtrack of Gibraltar Britain in the Sun,SearchCreativeWork
"Blood Colony was awful, I'd give it one stars at most.",RateBook
add alexandra govere to my anochecer urbano playlist,AddToPlaylist
Give Love in the Time of Foreclosure 4 of 6,RateBook
Make me a reservation within walking distance in WY for 6 pm,BookRestaurant
Play a soundtrack from 1954 .,PlayMusic
Where can I purchase the saga The Second Life of Samuel Tyne,SearchCreativeWork
add this song by George Melly to my 90's Baby Makers playlist,AddToPlaylist
give this a four for the next series of points,RateBook
I give The Prestige a rating of 5,RateBook
show me the When Your Heart Stops Beating photograph,SearchCreativeWork
Rate this textbook five points,RateBook
play By The Sleepy Lagoon by Greg Kurstin,PlayMusic
What's the weather forecast for Belknap ?,GetWeather
play a top-10 ballad from 1995,PlayMusic
Play a 2007 track from Adam Jones,PlayMusic
River Secrets deserves a best rating of 6 but zero points,RateBook
How much sun will there be at 070343 PM. in Jones Chapel ?,GetWeather
Will it be hotter in MD on apr. 10th ?,GetWeather
find the video game The Tomb,SearchCreativeWork
Play me a 1958 adam yauch concerto on Groove Shark,PlayMusic
Find a novel called A Perfect Day .,SearchCreativeWork
Sort eighties ep from the last,PlayMusic
Can you add Honey Hush to hits of the 60s,AddToPlaylist
Find me a table for me and my grandkid in Union Square Cafe,BookRestaurant
When and where is DistroWatch playing,SearchCreativeWork
add this artist to romántica,AddToPlaylist
Book me a pub nine weeks from now for 4 people.,BookRestaurant
Will it snow in Granbury ?,GetWeather
When is For Lovers Only playing?,SearchScreeningEvent
Find me the Travel Weekly,SearchCreativeWork
Can i get the showtimes for films in the area .,SearchScreeningEvent
Play Alles Heeft Ritme by Liu Tianhua .,PlayMusic
Open Deezer and play top 40 hits,PlayMusic
Tell me the weather forecast for Cape Verde,GetWeather
Will it rain 17 weeks from now in Teide National Park ?,GetWeather
Can I get the showtimes for The Man Who Could Talk to Kids ?,SearchScreeningEvent
4 stars out of 6 is the rating for Fires of Azeroth,RateBook
I need to add another track to my cleaning playlist.,AddToPlaylist
add this tune to my weekend playlist,AddToPlaylist
Forecast for 0222 pm Maldives,GetWeather
add this artist to the playlist cool jazz,AddToPlaylist
find information about the album Flipper City,SearchCreativeWork
Show me the movie schedule,SearchScreeningEvent
play a sixties song by George Sanger,PlayMusic
Play me a song by Hank Thompson from Moa Anbessa,PlayMusic
what time is The Dungeonmaster playing at AMC Theaters,SearchScreeningEvent
find Jono and Ben,SearchCreativeWork
List movie times playing animated movies nearby,SearchScreeningEvent
the next novel is 4 stars,RateBook
book trentino serving bar for 4,BookRestaurant
Play Elliot Easton 's album Beautiful,PlayMusic
add this david cole track to my Totally Stress Free,AddToPlaylist
book at table at Forest Av restaurant close-by for 2 1 second from now,BookRestaurant
give zero rating to The Deed of Paksenarrion,RateBook
When is Youth Without Youth being shown at the nearest movie house ?,SearchScreeningEvent
Find a soundtrack called Meet The Vogues .,SearchCreativeWork
play music form the fourties with Slacker,PlayMusic
Show me movie times at MJR Theatres at 023923 pm,SearchScreeningEvent
0 stars for this textbook,RateBook
Give The Phantom Ship a zero .,RateBook
book a table for six at Hubbell House in NE,BookRestaurant
Give me a link to the saga called Copper – Justice is brutal,SearchCreativeWork
I need information on movie schedules,SearchScreeningEvent
"What will the weather be like at eight PM in Bon Air , Uruguay",GetWeather
add to my playlist Lazy Chill Afternoon Nothing Can Stop Us,AddToPlaylist
I'd like to know what films are scheduled at Alamo Drafthouse Cinema .,SearchScreeningEvent
show me the Evil Dead painting,SearchCreativeWork
can i have the movie schedule for IMAX Corporation,SearchScreeningEvent
Play something off Rage Radio,PlayMusic
where can i watch Key to the City,SearchScreeningEvent
Play me some music from 1999,PlayMusic
What's the weather like in Serbia,GetWeather
Play a song off Get Up Offa That Thing by Doseone on Last Fm,PlayMusic
Can you play that last ep from the twenties,PlayMusic
Can you please find me The Biggest Loser Brunei The Spirit of Life photograph ?,SearchCreativeWork
book a spot for 3 in MT,BookRestaurant
What's the forecast for Alley . Canada ?,GetWeather
book a spot at a soul food food truck in Cawker City,BookRestaurant
Will it be stormy in Deposit,GetWeather
add saxophone supremacy to ofelia's calm before the storm playlist,AddToPlaylist
What is the weather forecast in 2 seconds for South Carolina,GetWeather
give 2 out of 6 stars to current chronicle,RateBook
give this album three out of 6 points,RateBook
Can you find the novel Journal of Social Work,SearchCreativeWork
Play a top track by Janamanchi Seshadri Sarma,PlayMusic
I need a reservation for eight at a diner that has desserts in Ashmore TN,BookRestaurant
how much hotter will it be once close to Namibia,GetWeather
I need to book a reservation in Searsport at eleven am,BookRestaurant
Rate the current book 0 stars,RateBook
"Can you find a photograph entitled, Beneath the Harvest Sky",SearchCreativeWork
Find a novel called Testing Anywhere .,SearchCreativeWork
For this essay I give a posiabble 3 of 6,RateBook
Will it be hotter on oct. the 20th in Massachusetts,GetWeather
Play The God That Failed on Vimeo .,PlayMusic
Play the Charlie Hunter theme off of Last Fm,PlayMusic
Make a reservation for 7 people at a gastropub on Isle of Man .,BookRestaurant
"What is the weather forecast for june the third in Rileyville , CO",GetWeather
Show me The Advocate,SearchCreativeWork
Find a picture called Every Little Thing She Does Is Magic .,SearchCreativeWork
play some music from the thirties,PlayMusic
What's on the movie schedules at Amco Entertainment ?,SearchScreeningEvent
what's the closest movie house showing animated movies,SearchScreeningEvent
book me a restaurant for 4 members at Beaman Federated States Of Micronesia in one minute,BookRestaurant
What will be the wind speed at the current place ?,GetWeather
book a highly rated place for my momy and I for mughlai food at a restaurant,BookRestaurant
add clem burke in my playlist Pre-Party R&B Jams,AddToPlaylist
Add shame on you to my masters of metal playlist,AddToPlaylist
Play some music on Slacker,PlayMusic
Tell me the weather forecast for Niue,GetWeather
book a restaurant for me and my mother in law in Montserrat,BookRestaurant
What is the forecast in the same area as Fiji,GetWeather
What's the weather for this year in Oregon,GetWeather
Play 2012 symphony music by Nardwuar The Human Serviette on Netflix .,PlayMusic
Show me the painting called The Descendants .,SearchCreativeWork
give the current textbook 1 out of 6 stars,RateBook
Play a sound track from 1952 .,PlayMusic
Rate this essay two points,RateBook
Will there be rainfall four weeks from now in Tehama Bahamas,GetWeather
Rate this essay 4 of 6 stars,RateBook
How much wind will there be in NM on november 11th,GetWeather
Can you add a tune by natalie macmaster to my viajes playlist,AddToPlaylist
Please make reservations for three at a kosher taverna nearby our secondary residence,BookRestaurant
Will it be chillier seven weeks from now in Senegal,GetWeather
Is the forecast stormy this afternoon in Maryland ?,GetWeather
I'd like to watch The Slender Thread at 6 PM,SearchScreeningEvent
add vintage 74 to my mother's Primavera Sound 2016 Barcelona playlist,AddToPlaylist
Add Ihsahn to Hip Hop 2017 New School,AddToPlaylist
What's the weather forecast for tomorrow around Sankertown ?,GetWeather
this horrible essay gets zero out of 6 stars,RateBook
play the album Pressure Cracks with Netflix,PlayMusic
play some Nastya Kamenskih on Zvooq,PlayMusic
"find Attack Surface Analyzer , a painting",SearchCreativeWork
"What will be wind speed in Tiplersville , South Sudan ?",GetWeather
Rate the Tropic of Cancer book a 2 out of 6,RateBook
Add Scarred to my This Is Zezé Di Camargo & Luciano,AddToPlaylist
The Cool World gets 4 points,RateBook
Rate The Change 0 out of 6 points,RateBook
Add javine hylton to my evening playlist,AddToPlaylist
I gave the current book a three of 6,RateBook
Add decade in the sun best of stereophonics to laundry .,AddToPlaylist
Give the current book im reading zero points out of 6 .,RateBook
Find a table for 8 somewhere in Bonaire in 345 days,BookRestaurant
Play anything from Hiromitsu Agatsuma off iHeart .,PlayMusic
i need a table at a close by restaurnt in Hackney for ten,BookRestaurant
in twenty three hours and 1 second my daughter and I want to eat at a restaurant,BookRestaurant
add Joelia Savitsjeva in 88 keys,AddToPlaylist
show The Best of Minnie Riperton saga,SearchCreativeWork
Add A Gate Through Bloodstained Mirrors to feelin' good playlist,AddToPlaylist
Add an album by m g sreekumar to my laidback acoustic playlist.,AddToPlaylist
Want to know the hot weather situation in Netherlands december 4 .,GetWeather
will there be a blizzard in Kettleman City today,GetWeather
Weather for Turtle River State Park,GetWeather
Add Slimm Cutta Calhoun to my this is prince playlist.,AddToPlaylist
play some tango on iheart,PlayMusic
Add the artist tom cochrane to new york groove,AddToPlaylist
Find animated movies at Landmark Theatres at dinner time.,SearchScreeningEvent
Is the start time 151652 for movies in the neighborhood,SearchScreeningEvent
What time is Death Nurse showing,SearchScreeningEvent
book a spot at The Red Onion in San Marino for next week,BookRestaurant
Add this song to my list Trabajo Relax,AddToPlaylist
Play some Iris Dement 's theme based 2015 music on lastfm,PlayMusic
book a spot for 1 at a pub with internet,BookRestaurant
Find me the TV show The First Bite .,SearchCreativeWork
Play a concerto by Thekra .,PlayMusic
I give Benson-Meditation 1 out of 6 stars .,RateBook
Rate the current book 3 out of 6,RateBook
Play music from Clark Kent in the year 1987,PlayMusic
I'd rate this novel at 2 points,RateBook
Play new Teo Macero,PlayMusic
is there a Chinese Wikipedia,SearchCreativeWork
Is there going to be a depression in Point Washington State Forest,GetWeather
I want to see the trailer for The Entity,SearchCreativeWork
Find me the song called The Budapest Beacon .,SearchCreativeWork
Play some Laurie Anderson .,PlayMusic
What's the weather faraway from here on sep. the fifteenth,GetWeather
For my Crossfit playlist add The Soul Sessions Volume 2,AddToPlaylist
Where can I find the Ricky Skaggs discography,SearchCreativeWork
can i have the movie schedule for right now,SearchScreeningEvent
one stars out of 6 is my rating for The Giaour .,RateBook
book a restaurant close by my daughters's work location with burrito three years from now,BookRestaurant
book a highly rated bar in Curacao for one,BookRestaurant
give Private Games 3 stars out of 6,RateBook
I want to hear eighties music by Noko on deezer .,PlayMusic
book a spot for 9 in New Mexico,BookRestaurant
Open my acoustic concentration playlist and play an entire album,AddToPlaylist
Will it get cold in Nationalpark Mu Ko Phetra ?,GetWeather
Play Llegando a Casa playlist,PlayMusic
rate Alfred Kropp The Thirteenth Skull 3 out of 6,RateBook
Give one / 6 points to Who Will Cry When You Die,RateBook
What will the weather be like in 16 weeks at the Ivory Coast,GetWeather
Play the top Maynard James Keenan .,PlayMusic
give 4 out of 6 stars to current chronicle,RateBook
Play a popular sound track by Joe Pass on Itunes .,PlayMusic
Find a TV series called When Harry Tries to Marry .,SearchCreativeWork
The Young Lion saga gets a solid 4 points out of 6 .,RateBook
Can i see the Boat People ?,SearchCreativeWork
Play sweet shanghai devil by Teddy Diaz .,PlayMusic
Rate 12 The Elements of Great Managing a 0,RateBook
"Will it be chilly in Penuelas Indonesia on Nov. 26th, 2030",GetWeather
How cold will it be in Palau around fourteen o'clock ?,GetWeather
Play me some folklore music,PlayMusic
Will it get hotter in the city of Ashford ?,GetWeather
Play Adieu by Al Arsenault,PlayMusic
book a table for 3 in Macao,BookRestaurant
What time is The Mourner playing at the movie house ?,SearchScreeningEvent
What time is The Night Before the Premiere playing at the movie house,SearchScreeningEvent
Please book a restaurant for ten members near downtown at 2038,BookRestaurant
add Monster Monster to my throwback thursday playlist,AddToPlaylist
I would rate this essay 2 stars and a best rating of 6,RateBook
out of 6 rate this a zero for Memories of the Ford Administration,RateBook
Find a video game called No Parking on the Dance Floor .,SearchCreativeWork
book cornelia and bettie a table at a brasserie restaurant in Colombia,BookRestaurant
what is the storm forecast in the same area of Honduras,GetWeather
find films at Magic Johnson Theatres,SearchScreeningEvent
"Let me hear the top album by the artist, Skin .",PlayMusic
find lesley's epic classical playlist and add this tune,AddToPlaylist
I want to read the saga Michael Clayton,SearchCreativeWork
"For the book Ethics , my rating is 2 out of 6",RateBook
I want to play the video game Miss Castaway And The Island Girls,SearchCreativeWork
find the trailer Platinum In Da Ghetto,SearchCreativeWork
I give 4 of 6 stars for the saga A Severe Mercy,RateBook
The book the Gardens of the Moon deserves only 1 stars .,RateBook
Add this song to my list called The Birth of Cool,AddToPlaylist
I would like to add something by Kuk Harrell to my Hip Hop 2017 New School playlist,AddToPlaylist
What is the weather forecast in nine months within walking distance of Ohio,GetWeather
add global underground 006 sydney to my Best Metal of the New Millennium,AddToPlaylist
Find Later That Evening,SearchCreativeWork
I want a table for 7 at a popular cafeteria on Holy Saturday in GA,BookRestaurant
I'd like to eat at an outdoor restaurant,BookRestaurant
Find The Black Girl in Search of God trailer,SearchCreativeWork
Can you find a photograph of Ace Ventura The CD-Rom Game,SearchCreativeWork
Book a restaurant in Palestine for 8 people at 9 AM,BookRestaurant
Add Transmission to my found them first,AddToPlaylist
find National Amusements showing The Trouble with Harry,SearchScreeningEvent
Put King of America onto the playlist with the title a sudden rainstorm,AddToPlaylist
Rate this essay two out of 6 stars,RateBook
book a brasserie for connie scott and madeline in Northern Mariana Islands in eleven hours,BookRestaurant
What movies are playing at Cineplex Odeon Corporation ?,SearchScreeningEvent
Put frank portman in my playlist GOOD Music,AddToPlaylist
Get me a table for 2 people 1 second from now in Tunisia .,BookRestaurant
I give One Clear Call zero out of 6 points,RateBook
Play Noche de chicas playlist,PlayMusic
Book a restaurant reservation in Hong Kong,BookRestaurant
Add another track to my Catch 'Em All playlist.,AddToPlaylist
table for nine at an internet pub,BookRestaurant
I need to book a restaurant for 6 people.,BookRestaurant
Play the top-10 chant by Caetano Veloso on Pandora,PlayMusic
What will the weather be like tonight at Greenfoot Quarry,GetWeather
Warren Island State Park distant Weather forecast for 11 am,GetWeather
what's the movie schedules for in the neighborhood at the movies,SearchScreeningEvent
What's the weather next week in Standard City,GetWeather
I want to watch Wide-Eyed and Ignorant,SearchCreativeWork
play Netflix tunes from 2003 on an album,PlayMusic
rate The Wimpy Kid Movie Diary saga 4 out of 6,RateBook
Give two stars to Scribblings,RateBook
Tell me what animated movies are being played at the closest movie house at 011900 AM,SearchScreeningEvent
Find the movie CURL,SearchCreativeWork
Please search A New Machine TV series .,SearchCreativeWork
I would rate this essay a one and a best rating of 6,RateBook
play Sunshine Reggae on youtube,PlayMusic
show creativity Cum On Feel the Noize the video game,SearchCreativeWork
find a photograph called Dragon Ball Z The Best Selections,SearchCreativeWork
Weather at breakfast in Montana,GetWeather
show movie schedules close by movies,SearchScreeningEvent
book in Pine Bluffs for 5 people in the same area,BookRestaurant
Add chen jiafeng to Ultimate 00s,AddToPlaylist
I give the previous album a zero .,RateBook
"Tell me the weather forecast for Ethridge , Maryland",GetWeather
Play some Antony Harding songs from the eighties,PlayMusic
where can I watch the TV show Terrorists The Kids They Sentenced,SearchCreativeWork
give five out of 6 stars to current essay,RateBook
rate Quantum Theology one out of 6,RateBook
Lets go far to The Wolseley in Maine,BookRestaurant
I rate The Mathematical Magpie chronicle a 0 of 6,RateBook
"What is the weather in Shenandoah Heights , Montenegro",GetWeather
"Book Childs Restaurants in Bruno for 1 person on October 6th, 2019 .",BookRestaurant
show movie times in North American Cinemas,SearchScreeningEvent
rate Doctor No one of 6,RateBook
Rate this textbook 1 stars,RateBook
Book a reservation for 2 at a food truck with pool in New York,BookRestaurant
Can you make reservations at a tea house that serves fettucine ?,BookRestaurant
Add this artist to lo más dance playlist.,AddToPlaylist
Play Les Pauvres Riches by Pan Mei Chen .,PlayMusic
Put dschiwan gasparjan into the Cool Down playlist.,AddToPlaylist
What is the weather forecast 131 days from now in Atanassow-See,GetWeather
Is Prophecy playing at Malco Theatres,SearchScreeningEvent
Add irving berlin to my dishwashing,AddToPlaylist
put this tune by mark norman on my keep calm list,AddToPlaylist
Which animated movies are playing today at KB Theatres ?,SearchScreeningEvent
book a table in Connecticut in Robinette for one second from now,BookRestaurant
I give the following album two out of 6 stars .,RateBook
I give Cross Country four out of 6 .,RateBook
Give me a forecast for Carol City,GetWeather
show me the schedule of movie The Duchess of Langeais in cinema,SearchScreeningEvent
play playlist A Mis Niños de 30,PlayMusic
rate Over the Edge a three,RateBook
find the TV series Shaun the Sheep,SearchCreativeWork
I need a restaurant that can accommodate a party of ten in Avant .,BookRestaurant
Show the movie times,SearchScreeningEvent
add song to Rocksteady playlist,AddToPlaylist
Play Turbulence Wild Streetdanz from Jeff Buckley,PlayMusic
"Is it currently cold in Elsmore , Luxembourg ?",GetWeather
Play Stereo by Jonathan Davis on Deezer .,PlayMusic
Rate The Postman Always Rings Twice zero stars out of 6 .,RateBook
I give the previous series four stars .,RateBook
Show me the trailer for The Glades .,SearchCreativeWork
What's the weather like around Laos ?,GetWeather
Which movie theatre is playing The Good Guys and the Bad Guys ?,SearchScreeningEvent
add this tune to my road trip playlist,AddToPlaylist
book a restaurant table at the food court in the spa sixteen hours from now,BookRestaurant
Tell me if it will storm at my current location,GetWeather
book me a restaurant in Guadeloupe,BookRestaurant
Book restaurnt at N9NE Group in Loogootee UT,BookRestaurant
rate The Little Book four stars,RateBook
What films and movie schedule are in the area,SearchScreeningEvent
Will it be colder 1 hour from now noew in East Dundee Zimbabwe,GetWeather
Play shining down by Tsukiko Amano on pandora .,PlayMusic
Play the playlist Gypsy Swing,PlayMusic
I want to add this tune by wheesung to my queen list,AddToPlaylist
In NH will it be chillier in West York at noon,GetWeather
I need a reservation for four at a bar,BookRestaurant
how much hotter will it be here tomorrow,GetWeather
What is the weather forecast in Pinson South Dakota,GetWeather
play steve harris False Gestures For A Devious Public album,PlayMusic
Find Trust in the Lord – Live Worship with Don Moen .,SearchCreativeWork
this album deserves a 0 of 6 possible,RateBook
add omnipresent to verano,AddToPlaylist
my timeless love songs playlist should include viderunt omnes,AddToPlaylist
turn on Last Fm to listen to Chara ballad from 1988,PlayMusic
Find Business Ethics A European Review .,SearchCreativeWork
What is the movie schedule today at Neighborhood Cinema Group ?,SearchScreeningEvent
What is the movie schedule of animated movies nearby,SearchScreeningEvent
What's the weather in Germantown Hills,GetWeather
Show me some movie times,SearchScreeningEvent
give zero out of 6 points to Marxism and the Oppression of Women,RateBook
Look for the TV series The Stars at Saint Andrea,SearchCreativeWork
Rate the current book three out of 6 .,RateBook
What is the forecast for march the twelfth faraway from Pine Mountain State Resort Park,GetWeather
find Warren Theatres films,SearchScreeningEvent
Can you get me a table reserved for three hundred thirty three days from now for eight people at a highly rated fast food place that serves north indian food not distant from Moores Mill,BookRestaurant
"Book a table for nine people at a brasserie on Jan. 16, 2034",BookRestaurant
rate Cock and Bull 5 of 6 points,RateBook
"whats the forecast for January 21, 2035 in Dubach",GetWeather
Is it going to get colder at my current location by 10 am,GetWeather
look up Adobe Brackets soundtrack,SearchCreativeWork
I want to book a popular tyrolean steakhouse in Madison Park WA in 1 hour nine minutes and one second,BookRestaurant
Look for Every Little Crook and Nanny,SearchCreativeWork
Add this artist to my This Is Philip Glass playlist,AddToPlaylist
"find The Great Hydration , a TV series",SearchCreativeWork
Where can I find the show Game of Death II,SearchCreativeWork
Find the movie schedule for ArcLight Hollywood .,SearchScreeningEvent
Put The Broken Wave on lo más dance,AddToPlaylist
rate this current essay 4 out of 6 stars,RateBook
please add this Rex Griffin tune to the Steampunk playlist,AddToPlaylist
Find me the Big Sean discography soundtrack,SearchCreativeWork
add track by Klute to winifred's de camino a clase playlist,AddToPlaylist
add this artist to my Sinfonía Hipster,AddToPlaylist
I'd like to watch movies at the closest movie theatre,SearchScreeningEvent
What is the weather in Sehlabathebe-Nationalpark,GetWeather
Rate this essay a two out of 6,RateBook
What is the local movie schedule,SearchScreeningEvent
"What will the weather be in Montevallo on july ninth, 2018 ?",GetWeather
Is snowfall forecast in PA ?,GetWeather
book a bar with mediterranean food for three people,BookRestaurant
What time is 楽園追放 -Expelled from Paradise-,SearchScreeningEvent
play some seventies Dj Colette,PlayMusic
when is Nattbuss 807 playing at a movie theatre near me,SearchScreeningEvent
What is the nearest movie theatre showing Ocean’s 13 ?,SearchScreeningEvent
Rate 5 out of 6 points to My Favorite Fantasy Story,RateBook
What time is Southern Theatres showing Ukraine Is Not a Brothel ?,SearchScreeningEvent
find a movie theatre with Intersections that is nearest,SearchScreeningEvent
show movie schedules,SearchScreeningEvent
I want to hear some twenties music from Billy Sheehan,PlayMusic
Is it forecast to be warm in Doi Inthanon National Park ?,GetWeather
Where can I buy the soundtrack Bridge of Souls,SearchCreativeWork
Play playlist Chilled R&B,PlayMusic
"I'd like a table for three at Black Rapids Roadhouse on February 24th, 2039",BookRestaurant
find Naomi & Wynonna Love Can Build a Bridge,SearchScreeningEvent
I want to listen to the song The Loving Spirit,SearchCreativeWork
Can you let me know when Troopers Three is scheduled?,SearchScreeningEvent
Can you tell me the weather forecast for Samoa,GetWeather
rate the following novel one of 6,RateBook
"Will it be hot in AMenia , WI ?",GetWeather
Show me the movie schedules for movies playing nearby .,SearchScreeningEvent
rate the book English Grammar In Use a five,RateBook
What is the 7 A.M. movie schedules at Amco Entertainment,SearchScreeningEvent
Rate this textbook two out of 6,RateBook
how is the weather in Mount Olivet,GetWeather
Play me a song from 1972 by Sweet Emma Barrett,PlayMusic
"Is it warmer in Monson , U.S. Minor Outlying Islands",GetWeather
"put this song in my funk playlist, please",AddToPlaylist
I need some ambient music.,PlayMusic
Find me the JQuery Mobile TV show,SearchCreativeWork
Add artist to showstopper being mary jane,AddToPlaylist
Give Star Songs of an Old Primate 4 out of 6 points,RateBook
What is the weather forecast one minute from now in Macao,GetWeather
Add artist chris squire to my The Birth of Cool playlist,AddToPlaylist
Will it be hotter in Pecan Grove,GetWeather
play music by Cass Elliot,PlayMusic
What time is Wild and Wooly playing,SearchScreeningEvent
forecast for Conrad,GetWeather
"find A Tale of Two Cities , a painting",SearchCreativeWork
what is the 11 pm forecast for here and far,GetWeather
Play Skin & Bone by Jess Stacy on Deezer,PlayMusic
Rate this current album 0,RateBook
search for trailer Jazz Impressions of the U.S.A.,SearchCreativeWork
Play the greatest music you can find by Ari Herstand on Zvooq,PlayMusic
Let me hear the Live From The Ghetto album by Beau Jocque .,PlayMusic
I give The Homo Handbook saga 3 of 6 stars,RateBook
Will it get warmer in Holy Cross Wilderness,GetWeather
will it be temperate here on 11/27/2023,GetWeather
Play some sister rosetta tharpe songs from the eighties,PlayMusic
Find the schedule for No Time to Be Young at AMC Theaters .,SearchScreeningEvent
"4 points for Four Upbuilding Discourses, 1844",RateBook
Give this album 4 of 6 points,RateBook
Where can I find the TV show MetaboLights,SearchCreativeWork
Will it be hotter in my current place in six weeks from now,GetWeather
I give the following textbook 3 points .,RateBook
Find the McGill Law Journal movie,SearchCreativeWork
Book a table at The Vortex Bar & Grill on Alaska Day in the state of Rhode Island,BookRestaurant
Where is The Wilderness Trail playing,SearchScreeningEvent
Play me a tune by Mick Brown,PlayMusic
Which animated movies are playing at the nearest movie house ?,SearchScreeningEvent
what is the forecast for this current position for chilly temps,GetWeather
add tune to Morning Rhythm playlist,AddToPlaylist
what animated movies are showing in the neighborhood,SearchScreeningEvent
Play symphony music from 1991 by Irvin Mayfield,PlayMusic
play Piano 100,PlayMusic
add j r rotem to Classic Jazz Singers playlist,AddToPlaylist
Find movie times .,SearchScreeningEvent
What is the movie schedule for today?,SearchScreeningEvent
Put more Unbelievable in my grandes unplugged playlist.,AddToPlaylist
Add Pimp C to my workout remix .,AddToPlaylist
Show me the photograph of Minutes to Midnight,SearchCreativeWork
I think this saga only deserves a 0 out of 6 .,RateBook
Book a table for 4 in California,BookRestaurant
"book tortano serving brasserie for me, isabella and carly in Kuwait",BookRestaurant
give Life A Natural History of the First Four Billion Years of Life on Earth 1 points out of 6,RateBook
I want to book a restaurant in Botswana for four people.,BookRestaurant
Play some Maynard James Keenan songs from Scenes From The Big Chair,PlayMusic
What cinema is playing Great Guy,SearchScreeningEvent
rate this saga 4 out of 6 stars,RateBook
"find Remedial Chaos Theory , a soundtrack",SearchCreativeWork
When and where can I watch National Priority ?,SearchScreeningEvent
Is it forecast to be hot in Greenland this winter ?,GetWeather
What is the forecast in Heber,GetWeather
Play Dj Shadow 's A Love Hate Masquerade .,PlayMusic
What time is Phera playing,SearchScreeningEvent
I'd like to watch movies at KB Theatres,SearchScreeningEvent
what is a weather of Martinique a month from now,GetWeather
what is the forecast for Sanilac Petroglyphs Historic State Park,GetWeather
find a photograph called XQuery API for Java,SearchCreativeWork
Is there a depression going on in Uganda,GetWeather
add iemand als jij to my playlist named In The Name Of Blues,AddToPlaylist
Rate the current novel a two,RateBook
Find the Via Dolorosa Songs of Redemption saga,SearchCreativeWork
add this song to tania's new boots,AddToPlaylist
Find a reservation at the Roseland Theater at 10 pm,BookRestaurant
The Execution of Justice only deserves 2 points,RateBook
add Rakim y Ken Y to my Gold Edition playlist,AddToPlaylist
I need a movie schedule for nearby animated movies,SearchScreeningEvent
Will it be colder in Ohio,GetWeather
find a book called Tron Legacy Reconfigured,SearchCreativeWork
Rate the current essay 5 of 6,RateBook
Find movie schedules .,SearchScreeningEvent
rate this essay three of 6 stars,RateBook
find Invisible Child at Southern Theatres,SearchScreeningEvent
Can you find the novel Stoneage Romeos,SearchCreativeWork
Out of 6 stars the last novel gets only four,RateBook
I would rate this album a zero and give it a best rating of 6,RateBook
give this novel 3 of 6,RateBook
What movies are playing at Warren Theatres ?,SearchScreeningEvent
add entre um coco e um adeus to taylor's this is john williams playlist,AddToPlaylist
Please search the Abby saga .,SearchCreativeWork
What time does Tie a Yellow Ribbon play at Magic Johnson Theatres ?,SearchScreeningEvent
add a track in Nike Running Tempo Mix,AddToPlaylist
I gave Perchance to Dream 4 of 6 points,RateBook
add this track by flesh n bone to cherry's SPA Treatment playlist,AddToPlaylist
"find Bells Break Their Towers , a video game",SearchCreativeWork
this next essay is worth five,RateBook
this track should go on my evening chill playlist,AddToPlaylist
Book a table for 1 at RingSide Steakhouse in Hurricane .,BookRestaurant
Make a reservation at a tavern which serves clam cake for a party of 8 in Western Sahara .,BookRestaurant
show me movie times for Southern Theatres,SearchScreeningEvent
Add Guy Warren to my bossa nova dinner playlist.,AddToPlaylist
I'd like to see The New Jackals,SearchCreativeWork
add artist rob dougan to electroNOW,AddToPlaylist
Rate this book a four .,RateBook
Please play a song off the Curtis Lee album Rough Diamonds,PlayMusic
Can you play some music from my road trip album,PlayMusic
play a top 50 tune from the twenties by Willi Williams,PlayMusic
Play Eddie Meduza from the thirties,PlayMusic
is it overcast close-by in Illinois,GetWeather
Play Deezer,PlayMusic
Play Dj Subroc on Itunes,PlayMusic
Book restaurant for party of 7 at a pub in Ford Heights,BookRestaurant
play the album Winner Takes All by Takuro with Last Fm,PlayMusic
Add this song to Blues Roots,AddToPlaylist
Show me the album Til the Morning,SearchCreativeWork
Where is the closest cinema playing Osmanthus Alley,SearchScreeningEvent
Freud A Life for Our Time deserves a solid 4,RateBook
Can you pull up My Name Is Brain Brian,SearchCreativeWork
add this artist to spring music,AddToPlaylist
Rate the current book a zero .,RateBook
find Reproductions Songs of The Human League,SearchCreativeWork
what is the forecast for Orienta for hotter weather,GetWeather
Book a restaurant around Thompson,BookRestaurant
What is the weather forecast for Waipio Acres,GetWeather
is it going to be chillier at 10 pm in Texas,GetWeather
Book a table for 10 at Top Pot Doughnuts,BookRestaurant
Is it hotter close by Waubay ?,GetWeather
Where and when is Douglas playing?,SearchScreeningEvent
What is the closest movie house playing What the Swedish Butler Saw,SearchScreeningEvent
Need find the book called Hollywood Connection,SearchCreativeWork
Find The Last Angry Moose,SearchCreativeWork
Play Fais Les Backs by Sarah Geronimo on Youtube,PlayMusic
Is the forecast chillier in 1 hour in Mali,GetWeather
book a spot at a pizza place nine weeks from now in Wisconsin,BookRestaurant
Play the top of emil de cou,PlayMusic
showings for animated movies in the area,SearchScreeningEvent
What's the weather like in Wyandotte Netherlands Antilles,GetWeather
Play Chad I Ginsburg,PlayMusic
my té para tres needs Brave and Crazy added on.,AddToPlaylist
Play fifties from Sirusho Harutyunyan,PlayMusic
Hook me up with a song by Dancing Girl .,SearchCreativeWork
Show me the The Defenestration of Ermintrude Inch TV series,SearchCreativeWork
I want to listen to the song Only the Greatest,SearchCreativeWork
what is the forecast for Lille in Norway,GetWeather
Find The Press of Atlantic City movie,SearchCreativeWork
What are the movie times,SearchScreeningEvent
find the television show called Tactics,SearchCreativeWork
What's the weather forecast for my current location on jun. 2 ?,GetWeather
Play Miami 2017 by Rodney Whitaker,PlayMusic
book The Lake House for me and carmella,BookRestaurant
I want to see movie schedules at Plitt Theatres .,SearchScreeningEvent
Will it be cold in Boyertown New Zealand in eighteen hours,GetWeather
what will the weather be like in New Glarus,GetWeather
give 0 points to current series,RateBook
What's the weather forecast for Delaware right now,GetWeather
Find time for Hendthighelbedi at the nearest cinema,SearchScreeningEvent
I need a table for four at ten PM . in Dodge Park,BookRestaurant
use Vimeo to play De Camino a Clase playlist,PlayMusic
add to anacreon in heaven into the playlist girls' night,AddToPlaylist
Play Richard Fortus ' Live Collection .,PlayMusic
Find me a creole restaurant,BookRestaurant
put track on my synth pop list,AddToPlaylist
Add this tune to my This Is Luis Fonsi playlist,AddToPlaylist
Rate this textbook zero stars,RateBook
What are the movie schedules,SearchScreeningEvent
"Please pull up the album , The Last War",SearchCreativeWork
Search for The Adventures of Cookie & Cream,SearchCreativeWork
"Book a restaurant for marcella, erma and leanne rivera .",BookRestaurant
Add the tune to my Epic Classical playlist.,AddToPlaylist
Can you make an addition to the Old Enough To Enjoy This playlist with Martin Barre ?,AddToPlaylist
I give Out of Sync zero out of 6 points .,RateBook
Book a restaurant in West Hattiesburg for 0 o'clock .,BookRestaurant
Play some music by Jody Williams from 2001,PlayMusic
I would give this current chronicle three points,RateBook
book a spot for vicki and I at a restaurant in Puerto Rico,BookRestaurant
I'd like to see the game called God Is in the T.V.,SearchCreativeWork
I'm looking for the show called The Origin of the Milky Way,SearchCreativeWork
play the newest ep from the sixties,PlayMusic
book a spot at Rimsky-Korsakoffee House in Mackville,BookRestaurant
For the book The Flash Stop Motion I give a rating of 5 points,RateBook
find the trailer for Hit the Ice,SearchCreativeWork
give 0 out of 6 stars to Reality of Certainty,RateBook
I want to hear some sixties melody from Mark Mcentee off of Google Music,PlayMusic
What is on the movie schedule for four AM at Landmark Theatres,SearchScreeningEvent
Find the American Journal of Sports Medicine picture,SearchCreativeWork
What films are playing now at the closest movie house ?,SearchScreeningEvent
is it cloudy here,GetWeather
rate the current novel five out of 6 stars,RateBook
I'd like to eat at a restaurant far from Grantsburg,BookRestaurant
book a spot for ten at a pizzeria that has tourte in Minnesota in 22 and a half weeks in Yamhill,BookRestaurant
Play Always Pop Punk .,PlayMusic
What's the forecast for right here,GetWeather
add this Infernus tune do marsha's de camino a clase,AddToPlaylist
I'd like seats for five at a place in Verden right now,BookRestaurant
what is the Random Lake forecast for hot temps,GetWeather
Play Regulate…g Funk Era by artist Iouri Bachmet on groove shark,PlayMusic
Include hohenfriedberger marsch to my Novedades Pop list.,AddToPlaylist
Book a table for my granddaughter and I at the restaurant .,BookRestaurant
Please play Jag Vill Leva I Europa by porta,PlayMusic
book a spot for ten at a pub that has umbrian in NV on feb. the fourth,BookRestaurant
Add this tetsuya komuro track to my soulful disco playlist,AddToPlaylist
find movie times,SearchScreeningEvent
show creativity of Pocket Full of Kryptonite,SearchCreativeWork
Search for the television show Me and my guitar,SearchCreativeWork
Book a restaurant for august fourth not far from the Marshall Islands .,BookRestaurant
book Bullfeathers,BookRestaurant
Open google music and play Women of Jazz playlist,PlayMusic
Weather at Bystrzyca Valley Landscape Park,GetWeather
Are there movies at Malco Theatres,SearchScreeningEvent
Play some sixties music.,PlayMusic
I want to hear a nineties track by stat quo on Deezer,PlayMusic
what is the October 19th forecast for Iran,GetWeather
find a soundtrack called Fast as You,SearchCreativeWork
I want to make a reservation at a sushi restaurant,BookRestaurant
Rate this book one stars,RateBook
add an album in Sweet Soul Chillout,AddToPlaylist
"Please book seating for one person at an indoor restaurant that serves breakfast in Nicholasville , Tennessee",BookRestaurant
I want to add In the Mood to my playlist called My Folksy Love,AddToPlaylist
Rate this book three points,RateBook
Find me music by Kaori Utatsuki off the album that has top-twenty hits,PlayMusic
I'd rate The Rise of the West a 2 of 6 stars,RateBook
add Jovanotti to punk español,AddToPlaylist
what is the Gearhart forecast,GetWeather
what is the Tal Chhapar Sanctuary forecast for cold weather,GetWeather
show creative album Heredity,SearchCreativeWork
Please add a tune by kaori utatsuki to my Korean OSTs playlist,AddToPlaylist
Add Fra Mols til Skagen to my this is trey songz playlist,AddToPlaylist
play some Kansas Joe Mccoy,PlayMusic
book me a restaurant that serves green bean casserole for five people,BookRestaurant
"is it going to be rainy in Kings Valley , Kosovo next mon.",GetWeather
Book a pub that serves fries for 9 people.,BookRestaurant
Peter and the Piskies Cornish Folk and Fairy Tales only gets a three out of 6 .,RateBook
put dj green lantern on my Targeted playlist,AddToPlaylist
Want to find a creative work called The Prayer,SearchCreativeWork
play dj kentaro from the year 1994,PlayMusic
play Courting The Squall on Slacker,PlayMusic
Weather for July 1 in UT,GetWeather
"add Hello Central, Give Me Heaven to Indie Pop",AddToPlaylist
Will there be a storm faraway from Chapman Ranch ?,GetWeather
show creative song UFO Senshi Dai Apolon,SearchCreativeWork
"I'm looking for movie times , search movies close by that start at 1112 .",SearchScreeningEvent
show movie times of Regal Entertainment Group,SearchScreeningEvent
Rate this chronicle 0,RateBook
List films at Pacific Theatres,SearchScreeningEvent
Find me the Karl Hess Toward Liberty photograph,SearchCreativeWork
What's the forecast for Walker Bay Nature Reserve for next year ?,GetWeather
I'd like to eat at the best southeastern brazilian restaurant with five people,BookRestaurant
Find a movie called Living in America .,SearchCreativeWork
Rate Of the Subcontract a 0,RateBook
add Bedroom Jams to album,AddToPlaylist
Rate Adventures in Stationery saga 5 stars,RateBook
show me the schedule of The Loves of Letty in cinema closest,SearchScreeningEvent
I'd rate the current essay 1 stars,RateBook
I'd like a bar with hawaiian food in ND,BookRestaurant
Can you play me something from the eighties on Youtube,PlayMusic
Can you find me the Stand Proud book ?,SearchCreativeWork
What will be the temperate in Tyresta National Park on 7/18/2030 ?,GetWeather
"nancy, elma ruiz and molly want to eat at a restaurant in Gibraltar",BookRestaurant
book a spot for 8 in Hungary on february the 14th,BookRestaurant
I want to hear the album Insult To Injury by Narayana Tirtha .,PlayMusic
Find me the Young Doctors in Love TV show,SearchCreativeWork
Will there be a blizzard at seven in Colorado,GetWeather
Add this track to the playlist kickass metal,AddToPlaylist
Can you add confessions to my playlist called Clásica,AddToPlaylist
add enduser song in grime instrumentals,AddToPlaylist
What's the weather in Piperton Rwanda,GetWeather
book a spot at a restaurant with wifi that is neighboring Suriname,BookRestaurant
Will it get colder in Alaska ?,GetWeather
I need a book called Student Demonstration Time,SearchCreativeWork
Add nina hagen to essential folk,AddToPlaylist
What Are the showings for The Natural History of Parking Lots movie house,SearchScreeningEvent
Will it be colder here one minute from now,GetWeather
book a spot for 1 close to geraldine's house,BookRestaurant
What is the weather forecast nearby SC,GetWeather
Play the last Jonny Wickersham song,PlayMusic
Will be it cloudy close by Azerbaijan in 55 weeks ?,GetWeather
put Kids of the Black Hole onto my 90s por siempre playlist,AddToPlaylist
Please search The Young Warriors game .,SearchCreativeWork
I want to give Select Conversations with an Uncle 5 stars,RateBook
find a saga called The Life of Riley,SearchCreativeWork
Play some tune from 2011 on Youtube,PlayMusic
I want the nearest movie house with The Debtors,SearchScreeningEvent
add this song to wedding classics playlist,AddToPlaylist
play a good John Maher record with Netflix,PlayMusic
add this album to rock en español,AddToPlaylist
"find Framing the Early Middle Ages , a game",SearchCreativeWork
play robert fripp sound track on Pandora,PlayMusic
Where is Mother and Child plkaying,SearchScreeningEvent
I need a pub with a smoking room in Ucolo reserved.,BookRestaurant
Add tune to Genuine R&B,AddToPlaylist
Please check the movie schedule,SearchScreeningEvent
Rate this saga two out of 6 points,RateBook
Can you find me the Naked City – Justice with a Bullet album ?,SearchCreativeWork
"book a latin cuisine pub for 2 on September the 13th, 2037 in Kazakhstan",BookRestaurant
I am looking for the TV series Strays,SearchCreativeWork
add undressed to my Country Icon playlist,AddToPlaylist
What's the weather forecast for Austin Liechtenstein,GetWeather
Please find the show Kim Hyun-joong discography,SearchCreativeWork
add artist to my playlist primavera sound 2016 barcelona,AddToPlaylist
"Tell me the weather forecast for eight AM in Reminderville , FL",GetWeather
List movie times at B&B Theatres,SearchScreeningEvent
Where can I see Travelling Light ?,SearchScreeningEvent
What movies are playing at the closest movie theatre,SearchScreeningEvent
Will there be fog in Fairwood ?,GetWeather
Find the Sing When You’re Winning TV show,SearchCreativeWork
"Please look up the television show , Noel Hill & Tony Linnane .",SearchCreativeWork
Where does The Return of the Whistler play at the Bow Tie Cinemas at 030148 A.M.,SearchScreeningEvent
what is the thursday forecast for Akers New Hampshire,GetWeather
rate the current book zero of 6 points,RateBook
Add the artist tony thompson to my canta en la ducha playlist,AddToPlaylist
Rate The Simon & Schuster Encyclopedia of Dinosaurs and Prehistoric Creatures 0 points .,RateBook
Look for Summer with Monika,SearchCreativeWork
Please play something that's freak folk on Google Music,PlayMusic
Is it warm in New Jersey in 23 minutes and fourteen seconds,GetWeather
Give this book zero stars,RateBook
Find me the video game For Your Love .,SearchCreativeWork
Book a brasserie type restaurant that serves pizzas in AMerican Samoa,BookRestaurant
Rate this essay two stars,RateBook
Play music from the seventies,PlayMusic
Find me a table for 8 people at a nearby AL restaurant one minute from now .,BookRestaurant
add Troy Andrews to my pop punk powerhouses,AddToPlaylist
Can you put in person at carnegie hall on my winter playlist,AddToPlaylist
Play a top symphony from the fourties,PlayMusic
find movie schedules,SearchScreeningEvent
When is Game in the Sand playing at the movie house ?,SearchScreeningEvent
what's the closest movie theatre that is playing films,SearchScreeningEvent
What's the snowfall at noon in IN,GetWeather
Rate the current album a 3 .,RateBook
find close by movie schedule movies,SearchScreeningEvent
"What is the weather forecast for East Cleveland , Republic of the Congo",GetWeather
Find the movie schedule .,SearchScreeningEvent
Where can I get the album So Fresh The Hits of Spring 2011,SearchCreativeWork
I want to listen to the song First Time for Everything,SearchCreativeWork
Give this textbook one stars out of 6,RateBook
play Angela Winbush ep that is popular,PlayMusic
I want to book a pub in Juniper for 8 that serves bûche de noël,BookRestaurant
include pat smear on Guest List Engadget,AddToPlaylist
Play some Google Music .,PlayMusic
book a table for 8 in China 16 hours ten minutes and one second from now,BookRestaurant
what films are showing at Cooper Foundation,SearchScreeningEvent
Add artist to playlist Classic Punk,AddToPlaylist
Add venedig im regen to this is Maxwell,AddToPlaylist
I rate Egg Collecting and Bird Life of Australia a zero out of 6 points,RateBook
what is playing for movies at B&B Theatres,SearchScreeningEvent
Book a taverna that serves bengali for six at five,BookRestaurant
Add Michael Balzary to mujeres y hombres y fiesta,AddToPlaylist
"find Five Spanish Songs , a photograph",SearchCreativeWork
rate this novel four points,RateBook
Find a movie schedule .,SearchScreeningEvent
I give a zero rating for this essay,RateBook
Show me the movie schedules for Santikos Theatres .,SearchScreeningEvent
Play my Jazz Brasileiro playlist,PlayMusic
Play fifties music on Slacker .,PlayMusic
What is the Read All About It picture ?,SearchCreativeWork
Play some 1959 songs on Iheart,PlayMusic
Is there any creative work for Heterocycles ?,SearchCreativeWork
Can you please put this track onto my TODO NOVEDADES playlist?,AddToPlaylist
"Will it get chillier in Arkinda , Myanmar ?",GetWeather
"Book a restaurant with a pool with alta, deborah and bertha in IA .",BookRestaurant
add this album to my forever country playlist,AddToPlaylist
"Book a table for ida, monica and etta at Cold Spring Tavern in MD",BookRestaurant
Where can I watch the trailer for Home Economics,SearchCreativeWork
Please help me find I Want to Take You Higher the game,SearchCreativeWork
What will the weather be here ?,GetWeather
Tell me when it'll be hotter here,GetWeather
play a top Ryuichi Kawamura chant on Groove Shark,PlayMusic
What will the weather be like at 3 AM in Trinidad and Tobago,GetWeather
"What is the weather forecast in Ulen on mar. 2nd, 2035",GetWeather
add Love Story wa Totsuzen ni to the martin garrix show playlist,AddToPlaylist
what is the forecast for hot temps in Kuwait in Augusta Springs,GetWeather
find animated movies at the nearest movie theatre,SearchScreeningEvent
Is there going to be any snowfall today in Lebanon ?,GetWeather
play my Madrugando playlist on Groove Shark,PlayMusic
What animated movies are playing at the Douglas Theatre Company,SearchScreeningEvent
Show me the book It Might as Well Be Spring,SearchCreativeWork
Play music off Netflix .,PlayMusic
what movies are around here,SearchScreeningEvent
Give The Diamond Chariot a 0 out of 6 .,RateBook
Play Strength of Street Knowledge on Groove Shark,PlayMusic
play Fill Yourself With Music by Ray Manzarek,PlayMusic
"Tell me if it'll be freezing 333 days from now in Caplinger Mills , Florida",GetWeather
Is it freezing in Kelso,GetWeather
show me PhotoScape,SearchCreativeWork
I want novena on a nocturn added to the playlist called Gold Edition,AddToPlaylist
Reserve me a table a bar that serves african food for thirteen o'clock for 1 in Moravian Falls .,BookRestaurant
What will the weather be in Federated States Of Micronesia at 0017 am,GetWeather
Where can I find Sebastien Grainger & The Mountains,SearchCreativeWork
Can you add don moye to my Pop playlist?,AddToPlaylist
Play a music theme by Anna Nikolajewna Jessipowa,PlayMusic
find a soundtrack called The Spanish Jade,SearchCreativeWork
this saga is definitely worth 4 stars .,RateBook
Where is the TV show Am Universum,SearchCreativeWork
play the newest sound track from the thirties,PlayMusic
add an album to playlist Emily Dickinson,AddToPlaylist
add this tune by Hal Patino to my Ambiente RnB playlist,AddToPlaylist
What's the weather here at three PM,GetWeather
What movie times are there at ArcLight Hollywood,SearchScreeningEvent
Show me the photograph A Woman from the Street,SearchCreativeWork
What is the forecast for Lesotho for starting this Fall,GetWeather
"bar restaurant for November the twelfth, 2030 that is popular and for a party of ten",BookRestaurant
Rate The First Death 1 stars,RateBook
I want to hear Rock Bottom by Playa Fly on Slacker,PlayMusic
Award Blood tables 2 points,RateBook
find Santikos Theatres showing animated movies,SearchScreeningEvent
Please fine me the East trailer,SearchCreativeWork
put this album on my conexiones list,AddToPlaylist
What's the weather going to be like near Sawtooth National Recreation Area at 2 pm ?,GetWeather
evangeline and petra cooper want to go to a restaurant in 9 years,BookRestaurant
Know Ye Not Agincourt? gets 4 out of 6 points,RateBook
"book a pub in Santa Claus , New Jersey for the First Day Of Sukkot",BookRestaurant
play the top song from Damon Albarn using Slacker,PlayMusic
Where can I find the song Red Back Fever,SearchCreativeWork
Rate trailer Geek Chic,SearchCreativeWork
What's the weather forecast in Guadeloupe eleven weeks from now ?,GetWeather
play Dick Marx,PlayMusic
Show me movie times,SearchScreeningEvent
Add to my playlist all funked up this track,AddToPlaylist
add track to kickass metal,AddToPlaylist
find a TV show called The Fighting Men,SearchCreativeWork
She me what movies are playing at 1 o'clock at the nearest movie theatre,SearchScreeningEvent
search for a painting of The Wannadies,SearchCreativeWork
play some Origa on Google Music,PlayMusic
Play Anweshaa by the new first.,PlayMusic
Put the bill berry track on elrow Guest List,AddToPlaylist
Play some music from 1962 from Adeyto,PlayMusic
Please look up Two More Years soundtrack .,SearchCreativeWork
play Deezer form 2010 tune by Dave Grohl,PlayMusic
Is the Wandering Detective Black Wind in the Harbor playing at Cinemark Theatres,SearchScreeningEvent
are there any movies playing around here,SearchScreeningEvent
What will the weather be in NM in 1 minute,GetWeather
What is the movie schedule for films that are playing nearby in 15 minutes,SearchScreeningEvent
Rate The Firebrand one of 6 stars,RateBook
"Book a reservation for a parry of eight for a restaurant in Birch River , MO",BookRestaurant
I want Tanya Stephens in my 35 Soul Classics 1970 to 1975 playlist.,AddToPlaylist
find Valley of the Dolls,SearchCreativeWork
in the neighbourhood find 11 p.m. movie schedules for movies,SearchScreeningEvent
Can I watch Flower and Snake at movie house in one hour from now ?,SearchScreeningEvent
Let's listen to the most popular Marty Friedman songs on Zvooq .,PlayMusic
Rate this essay a four,RateBook
What is the current temperature here,GetWeather
"Can I get the showtimes for the closest cinema showing I’m a Cyborg, But That’s OK .",SearchScreeningEvent
where is The Yellow Star The Persecution of the Jews in Europe 1933-45 playing,SearchScreeningEvent
I want to hear the soundtrack to The Platinum Rule,SearchCreativeWork
Is it chilly anywhere faraway from my current place,GetWeather
Find Family Feud novel,SearchCreativeWork
Will it get chillier in Furano-Ashibetsu Prefectural Natural Park ?,GetWeather
Find a popular diner that serves brazilian close by Oklahoma for nine people.,BookRestaurant
I'm wondering what cinema is playing Peters baby .,SearchScreeningEvent
Book a highly rated fast food restaurant in Falmouth .,BookRestaurant
find 16 starting time for Heavenly Body,SearchScreeningEvent
show creative photograph Island in the Sea,SearchCreativeWork
Book a table for nine people in Svalbard and Jan Mayen .,BookRestaurant
Add this track to my Tropical Morning playlist,AddToPlaylist
I'd like to see the movie The Ooze,SearchCreativeWork
Play music from the top-5 from artist Kenia Arias,PlayMusic
Play the newest melody from Corey Clark on Lastfm,PlayMusic
I need a reservation for nine at 0344 am in WI,BookRestaurant
Find a photograph called Call on Me .,SearchCreativeWork
rate New History of the Five Dynasties 1 points,RateBook
Rate In the Eyes of Mr. Fury zero of 6,RateBook
Rate The Scarab Murder Case a one,RateBook
add song in my playlist Dance Workout,AddToPlaylist
show creativity of A Catholic Education,SearchCreativeWork
Where can I find the album The Adventures of Lolo II,SearchCreativeWork
Book a popular bar in Chowchilla,BookRestaurant
Rate the current saga a five,RateBook
me and my father in law want go eat gratin at a restaurant,BookRestaurant
What's the weather going to be like here in one minute ?,GetWeather
I'd like to know how the weather will be at 8 pm in Tennessee .,GetWeather
I need to add to the funk soul disco playlist my favorite artist,AddToPlaylist
book a spot at an osteria that has goiano in Ward Springs,BookRestaurant
Will it get hotter next year in Springside Nature Reserve ?,GetWeather
Will it be cold in Wheatley Provincial Park ?,GetWeather
Add Zos Kia Cultus to the This Is Philip Glass playlist.,AddToPlaylist
I want to give The Plague Lords of Ruel 0 stars,RateBook
Send the track from andrew hewitt to the piano ballads playlist,AddToPlaylist
Book a russian restaurant for 4 people.,BookRestaurant
search for the show The Caretaker,SearchCreativeWork
I have a party of four in Japan and need a reservation at Rimsky-Korsakoffee House on Aug. the 3rd .,BookRestaurant
Get me a table at Eighth Step Coffee House in Germania for 7,BookRestaurant
What movie times are Harkins Theatres,SearchScreeningEvent
What time is Tasher Desh playing at the nearest movie house,SearchScreeningEvent
I want to see King of the River in the nearest movie theatre,SearchScreeningEvent
I rate The Blood of Others series only five points .,RateBook
For the book The Sting of the Scorpion I give three of a possiable 6 rating,RateBook
book a spot in town in the same area as me,BookRestaurant
Book a restaurant not far in Milladore for 6 people.,BookRestaurant
add the album to the metalcore playlist,AddToPlaylist
Book a bar in Holtville ND for 7 people.,BookRestaurant
Can you find me a trailer for Phineas Redux ?,SearchCreativeWork
Please add carmel to my lunchtime playlist.,AddToPlaylist
I need a reservation for Maid-Rite Sandwich Shop in Home Gardens,BookRestaurant
rate this book 2 stars,RateBook
play some 1991 Dave Barker,PlayMusic
I Need rave Slacker to play,PlayMusic
Book a restaurant 2 months from now for seven people in New Caledonia .,BookRestaurant
Show me the movie schedule for Star Theatres,SearchScreeningEvent
How do I watch the television show Counting the Rosaries ?,SearchCreativeWork
please rate this textbook five stars out of 6,RateBook
find Switching Channels,SearchCreativeWork
"Want a table at Monty’s Hotel, Secunderabad in the state of Vermont",BookRestaurant
At meal time while I'm here will it be hot ?,GetWeather
play journey list,PlayMusic
"What's the weather for New York on July the 28th, 2032",GetWeather
tell me the weather for next week at Cathedral State Park,GetWeather
What is the TV show Comfort ?,SearchCreativeWork
What is the humidity in Serbia,GetWeather
add this album to the playlist called dishwashing,AddToPlaylist
Is there rain in Nauru at 6 am,GetWeather
"What is the midday weather forecast for Chalkyitsik , Palestine",GetWeather
Play music from the artist Joe Sample,PlayMusic
The horrible book The Black Gryphon only gets 2 out of 6 .,RateBook
How will be the weather in Cotopaxi National Park at breakfast time?,GetWeather
add album to this is trey songz playlist,AddToPlaylist
Contemporary Religious Satanism gets a 3 rating.,RateBook
Look for A Terrible Vengeance,SearchCreativeWork
Add Ray Noble to my Chill Vibes playlist.,AddToPlaylist
Is Gods of Metal playing,SearchScreeningEvent
Rate the current textbook 3 of 6 stars,RateBook
show creativity in Ah,SearchCreativeWork
Add Us Placers to my new boots,AddToPlaylist
Give the current book 0 points .,RateBook
book a spot distant from the neighborhood on the Week-end,BookRestaurant
play Paula Campbell music from 1993,PlayMusic
When will it be chillier than now in South Paris in CT,GetWeather
Play Crazy=genius by The Alchemist,PlayMusic
Please book me a table for three at an american gastropub,BookRestaurant
What will the weather be in Totowa Guernsey ?,GetWeather
I want to book a restaurant for 6 on january third within walking distance of Northvale,BookRestaurant
add josefina pla to isabelle's Guest List GamesRadar playlist,AddToPlaylist
add Fish Leong to my I Love My '00's R&B playlist,AddToPlaylist
What is the weather like in Detroit Lakes,GetWeather
Include stefanie in Pre-Party R&B Jams,AddToPlaylist
Play my Sophisticated Dinner playlist on Slacker,PlayMusic
Is Hollows Grove playing at any movie theatre at ten pm ?,SearchScreeningEvent
Show Minutes to Midnight photograph,SearchCreativeWork
Rate this book 3 of 6 points,RateBook
Is it going to be chillier in New Mexico this spring ?,GetWeather
Find focus now list and add eylem to my playlist,AddToPlaylist
Rate this album two out of 6 stars,RateBook
Play music off the track Child Maurice,PlayMusic
What will the weather be in Peru ?,GetWeather
find The Inspector for me,SearchCreativeWork
Please add this this tune to the playlist this is selena,AddToPlaylist
"Book the best halal restaurant in Slovakia for brigitte taylor, katelyn and natalie on jun. 2 .",BookRestaurant
Play Wynton Kelly music on Netflix sort by popular,PlayMusic
is Young Policemen In Love at the local movie theatre,SearchScreeningEvent
play chant by Prurient,PlayMusic
I need a table for 6 to eat at nearby in Clinchco .,BookRestaurant
Book a table in OH the city of Bock for party of ten for tonight,BookRestaurant
What time is A Ball at the Anjo House playing,SearchScreeningEvent
Rate The Starship Trap 5 stars,RateBook
Show the movie schedules at MJR Theatres,SearchScreeningEvent
What movies can I see in the area ?,SearchScreeningEvent
Look for the Thorns saga,SearchCreativeWork
show movie times of films close by,SearchScreeningEvent
Do you know of a song by the Mande Studies Association ?,SearchCreativeWork
Tell me the weather forecast for my current spot,GetWeather
What time is The Bride’s Journey playing at Star Theatres ?,SearchScreeningEvent
Find a photograph called Cold Weather .,SearchCreativeWork
What time will the movie house be showing On the Beat,SearchScreeningEvent
What's the weather in Castle at 1743,GetWeather
give 3 points to current textbook,RateBook
I need a table in East Timor for a party of nine at 5 North St,BookRestaurant
play some Industrial music on Lastfm,PlayMusic
what is the weather forecast for La Cienega,GetWeather
I want toi hear some Pop Punk Perfection off of Deezer,PlayMusic
"The book Dying, In Other Words deserves at least five points on a 6 point scale.",RateBook
Add The Maid of Amsterdam to my 80s smash hits,AddToPlaylist
add this artist named Kirk Hammett to my playlist Los 40 Radio Éxitos,AddToPlaylist
Find The Creeper .,SearchCreativeWork
What's the weather like in Forty Fort,GetWeather
Will it be hotter in Wyomissing Hills ?,GetWeather
What's the weather forecast for my current spot ?,GetWeather
what is the weather forecast for Ridge Farm New York,GetWeather
Play a record from 2010 .,PlayMusic
book a spot for my kids and I at a restaurant with frybread,BookRestaurant
I want to be Main Deli Steak House near Hendley .,BookRestaurant
Play Arif music from the fourties .,PlayMusic
my brother in law and I would like to go to Guinea-Bissau for food,BookRestaurant
Play some Rui Da Silva .,PlayMusic
give one rank to this album,RateBook
Where can I view the photograph Occasional Wife,SearchCreativeWork
Can you look for the creative work called No Gravity,SearchCreativeWork
Tell me if it'll be freezing this year in ID,GetWeather
Find movie schedules for IMAX Corporation .,SearchScreeningEvent
please book a restaurant with parking facility at taverna,BookRestaurant
Book a  table for 9 scheduled for april the 8th in NJ .,BookRestaurant
book a pub in Clermont for 8 people,BookRestaurant
what is the forecast for here fir storm conditions next week,GetWeather
I would say this essay deserves four points,RateBook
I'd like to give a two rating to The Abolition of Britain .,RateBook
My Life as a Fake is one out of 6,RateBook
Show movie schedules with movies in the neighborhood,SearchScreeningEvent
What's the weather close to Harmar Heights this afternoon,GetWeather
Search for the Complots,SearchCreativeWork
"When and where is Nefertiti, Queen of the Nile playing?",SearchScreeningEvent
Rate this album zero of 6 points,RateBook
Show An Actress for the newest album .,SearchCreativeWork
I would rate this novel a 5 and a best rating of 6,RateBook
Play Taiwan Is Good by Kotoko .,PlayMusic
Add mr j medeiros to my Women of Country playlist.,AddToPlaylist
What does it feel like in East Cove National Wildlife Refuge,GetWeather
what is the New Caledonia forecast for Bagnell on sep. the 5th,GetWeather
what will the weather be in Norway at sunset,GetWeather
show creativity of The Greatest Movie Ever Sold,SearchCreativeWork
Play mere lapsed by Marilyn Moore .,PlayMusic
Play me a sound track by Bert Mccracken on zvooq,PlayMusic
What films are showing at Cineplex Odeon Corporation ?,SearchScreeningEvent
I want new steps to go on the leche con chocolate list,AddToPlaylist
find nearby films with movie schedules,SearchScreeningEvent
Find me a table for four somewhere,BookRestaurant
I'd like to play the video game Time to Kill,SearchCreativeWork
play a symphony that is good from 2000,PlayMusic
add How to sos 48 2016 playlist,AddToPlaylist
show Air Cuan Dubh Drilseach,SearchCreativeWork
"Book a table for lois, effie price and I for next Summer in Italy .",BookRestaurant
Find a movie called The Easy Way to Stop Smoking .,SearchCreativeWork
Who was the artist who did the painting called Spyro 2 Season of Flame ?,SearchCreativeWork
I want a table for 5 next fall om Curacao,BookRestaurant
"I need a table for 1 at a highly rated restaurant next autumn in Emmons , RI",BookRestaurant
add this elbridge bryant song to my inyección musical playlist,AddToPlaylist
play drive playlist,PlayMusic
put four in blue onto Ultimate 00s .,AddToPlaylist
Play the top-five ballad sort from 2004,PlayMusic
Can i get the movie schedule for films nearby .,SearchScreeningEvent
Add giancarlo erra to my Guitar Hero Live Playlist,AddToPlaylist
Play Donna Summer,PlayMusic
What's the weather forecast for Nishi Sonogi Hantō Prefectural Natural Park three years from now ?,GetWeather
What are the movie times for animated movies nearby ?,SearchScreeningEvent
Book reservation at The Big Chill Cafe in AR for 10 people,BookRestaurant
Please play some Black Metal music,PlayMusic
Play some music by beverley martyn,PlayMusic
Put an album by Mohammad Reza Shadjarian in my Chillin' on a Dirt Road playlist.,AddToPlaylist
What time is Dive Bomber playing,SearchScreeningEvent
Is it going to be colder in Queen Anne on Mon .?,GetWeather
Find the TV show titled The Three Leaps of Wang Lun,SearchCreativeWork
What are the movie schedules for Speakeasy Theaters,SearchScreeningEvent
find Google News,SearchCreativeWork
book rosalie stewart and evelyn at a restaurant,BookRestaurant
PLay a track by deeyah khan .,PlayMusic
I am giving the book After Henry a rating of 0 out of 6 stars,RateBook
What is the forecast on 12/9/2039 at Florida Caverns State Park,GetWeather
"Check the weather for Kenedy , Vanuatu for around nine am",GetWeather
Dragon Age The Stolen Throne gets 1 points,RateBook
Book seating at a restaurant in Topton,BookRestaurant
What will the weather be this year in Horseshoe Lake State Fish and Wildlife Area ?,GetWeather
rate Varney the Vampire with 1 points,RateBook
Find movie times .,SearchScreeningEvent
Play me the new King Curtis music on Google Music .,PlayMusic
at 7 pm what will the weather be in Iceland,GetWeather
Use Spotify to play me music,PlayMusic
need a table at a restaurant serving foie gras on halloween for two at Northern Mariana Islands,BookRestaurant
"Can you play a song off the album , jungle",PlayMusic
give one point to Compendium of Analytical Nomenclature,RateBook
Play any song from 2001,PlayMusic
Book the Fashion Café for elevenses .,BookRestaurant
add dj clay to my canciones del recuerdo,AddToPlaylist
Give Memoirs of a Fox-Hunting Man a rating of 4 out of 6 .,RateBook
Will it get warmer by 5 am in Washington ?,GetWeather
What animated movies are on the movie schedule close by ?,SearchScreeningEvent
Book a table for six in a Togo restaurant,BookRestaurant
find a TV series called Armageddon Summer,SearchCreativeWork
When does Of Stars and Men play?,SearchScreeningEvent
Give this essay one star out of 6,RateBook
is Agnew United States has chilly weather,GetWeather
Rate Therapy a zero,RateBook
What are the movie times for Megaplex Theatres,SearchScreeningEvent
I need a table for 3 at David Whitney House in Brazil,BookRestaurant
Weather for Swaziland,GetWeather
What is the local movie times,SearchScreeningEvent
Can you add something from Method Man to my this is mozart playlist,AddToPlaylist
For my playlist Latin Pop Rising add Aira Yuhki,AddToPlaylist
book close-by for 1 in South Dakota,BookRestaurant
add Split the Difference to my Women's Lit playlist,AddToPlaylist
Nightwork soundtrack download,SearchCreativeWork
give 3 out of 6 stars to this essay,RateBook
What is the weather in neighboring OH,GetWeather
I want to book a restaurant for a year from now in Maine .,BookRestaurant
Add the artist to my Duetos .,AddToPlaylist
Add this track to winnie's post metal playlist,AddToPlaylist
play some Alte Kameraden music,PlayMusic
Add this tune to my 70s road trip list,AddToPlaylist
put Tony Rombola on my novedades viernes sudamérica playlist,AddToPlaylist
What time is A Battle of Wits starting?,SearchScreeningEvent
I'd like to see the saga Tamagotchi 64 Minna de Tamagotchi World,SearchCreativeWork
Is the sun coming out today in Lacassine National Wildlife Refuge,GetWeather
Play eighties music,PlayMusic
I want to watch Escape the Fate discography,SearchCreativeWork
What's the weather in Waretown Lebanon,GetWeather
book a spot for six on October fifth in Mineola,BookRestaurant
Add d flame to the Dcode2016 playlist.,AddToPlaylist
Please pull up the photograph entitled Another Period,SearchCreativeWork
Book a table for kristina and teresa in 1 second .,BookRestaurant
add fabrice morvan to Folk for Kids,AddToPlaylist
book a table for me and savannah in Lauderdale Lakes,BookRestaurant
Can you search for Twilight Is Gone ?,SearchCreativeWork
need a table at a highly rated south tyrolean joint,BookRestaurant
Play movement by Duane Allman .,PlayMusic
rate this current album one stars,RateBook
What's the weather for McCracken in Niger,GetWeather
Is there a lot of sun in Qatar ?,GetWeather
I'd like a table for 10 at a distant place downtown for next fall,BookRestaurant
Play me songs from 1955,PlayMusic
is it going to be hot here in 8 years,GetWeather
Find me the soundtrack called Enter the Chicken,SearchCreativeWork
Is there a snowstorm coming to Ukraine,GetWeather
Will it be rainy at 8 in Dans Mountain State Park,GetWeather
Put Kim Kibum in my the martin garrix show playlist.,AddToPlaylist
The ultimate 90s needs avant que l’ombre à bercy in it.,AddToPlaylist
Can you find me the trailer of the Hippocratic Oath ?,SearchCreativeWork
i want to watch Ghosts of the Abyss at Kerasotes Theatres,SearchScreeningEvent
Is The Strange Case of the End of Civilization as We Know It playing at the movie theatre,SearchScreeningEvent
Folk and Fairy Tales gets 1 out of 6 points,RateBook
Where to get painting of The Man in the White Suit,SearchCreativeWork
"I need a reservation for claudine, kelsey and shelley at a restaurant in Palestine .",BookRestaurant
"When is Fine, Totally Fine playing?",SearchScreeningEvent
is it freezing in Prompton,GetWeather
Rate this book 1 of 6 points,RateBook
"Book a restaurant neighboring IL for me, rachelle and wilda .",BookRestaurant
whats the closest cinema showing Swamp Water,SearchScreeningEvent
Find a song called In Your Eyes .,SearchCreativeWork
Add Om to my Classic Punk,AddToPlaylist
I give 0 points to the book The Eleventh Hour,RateBook
What is the weather forecast for Manassa ?,GetWeather
what animated movies can i see at Malco Theatres,SearchScreeningEvent
"I want to listen to Lastfm , play A Drop Of The Hard Stuff by Joi Chua .",PlayMusic
Will there be sun at four PM at Runkaus Strict Nature Reserve,GetWeather
Add karusellen to jazz brasileiro,AddToPlaylist
Find book called Dreams and All That Stuff,SearchCreativeWork
Book a table for cherie and josephine in Indonesia,BookRestaurant
I'd like to find the Days of Glory saga,SearchCreativeWork
set an reservation for a party of eight at the bar on 8/8/2039,BookRestaurant
I'm trying to find Annunciation .,SearchCreativeWork
Put Ron Wood in the Digster Reggae playlist.,AddToPlaylist
rate this chronicle 3 stars,RateBook
I want the song Phrazes for the Young,SearchCreativeWork
Find me the Princess Battles song,SearchCreativeWork
Book the Boon Brick Store for nine people.,BookRestaurant
Find the movie schedule .,SearchScreeningEvent
What is the weather forecast for Garrison,GetWeather
Please play some music for me on Netflix,PlayMusic
I think this novel only deserves 2 points out of 6 .,RateBook
add The Open Door to autumn music,AddToPlaylist
What is the forecast for 1 PM in Minnesota ?,GetWeather
add the artist to my indietronic playlist,AddToPlaylist
"I'd like to hear music from 1951 , preferably a soundtrack .",PlayMusic
Open Pandora and play Reggaeton 2017 y Baila !,PlayMusic
Book a table at any restaurant for eight people,BookRestaurant
Find the closest cinema playing The St. Francisville Experiment .,SearchScreeningEvent
play the top twenty movement songs from Roberto Valverde,PlayMusic
Rate the current novel 3 points .,RateBook
I'm looking for The Music of Nashville Season 3 saga,SearchCreativeWork
Play the greatest Ricky Bell music,PlayMusic
Is there a depression in weather at my current spot,GetWeather
Give The Hollow Man three out of 6 stars,RateBook
Add Elkie Brooks to Happy Birthday playlist,AddToPlaylist
book John Pearson Soda Works restaurant on 7/27/2036,BookRestaurant
the stars total 6 but Journey Under the Midnight Sun gets a four,RateBook
PLay some fourties music from Erin Harkes,PlayMusic
"Will it be overcast at night in Kenmore , FL ?",GetWeather
Book reservations to a cafeteria in Brockway Colorado that serves thai food for six people,BookRestaurant
Rate A Handful of Darkness a value of 3,RateBook
play music by Odd Nosdam,PlayMusic
I need a reservation that has spanish rice at a cafeteria with ten people today,BookRestaurant
I would like to make a reservation for 2 for brunch .,BookRestaurant
What will the weather be this month in Wesley Hills ?,GetWeather
what is the weather not far from current position,GetWeather
Search for the Halfway Home TV show,SearchCreativeWork
give 5 stars to this book,RateBook
What is the weather for Yemen,GetWeather
rate this essay two points out of 6,RateBook
add track to todo latino,AddToPlaylist
I'm looking for the painting God Must Have Spent a Little More Time on You,SearchCreativeWork
book a spot at a coffeehouse in New York with wifi at 8 pm,BookRestaurant
Find Your Personal Touch .,SearchCreativeWork
I want to hear any top five music from Gene Autry,PlayMusic
"find PlayStation官方杂志 , a song",SearchCreativeWork
play Lastfm by Steampunk,PlayMusic
What films are there being played at Megaplex Theatres ?,SearchScreeningEvent
rate the current essay three of 6 points,RateBook
Give Modern Glamour The Art of Unexpected Style three out of 6 stars,RateBook
give The Englishman of the Bones 2 stars out of 6 .,RateBook
book a spot for my colleague and I at a pizzeria with a pool in Owings Mills Wisconsin,BookRestaurant
play some 2002 music,PlayMusic
Play some seventies music on Netflix .,PlayMusic
put Ramy Ayach on Latin Pop Rising,AddToPlaylist
"Is it going to get chillier at 5 am in Trussville , Bosnia and Herzegovina ?",GetWeather
add jeanette to extreme metal workout,AddToPlaylist
When is Watchman Vadivel playing?,SearchScreeningEvent
find me a game called Spaceball,SearchCreativeWork
I'd looking for the saga PlayCanvas .,SearchCreativeWork
Is it going to snow next year in WV,GetWeather
Will it be rainy in Malta,GetWeather
I want to hear gothic rock on Lastfm,PlayMusic
Reserve a table for 7 at a cafeteria in Lafe city .,BookRestaurant
Book reservations at a restaurant for eight people in New Jersey,BookRestaurant
Tell me the weather forecast for RI,GetWeather
Will it be warmer at 2 pm at the Ak-Suu Complex Nature Reserve,GetWeather
Will it hail in Rush Valley Denmark on 6/21/2035,GetWeather
book a table at 043628 at the northeast indian restaurant,BookRestaurant
I want to book a spot at the local food court,BookRestaurant
play good music by General Woo on Deezer,PlayMusic
book a table for 10 in CHAR No.4 in Colombia,BookRestaurant
find the show CarniK Con,SearchCreativeWork
I need to reserve a table for my baby and I at a tibetan tavern,BookRestaurant
How is the weather going to be on child health day in Trinidad and Tobago ?,GetWeather
I want to add a song to the sunshine reggae playlist.,AddToPlaylist
I need to book a table for claudia and imelda at a brasserie that is top-rated,BookRestaurant
rate the current book 3 out of 6 stars,RateBook
What time are movies showing at Megaplex Theatres,SearchScreeningEvent
Add i dreamt of a dragon to my Futuros Hits playlist.,AddToPlaylist
Play the top caleigh peters .,PlayMusic
what's the forecast for Sai Thong National Park at 0259 pm,GetWeather
Add Written in Red to my cleaning the house playlist.,AddToPlaylist
I'm hoping you can find a photograph from Live At The Isle Of Wight 1970 .,SearchCreativeWork
"I need a highly rated oyster bar in AR in a month for jeanne collins, amy and I",BookRestaurant
Book a table for 6 in Verona .,BookRestaurant
mark the current textbook a 1 from the total of 6,RateBook
Rate The Black Mask 1 of 6 stars,RateBook
Add nyoil to my this is prince playlist,AddToPlaylist
Rate Colorless Tsukuru Tazaki and His Years of Pilgrimage one stars,RateBook
"Book a table for six at The Cherry Street Tavern for January sixteenth, 2024",BookRestaurant
Add shot forth self living to my Folk Metal Warriors playlist.,AddToPlaylist
Make me a reservation at taverna in a smoking room,BookRestaurant
looking for Free Four Tobias Tells the Divergent Knife-Throwing Scene,SearchCreativeWork
play the song Red Lanta,SearchCreativeWork
give Under the Sign of Saturn a four out of 6,RateBook
Find a show called Chompa Toung .,SearchCreativeWork
find movie schedules at Goodrich Quality Theaters,SearchScreeningEvent
what animated movies are at the nearest movie house,SearchScreeningEvent
What is the weather supposed to be like in New Jersey three months from now,GetWeather
i want to eat a highly rated breakfast restaurant,BookRestaurant
Show a movie schedule with Bow Tie Cinemas,SearchScreeningEvent
play a tune by Syreeta Wright from twenties from the top,PlayMusic
Add Milas Poli to my Indie Bluegrass,AddToPlaylist
Find a saga called Story of My Life .,SearchCreativeWork
play Wow by Jon Theodore,PlayMusic
Add the rating for this current series a four out of 6 points,RateBook
Book a pub with a pool in White Heath South Carolina .,BookRestaurant
What is the forecast for my current place at 23 o'clock,GetWeather
show movie times at Cinemark Theatres,SearchScreeningEvent
find a nearby movie schedule for movies,SearchScreeningEvent
I would like to book an AMerican Samoa restaurant for 8,BookRestaurant
Add this album to my hot house playlist,AddToPlaylist
open Spotify and play a couple of celtic songs,PlayMusic
Add tour generación rbd en vivo to the roadrunner rec new releases playlist.,AddToPlaylist
show movie times for animated movies nearby,SearchScreeningEvent
rate the book A Brief History of Chinese Fiction 0 out of 6 points,RateBook
sofia phillips and winifred walker want to dine at a mughlai restaurant in LA on Nov. the 1st,BookRestaurant
Is the weather overcast here and now ?,GetWeather
Will there be a cloud in Kiribati,GetWeather
"Book me a reservation for an osteria campanian on Jun. the 7th, 2022",BookRestaurant
What's the weather forecast in the same area as LA in 1 minute ?,GetWeather
find the Putrid Death Sorcery soundtrack,SearchCreativeWork
Look up the TV series Operace Silver A,SearchCreativeWork
Will there be a cloud in the sky in 175 days from now in Golconda in VT,GetWeather
add The Go Find to Sólo para dos,AddToPlaylist
Play a song by Alasdair Roberts from 1996,PlayMusic
"make a reservation for hillary, dina chavez and alexis",BookRestaurant
Which is the nearest cinema showing A Cooler Climate that starts now ?,SearchScreeningEvent
add tolmatschowa schwestern to my Street Dance playlist,AddToPlaylist
I'd give the Main-Travelled Roads series 0 points out of 6,RateBook
give a 5 to A Picture of Her Tombstone,RateBook
Can you put the album onto Cierra La Puerta ?,AddToPlaylist
Give the current saga a three,RateBook
"Where can I see the television show , Jimmy Two-Shoes ?",SearchCreativeWork
I give this essay three of 6 stars,RateBook
play a theme from 1985 by Patrick Cowley,PlayMusic
find the novel Meg and Seron,SearchCreativeWork
I'm looking for movie schedule for films playing in the neighborhood .,SearchScreeningEvent
Play music using Last Fm,PlayMusic
rate the current essay a three,RateBook
I want to book a popular fast food food place in MN for my friend and I,BookRestaurant
Add Paul Young to my Retrovisor,AddToPlaylist
Find the Saison 7 de How I Met Your Mother show,SearchCreativeWork
"What's the weather forecast for TN on december seventh, 2026 ?",GetWeather
book a stracciatella provider coffeehouse for 10,BookRestaurant
Please make reservations for nine at 3 am .,BookRestaurant
rate The Key Word and Other Mysteries 4 of 6,RateBook
Play some Jungle music on iheart,PlayMusic
Can you play music from 2003 on Netflix,PlayMusic
play This Is Colour by Panda Bear,PlayMusic
Open Lastfm and start playing whatever,PlayMusic
I want to add No Mystery to alejandra's Acoustic Love playlist,AddToPlaylist
what are the movies movie times nearby,SearchScreeningEvent
play something from 1981,PlayMusic
What movies are in the neighbourhood,SearchScreeningEvent
How will the weather be on May 9 in Wyoming ?,GetWeather
Put Kurt Cobain onto korean osts .,AddToPlaylist
What is the weather like at Emma Wood State Beach,GetWeather
Can I hear a tune from Vladimir Vysotski ?,PlayMusic
Add 2012 Zwanzig Zwölf to my miami 2017 guest list,AddToPlaylist
I'd like to see Apartment Hunting .,SearchCreativeWork
Will there be snowfall faraway from Robinson Forest,GetWeather
book Tartine in Mississippi for 5,BookRestaurant
give 4 star for this album,RateBook
Can i get the showtimes for films close by ?,SearchScreeningEvent
book an oyster bar in AMerican Samoa for lunch,BookRestaurant
Add Fair Charlotte to the We Everywhere playlist.,AddToPlaylist
Whats the closest cinema that shows movies at 12 A.M.,SearchScreeningEvent
How is the weather right now at my current place ?,GetWeather
What time is Bhoomi Geetha playing at the movie theatre,SearchScreeningEvent
Show me the movie schedules for the nearest movie theatre in Invasion U.S.A. .,SearchScreeningEvent
give the current series 3 points,RateBook
Add a Jang Nara track to the hip hop gaming playlist.,AddToPlaylist
rate The Confidence-Man 3 points,RateBook
find close by movies movie times,SearchScreeningEvent
What will the weather be in Virginia ?,GetWeather
Add this artist to my Post-grunge playlist,AddToPlaylist
Find movie schedules for animated movies in the area,SearchScreeningEvent
The enamorándose playlist needs another album .,AddToPlaylist
show movie schedules,SearchScreeningEvent
find Kerasotes Theatres with movie times,SearchScreeningEvent
Play any nineties music,PlayMusic
rate this book called The Last of the Wine two out of 6 points,RateBook
i want to watch animated movies at Showcase Cinemas,SearchScreeningEvent
Put another tune into my dancehall official playlist.,AddToPlaylist
Rate Steps two out of 6 points,RateBook
Is it forecast to be chillier around Texas ?,GetWeather
Where can I listen to the song The Imposter ?,SearchCreativeWork
What is Fantasy Zone II The Tears of Opa-Opa,SearchCreativeWork
show creativity of Comeback Season,SearchCreativeWork
What movies are playing at the closest cinema,SearchScreeningEvent
What are the movie schedules for movies around here ?,SearchScreeningEvent
I am giving the book titled The Masters of Solitude a rating of two out of 6,RateBook
Find the schedule for for close by movies .,SearchScreeningEvent
show me the schedule of films in Cobb Theatres,SearchScreeningEvent
Give 4 stars to the current essay,RateBook
Want a work called Walk the River,SearchCreativeWork
what is the weather forecast for Maryland,GetWeather
I'd like to put duett onto my hot country playlist.,AddToPlaylist
Give The Plague a 0,RateBook
Will it be cold at 1 am in Boon ?,GetWeather
"I need a reservation, looking for a place with pool at Midnight in a pub .",BookRestaurant
Play me a twenties tune on Deezer,PlayMusic
this book gets a 1 out of 6 rating from me.,RateBook
find a novel called Chemistry - An European Journal,SearchCreativeWork
What's the weather going to be in 7 hours in FM,GetWeather
I want to book a table for me and josefa at Jacob Wirth Restaurant in Branford .,BookRestaurant
Put a track by lil mama into my guest list sneaky zebra playlist.,AddToPlaylist
Give the current essay five points .,RateBook
What's the weather like in Ojo AMarillo,GetWeather
I want to eat at a highly rated food court,BookRestaurant
What are the animated movies in the neighbourhood for the recent movie times,SearchScreeningEvent
I'd like to eat at a bar that serves corn relish with a party of five,BookRestaurant
I would give The Case of the Late Pig a best rating of 6 and a five for value,RateBook
Rate The Anatomy of Melancholy 1 stars,RateBook
is The Couch Trip at the nearest cinema,SearchScreeningEvent
Add A Bum Note and a Bead of Sweat to my Stress Relief playlist,AddToPlaylist
Add from the ashes to my rock gaming playlist,AddToPlaylist
Add another track to my Women of Latin Music playlist,AddToPlaylist
play the top-twenty margaret becker songs with google music,PlayMusic
Add the singer Maxine Nightingale to the Spanish Beat playlist.,AddToPlaylist
I am giving this current novel 4 out of 6 stars,RateBook
I want a table for 4 in Florida,BookRestaurant
add robin trower to feminist friday playlist,AddToPlaylist
"Play the album , Dance Hall At Louse Point .",PlayMusic
give 5 star to the book The Knight of Newts,RateBook
Open Netflix and play Kan Man Gifta Sig I Jeans ?,PlayMusic
For my playlist Post Garage Wave Revival add the name Eternal Prisoner,AddToPlaylist
find a highly rated brasserie restaurant in Liberia and book a table for 5,BookRestaurant
Play the latest 1973 album by Peter Derose .,PlayMusic
I'd like to play the album Clarke,SearchCreativeWork
Add tune to downtempo beats,AddToPlaylist
What kind of weather was forecast near Harmony Flats Nature Reserve last march ?,GetWeather
Add this tune to my wine & dine playlist,AddToPlaylist
add this Roy Orbison song onto Women of Comedy,AddToPlaylist
I want to book the Clarke Cooke House in Uzbekistan,BookRestaurant
play music from the year 1979,PlayMusic
give five out of 6 to this novel,RateBook
Play some nineties chant music from Nicoleta Nicola,PlayMusic
I would rate this novel a four,RateBook
How much snow will we get this week in Massachusetts ?,GetWeather
Will it get colder by 11 in Jacobsburg . Syria ?,GetWeather
Play the most popular Coti songs on Pandora,PlayMusic
Add this piece to my spotify orchestra cello playlist colors of the wind,AddToPlaylist
Is it going to get hotter in my current position,GetWeather
Show The Blue Meaning television show,SearchCreativeWork
"Book a table for 3 at one of the Restaurants in Washington, D.C. in Riverview",BookRestaurant
Add Ashley Cafagna Tesoro to my reggae en español list,AddToPlaylist
What time is Three Cuckoo Clocks playing?,SearchScreeningEvent
I think this textbook should have four stars and a best rating of 6,RateBook
find The World Is Ours at a movie theatre,SearchScreeningEvent
Please pull up Nothing Feels Good,SearchCreativeWork
Is it going to get chillier in Kuwait,GetWeather
Find the schedule for Tube at the closest movie theatre .,SearchScreeningEvent
Add the singer ivan roudyk to my fairy tales playlists,AddToPlaylist
Rate The Costs of Accidents a three,RateBook
Add Tony Kakko music to Street Dance playlist,AddToPlaylist
book a spot in the same area as Yankee Doodle Coffee Shop in Madagascar,BookRestaurant
I would like to book a restaurant for 9 on Dec. 13,BookRestaurant
What is the weather like in Cameroon,GetWeather
I want the video game Southwest Riders,SearchCreativeWork
I want to eat at the bar Saint Vincent and the Grenadines at thursday for five people,BookRestaurant
The trapaholics needs another artist added.,AddToPlaylist
Play a Ladyhawke record,PlayMusic
Find the schedule for The Devil Diamond at a movie theatre .,SearchScreeningEvent
I'd like to eat in Montana on 10/22/2030,BookRestaurant
Add the Proof album to Cierra La Puerta playlist,AddToPlaylist
Give this textbook a four,RateBook
I need a table for five at Childs Restaurants in Brunei .,BookRestaurant
Will it get hotter in Hext ?,GetWeather
What time is Holiday Heart showing at the movie house,SearchScreeningEvent
Find the Show Your Hand show,SearchCreativeWork
I am looking for Shoot Me Down,SearchCreativeWork
I want to go to the popular pub at ten PM,BookRestaurant
What will the weather be like in Samoa at 6 pm,GetWeather
Book a table for doris and I in New Tulsa,BookRestaurant
Find the trailer for Seven Year Itch .,SearchCreativeWork
give 3 out of 6 points to current novel,RateBook
What is forecast in Keyes Summit in New Mexico at 3 pm,GetWeather
book me a reservation at an oyster bar that serves crab cake for two people,BookRestaurant
book a table in Glennie for 1 in the Northern Mariana Islands,BookRestaurant
please put this tune into the All A Cappella playlist,AddToPlaylist
At thirteen hundred hours what will the weather be on Ghana ?,GetWeather
Can you tell me the weather forecast for three o'clock in DE,GetWeather
Play prints in the stone by Helen Baylor,PlayMusic
add chas chandler to my Aux Cord Privileges,AddToPlaylist
Play a tune by Andrew Findon,PlayMusic
What will the weather be doing at midnight in Brazil ?,GetWeather
"find Wild Solutions , a saga",SearchCreativeWork
What are the movie times for films playing in the area ?,SearchScreeningEvent
book Tun Tavern for morning in Norfolk Island,BookRestaurant
I need a restaurant that has internet access for a party of six,BookRestaurant
turn on Last Fm,PlayMusic
Add another song to daphne's retrowave outrun playlist.,AddToPlaylist
Are any animated movies playing at Magic Johnson Theatres ?,SearchScreeningEvent
Find a reservation in Deweese for my sister and I,BookRestaurant
show creativity in photograph of Grace Submerged,SearchCreativeWork
Play some Oleg Anofriyev from 1960 .,PlayMusic
Rate Illness as Metaphor 5 of 6,RateBook
Will it be hot here at 22 o'clock ?,GetWeather
Find saga Hamilton C shell,SearchCreativeWork
Show the My World 2.0 photograph,SearchCreativeWork
Book a restaurant for three people in Jenkins .,BookRestaurant
Find Just South of Heaven,SearchCreativeWork
Rate Contesting the Future of Nuclear Power a four,RateBook
Rate this novel a 4,RateBook
Book Mars 2112 in Rwanda for 4 people.,BookRestaurant
Can I get some russian cuisine at a restaurant with shari and I ?,BookRestaurant
Where can I watch the TV series The Trifecta ?,SearchCreativeWork
Find the schedule for Blood Orgy of the Leather Girls at a movie house .,SearchScreeningEvent
Play ballad music from 1958,PlayMusic
Make me a reservation for a party of 6 at a pub at five o'clock in Arizona that serves waffles in the city of Hat Creek,BookRestaurant
add song to my El Mejor Pop en Español,AddToPlaylist
show me the schedule of movies in Pacific Theatres,SearchScreeningEvent
Rate the current essay 3 out of 6 points,RateBook
Book a highly rated restaurant for one person in Rainbow Lakes .,BookRestaurant
Rate Definitely Dead saga 5 points out of 6,RateBook
Add entity eternally to playlist Lazy Chill Afternoon,AddToPlaylist
Find me a table at a delicatessen in Urbanette that serves rabbit pie,BookRestaurant
What is the weather forecast for Siler City Russia,GetWeather
Play top Martin Solveig on deezer,PlayMusic
I need to book the Fashion Cafe for meal in Lavina,BookRestaurant
Tell me the weather forecast close to Romania,GetWeather
I'd like a table for eight at a close-by place in Carpenterville,BookRestaurant
What's the temperature here,GetWeather
"Book a table at a bar in Moody for deloris, ester and petra alvarez .",BookRestaurant
book a spot at a taverna with internet in Mississippi,BookRestaurant
book for five in Georgia at The Coffee Bean & Tea Leaf,BookRestaurant
Can I get The Marine 2 showtimes.,SearchScreeningEvent
will it get chillier within walking distance of PW,GetWeather
is Unbeatable Harold at Century Theatres,SearchScreeningEvent
"Tell me when it will be warmer in Woods Hole , Oklahoma",GetWeather
"What's the weather forecast for Hooven , Lithuania on National Grandparents Day ?",GetWeather
I think the chronicle entitled The Spirit of St. Louis should be given a zero rating.,RateBook
is Transcending Fear at Malco Theatres,SearchScreeningEvent
Rate this novel 1 of 6,RateBook
What is the weather forecast for Friona ?,GetWeather
Find the show We Chase the Waves,SearchCreativeWork
Show me the lowest price for the game Sinatra Reprise The Very Good Years .,SearchCreativeWork
"Will it be hot in West Union , Malaysia",GetWeather
Show Acta Mathematicae Applicatae Sinica TV show,SearchCreativeWork
"The Naked and the Dead was pretty good, I'd give it four stars .",RateBook
Play the greatest record by Leroi Moore,PlayMusic
"Book reservations for ava gonzales, raquel brown and I on Jul. 6, 2040 in Hainesville at a restaurant",BookRestaurant
give this textbook zero out of 6 points,RateBook
add Karin Dreijer Andersson in Escapada album,AddToPlaylist
"Book a reservation for me, marva and barbara at a restaurant with parking",BookRestaurant
Show me My Princess,SearchCreativeWork
rate the Always Running series 0 points,RateBook
Give this textbook 5 points,RateBook
I give this book a 5 .,RateBook
I'd like to get reservations for four at a restaurant that serves apple sauce .,BookRestaurant
Play my Acoustic Covers playlist on Spotify .,PlayMusic
Add dahmer to hiphop hot 50,AddToPlaylist
On lea's saturday night playlist add the name D Generation,AddToPlaylist
Find Mahalakshmi Iyer music on Netflix,PlayMusic
For this current essay I give 5 of 6 points,RateBook
What will the weather be like in 15 and a half weeks in China,GetWeather
Find movie schedules for movies in the area .,SearchScreeningEvent
whats the closest movie theatre showing animated movies,SearchScreeningEvent
I'm looking for the television show titled The Lonergan Review,SearchCreativeWork
Give me the movie schedules at Showcase Cinemas .,SearchScreeningEvent
rate this textbook 5 stars,RateBook
Play a song of I Myself And Me on Youtube,PlayMusic
rate Betrayer of Worlds 1 out of 6,RateBook
I'm looking for 1634 The Ram Rebellion .,SearchCreativeWork
what is the forecast for hot temps at Bowman Bay Wildlife Sanctuary,GetWeather
I want to hear the new movement from Richard Harvey,PlayMusic
Book table on the 23 in Illinois at the Maison Parthenais-Perrault II .,BookRestaurant
I would give Hell Hath Fury one points,RateBook
Play Moondog 's Chupacabra .,PlayMusic
Show me the show Live at the Fillmore East,SearchCreativeWork
"What will the weather be like not far from Alabama on May 9, 2037 ?",GetWeather
I'd like johnny nash to be put into my playlist Always Pop Punk,AddToPlaylist
Play a song from 2003,PlayMusic
Add Nightmares That Surface from Shallow Sleep to michael's Rock Solid playlist,AddToPlaylist
I give The Road from Elephant Pass four stars,RateBook
I want to give this textbook four out of 6,RateBook
Show me a novel by Onnaam Muhurtham,SearchCreativeWork
I want to give the current novel zero points,RateBook
What is the movie schedules at Consolidated Theatres,SearchScreeningEvent
play some Deezer oldies music,PlayMusic
play Safe Rock And Roll Sucks on Lastfm,PlayMusic
I want to know the films playing at the closest movie house .,SearchScreeningEvent
find Quiet Night In,SearchScreeningEvent
What's the forecast for the weather at eight am in Oxford ?,GetWeather
the stars for Behind the Beat should number four for this chronicle,RateBook
showtimes for movies currently playing at Speakeasy Theaters,SearchScreeningEvent
Search for the Exiles of Time book,SearchCreativeWork
add zamiast burzy to Phunkadelic,AddToPlaylist
I would give The Northern Reaches a rating of one,RateBook
Will it be colder in Holladay Saint Kitts and Nevis,GetWeather
find the novel The Thunder Rolls,SearchCreativeWork
Find a soundtrack called The Woman Warrior .,SearchCreativeWork
Rate this book a zero,RateBook
When is Ode to Billy Joe playing at the closest movie house ?,SearchScreeningEvent
Can I see the movie schedules ?,SearchScreeningEvent
"Please book reservations at a restaurant that serves empanada , party for three with betty and dolly .",BookRestaurant
Remember the City nets five out of 6 .,RateBook
Add my favorite artist to the focus now playlist,AddToPlaylist
Play music year 2016 by artist Michiru Yamane,PlayMusic
Tell me the current forecast for Switzerland,GetWeather
book a restaurant in Anguilla for one at National Coney Island,BookRestaurant
Play an album from the fourties,PlayMusic
Find me the Balance and Timing book,SearchCreativeWork
What is the weather in Arkansas the city of Morrison,GetWeather
Put this track from The Edge on my funk soul disco playlist,AddToPlaylist
show creativity of soundtrack IHeartRadio Countdown,SearchCreativeWork
"book a spot for five at a brasserie on jan. 7, 2023",BookRestaurant
For my playlist it's ok to like jazz add this tune,AddToPlaylist
Where is the nearest cinema playing Rainbow Eyes that starts in one minute ?,SearchScreeningEvent
find the painting The Adventures of Teddy Ruxpin,SearchCreativeWork
She me movie times at Mann Theatres,SearchScreeningEvent
find movie schedules at Loews Cineplex Entertainment,SearchScreeningEvent
need a table at Uncommon Grounds Coffeehouse at eleven for nine,BookRestaurant
Which animated movies are showing at the Neighborhood Cinema Group ?,SearchScreeningEvent
add Caleigh Peters to my women of country list,AddToPlaylist
give one out of 6 star to A Girl Is a Half-formed Thing chronicle,RateBook
What is the weather in Lloyd Equatorial Guinea,GetWeather
rate this essay four stars,RateBook
Find a painting called The Legend of Tashan Dorrsett .,SearchCreativeWork
Book a restaurant for a party of 7 in Paraguay on Saturday,BookRestaurant
give two out of 6 points to current album,RateBook
Will it be cloudy on Sep. 16 in Palau,GetWeather
I wish to listen to good symphony music by mi lu bing .,PlayMusic
Please search for All the Lovers trailer .,SearchCreativeWork
Tell me where I can watch Common Law Cabin,SearchScreeningEvent
Book a table in Belhaven for a party of seven at the Great House at Sonning,BookRestaurant
The Far Side of the World chronicle deserves three out of 6 points .,RateBook
Play something by Daisy Voisin on google music,PlayMusic
I'm looking to reserve a table at a pasta restaurant in Serbia .,BookRestaurant
Play Elkie Brooks seventies sound track,PlayMusic
in the neighbourhood find a movie schedule for animated movies,SearchScreeningEvent
Play a native us song on Last Fm,PlayMusic
add Anthony Hamilton to my list Women of Hip Hop,AddToPlaylist
"Will it be hot on december 28 in Ayr , MI",GetWeather
I need to get a restaurant reserved in SD .,BookRestaurant
find Kerasotes Theatres movie schedules,SearchScreeningEvent
Add Priscilla to my playlist Classical Dance Music Ballet & Beyond,AddToPlaylist
add this track to my party playlist,AddToPlaylist
Rate the Sacred Fire series 5 points,RateBook
Where can I buy a copy of the picture called Turn Against This Land ?,SearchCreativeWork
Play The View From The Afternoon by Malese Jow on Last Fm,PlayMusic
Tell me the weather forecast for Casa Grande Ruins National Monument,GetWeather
Find The Dressmaker .,SearchCreativeWork
"add Aprite le finestre to my This Is Earth, Wind & Fire playlist",AddToPlaylist
I want to hear something eclectic,PlayMusic
Look for the American Journal of Sociology,SearchCreativeWork
Play a nineties tune by Sugar Minott on Netflix,PlayMusic
Is Brother at United Paramount Theatres,SearchScreeningEvent
I'm looking for the television show The Flame,SearchCreativeWork
Give this book a 2 .,RateBook
I'd like to watch The Utopian Society,SearchScreeningEvent
I'd like to eat around ID on august the 16th with a party of 8,BookRestaurant
Book a restaurant for 7 people.,BookRestaurant
give 0 out of 6 points to The Paper Men,RateBook
Is it going to be snowy here,GetWeather
Weather for Oct. 16 in MO,GetWeather
Please reserve a table for five to get chicken fingers at a cafeteria in Mexico .,BookRestaurant
I would give this current novel 4 points,RateBook
show creativity of Home Brew,SearchCreativeWork
I would rate this current series I'm reading a two out of 6,RateBook
"I need the weather in Hubbardston , will it be chillier ?",GetWeather
rate this textbook 3 out 6,RateBook
Add robert nighthawk to Novedades Pop,AddToPlaylist
Please give me the forecast for Branton,GetWeather
add this track by clem burke to my atmospheric black metal playlist,AddToPlaylist
I want to book a restaurant in 40 weeks in Iowa .,GetWeather
I want to know the animated movies playing at Malco Theatres,SearchScreeningEvent
"Please get me seating at the tavern in Red Lick , Michigan",BookRestaurant
Can you play Maggie Mae on Netflix,PlayMusic
Rate From a Buick 8 0 out of 6,RateBook
book fast food that is highly rated,BookRestaurant
Add a tune to my elrow Guest List,AddToPlaylist
I want If I Could Be with You added to mellow dinner,AddToPlaylist
Play christian gangsta rap,PlayMusic
Please find the movie Dancing Girl,SearchCreativeWork
Add album to virales de siempre,AddToPlaylist
Rate this novel 0 of 6 stars,RateBook
Add the album to my Heavy Gamer playlist.,AddToPlaylist
show me the movie schedules,SearchScreeningEvent
show creativity of What Is Dead May Never Die,SearchCreativeWork
give me a list showtimes for The Night of Taneyamagahara,SearchScreeningEvent
where is The Incite Mill playing,SearchScreeningEvent
"Rate The Astonishing Life of Octavian Nothing, Traitor to the Nation, Volume II The Kingdom on the Waves series 2 points",RateBook
Find the TV show titled Timerider The Adventure of Lyle Swann,SearchCreativeWork
give me the movie times,SearchScreeningEvent
I give the Journal of a Sad Hermaphrodite a 0 out of 6 points .,RateBook
Add Jarvis Cocker to my Chillin' on a Dirt Road playlist,AddToPlaylist
Can you find me the Spectres television show ?,SearchCreativeWork
"Tell me when it'll be chillier in Cavalero Corner , ID",GetWeather
Rate the current essay 1 of 6,RateBook
play Say A Word by La India,PlayMusic
Will it be chilly in Fiji at ten pm,GetWeather
Add When You Come Back to the jazz for loving couples playlist.,AddToPlaylist
Rate the current novel four out of 6 points,RateBook
Rate Renewable Electricity and the Grid one stars out of 6,RateBook
Book a restaurant in the Marshall Islands for two people.,BookRestaurant
Play some Rockwell from around 1996,PlayMusic
Rate The Honourable Jim a three,RateBook
what is the forecast for cloudy weather here,GetWeather
Add another tune to my verano playlist.,AddToPlaylist
Is it hot in neighboring Algeria,GetWeather
Find the movie schedules for animated movies in the neighbourhood .,SearchScreeningEvent
What's the closest movie house that's showing animated movies ?,SearchScreeningEvent
What movies are playing at the nearest movie house,SearchScreeningEvent
What's the weather forecast in the same area of ME on Apr. 20 ?,GetWeather
show the movie schedule for 9 pm at Cobb Theatres,SearchScreeningEvent
Who published the novel JamesEdition ?,SearchCreativeWork
I'm looking for you to get me Jack of Shadows .,SearchCreativeWork
rate this essay a two,RateBook
Can I get the Butterfly Crush showings,SearchScreeningEvent
Use service Vimeo to play music from the artist Mick track Now We Are 5,PlayMusic
What AMC Theaters is The Red Dance playing at?,SearchScreeningEvent
find a video game called Fare Thee Well Celebrating 50 Years of the Grateful Dead,SearchCreativeWork
Will there be rain next year in New Hampshire ?,GetWeather
I need the movie schedules for Century Theatres,SearchScreeningEvent
Look up the Hard to Handle TV show,SearchCreativeWork
Find the TV series The Almighty Johnsons,SearchCreativeWork
play Signe Anderson chant music that is newest,PlayMusic
what is the Southern Shops forecast for warm temps,GetWeather
Book a table for 8 at a pub in North Carolina,BookRestaurant
add track to All Out 70s,AddToPlaylist
add Animal Stories to maryanne's by Per Yngve Ohlin,AddToPlaylist
I would like to book a goan restaurant for 8,BookRestaurant
Add this artist to this is Rosana,AddToPlaylist
What's the forecast for Little Silver,GetWeather
play 1962 music on Netflix,PlayMusic
add this extended play to Women's Lit playlist,AddToPlaylist
book a molecular gastronomy serving restaurant on march the 20th,BookRestaurant
What is the movie schedule for General Cinema Corporation ?,SearchScreeningEvent
Locate me the novel entitled Isthmus .,SearchCreativeWork
Book a table for a party of 7 next year in ID .,BookRestaurant
Let me know when I can watch Actrices .,SearchScreeningEvent
I need movie times in the area for any type of movies,SearchScreeningEvent
Ply best 1973 sound track,PlayMusic
Is it likely to be warm in Rush Hill ?,GetWeather
On April the twelfth in Somalia is the weather chilly,GetWeather
book a bar for 2 in Hayden Row on friday,BookRestaurant
Add a Kanon Wakeshima track to the Feeling Blue playlist.,AddToPlaylist
Rate Cold Light 5 out of 6 points .,RateBook
Play Jono El Grande from the thirties,PlayMusic
Can yo find me the game A Silence That Screams ?,SearchCreativeWork
Looking for video game For Those Who Would Walk with the Gods,SearchCreativeWork
What movies are playing at the closest cinema,SearchScreeningEvent
Find the movie schedules for Cineplex Odeon Corporation .,SearchScreeningEvent
I'd like to see the picture Chrome Dreams,SearchCreativeWork
add warpaint in my Pre-Party list,AddToPlaylist
What animated movies are playing at the closest cinema,SearchScreeningEvent
Will there be depression on Mar. the twenty-eighth in Saint Pierre and Miquelon,GetWeather
Rate this book five out of 6,RateBook
add Dr Know to the playlist named I Love My 90's R&B,AddToPlaylist
will it be chillier in Ruskin,GetWeather
add manuelita to my indiespensables playlist,AddToPlaylist
I would like to see the closest cinema playing films .,SearchScreeningEvent
Book a table for mamie and maria at a south tyrolean restaurant within walking distance from Fisk Av-69th St .,BookRestaurant
what is the Eugene T. Mahoney State Park forecast for 2 days from now,GetWeather
rate The Brothers Karamazov a four,RateBook
What cinema is playing The Edge,SearchScreeningEvent
I'd like a restaurant on 6/1/2027 for 5 people in Iowa City,BookRestaurant
give 1 points to The Duel Pakistan on the Flight Path of American Power saga,RateBook
"Play Oj, Jelena, Jelena, Jabuka Zelena by Ler Lalonde .",PlayMusic
Will it be chilly at 11 am in Loup City,GetWeather
Add a tune to my this is marc anthony playlist,AddToPlaylist
What will it feel like on patriot's day on South Georgia and the South Sandwich Islands,GetWeather
Show me Horton and the Kwuggerbug and More Lost Stories,SearchCreativeWork
Put another song in the Cloud Rap playlist.,AddToPlaylist
What's the forecast for Maltio Strict Nature Reserve ?,GetWeather
Show me The Lord of the Isles,SearchCreativeWork
Play me the soundtrack Ready,SearchCreativeWork
Play my 70s Smash Hits playlist.,PlayMusic
I need a weather update now for Manhattan Project National Historical Park,GetWeather
play some Prabha Atre,PlayMusic
Play music by Fidel Nadal sorted by newest .,PlayMusic
"book on feb. the twenty-sixth, 2026 in Tracyton for two at a cafe",BookRestaurant
What time is Balkan Rhapsodies 78 Measures of War playing at Malco Theatres ?,SearchScreeningEvent
What's the weather like in Hamilton City,GetWeather
I'd like to watch The Details at the cinema,SearchScreeningEvent
add billy eckstine to my emotron,AddToPlaylist
add this song to enid's romántica playlist,AddToPlaylist
find me a game called Thesis Eleven,SearchCreativeWork
I need to book a table at a tavern that serve gnocchi for nine in Owenyo,BookRestaurant
Add Ava Leigh to my Grime Instrumentals playlist,AddToPlaylist
Please show me the movie schedule for animated movies playing in the neighborhood .,SearchScreeningEvent
Rate The Man Who Sold the Moon a 5 .,RateBook
add darkest angels to my SOS 48 2016,AddToPlaylist
Add the happy elf to my Fresh Finds Fire Emoji playlist,AddToPlaylist
play the Ashley Tisdale discography TV show,SearchCreativeWork
where is The Chief Cook playing,SearchScreeningEvent
Play a song off the Nicht Sprechen album,PlayMusic
play Lastfm tunes from 1997,PlayMusic
When will the weather be temperate like it is now in Stansbury Park in Tuvalu,GetWeather
find a novel called Episodi di Sons of Anarchy,SearchCreativeWork
Play Still Life 1,PlayMusic
Give the current essay 3,RateBook
Rate the current book 5 of 6 points,RateBook
What's the weather forecast for next week at my current position ?,GetWeather
Are there any painting of the 1st Concert Oh Yeah! 1999 ?,SearchCreativeWork
show movie schedule in the neighbourhood films at five hours from now,SearchScreeningEvent
Book a restaurant in town not far from here for me and my mother in law .,BookRestaurant
Give me the showtimes for Sign of the Anchor .,SearchScreeningEvent
Book reservation in Gasconade at the best restaurant in DC,BookRestaurant
"find Terminator 3 The Redemption , a picture",SearchCreativeWork
Find movie schedules .,SearchScreeningEvent
Book a hawaiian diner in South Carolina not far away in 1 second from now .,BookRestaurant
Play the Mister Music Man by Gene De Paul .,PlayMusic
I rate this novel 2 of 6 points,RateBook
"The Night Lamp was ok at best, two stars out of 6 possible.",RateBook
Can i get the movie times for Fox Theatres ?,SearchScreeningEvent
Play A Chaos Of Desire from Dan Snaith,PlayMusic
Show me the album Apache Axis2,SearchCreativeWork
Play some House music,PlayMusic
in the neighbourhood find movies with movie times,SearchScreeningEvent
I need the weather at eleven AM in Argentina,GetWeather
what time is Mulawin The Movie showing at the nearest movie house,SearchScreeningEvent
Rate my current book one stars,RateBook
find a brunch time cinema nearest with The President Is Coming,SearchScreeningEvent
"Give Enemies, A Love Story 4 points out of 6",RateBook
rate Darth Maul Shadow Hunter one out 6 stars,RateBook
Play the playlist Feel Good Dinner .,PlayMusic
what is the weather forecast for Latvia Strasburg,GetWeather
Show me the album Three Songs About Lenin,SearchCreativeWork
"Book a table at Top Pot Doughnuts in Greensburg , AMerican Samoa",BookRestaurant
I need to find Best of the West Rides Again,SearchCreativeWork
Rate my current textbook three out of 6,RateBook
play paul riley on Youtube,PlayMusic
Book a restaurant on san jacinto day in Anderson for me and my colleagues .,BookRestaurant
add my favorite track to Baroque 50 Spotify Picks,AddToPlaylist
"rate the book series I, Robot one out of 6 stars",RateBook
Rate the current essay a five,RateBook
find the closest cinema with animated movies,SearchScreeningEvent
When can I catch a screening of Shivers in Summer ?,SearchScreeningEvent
Add Metal Gear Solid 2 Sons of Liberty Soundtrack 2 The Other Side to edna st vincent millay,AddToPlaylist
"book a mexican brasserie close by Woodcliff Lake for a party of 7 on April 25, 2026",BookRestaurant
find Bump Off Lover,SearchCreativeWork
What animated movies are playing now in the neighborhood,SearchScreeningEvent
Play me a track by Steve Souza,PlayMusic
Book me a restaurant ten minutes from now,BookRestaurant
play 1977 good track tunes,PlayMusic
I need a reservation for a brasserie place for a party of two,BookRestaurant
find Wild at Heart,SearchScreeningEvent
Open Youtube and play Nanana from Massimo Altomare,PlayMusic
Add naseer shamma to piano chill,AddToPlaylist
How will the weather be this month in OR,GetWeather
play 1981 tunes by Jiles Perry Richardson on Lastfm for theme music,PlayMusic
Find the movie schedules at the Neighborhood Cinema Group,SearchScreeningEvent
"Will it be hot in New York on october the 1st, 2026 ?",GetWeather
Show me the nearest movies at movie theatre for twenty one o'clock,SearchScreeningEvent
"play Lily, Rosemary And The Jack Of Hearts by Chris Goss",PlayMusic
please give a 2 out of 6 to House of Many Ways,RateBook
I would like to book a restaurant in Niagara Falls for 8 on June nineteenth,BookRestaurant
Can you put this track onto the playlist the selektor ?,AddToPlaylist
"find Bal Ganesh 2 , a video game",SearchCreativeWork
Find a photograph called Cope Park .,SearchCreativeWork
Play Murder The Mountains by Mana on Netflix,PlayMusic
What will the weather by close by the current position at 020230 ?,GetWeather
use Iheart to listen to retro,PlayMusic
add children of telepathic experiences to the playlist named baladas románticas,AddToPlaylist
Add robin trower to the medieval 50 spotify picks playlist.,AddToPlaylist
what's the weather like in El Salvador on wed .,GetWeather
On 2/25/2025 will it be hot in Holstein,GetWeather
play ray davies on Iheart by only Hit It Again,PlayMusic
Rate To Live and Die in L.A. a four out of 6 .,RateBook
Add artist to playlist Epic Gaming,AddToPlaylist
I'd like to eat at a tea house with 3 people,BookRestaurant
What are the Mann Theatres showtimes for Secret Sunshine,SearchScreeningEvent
add album to metal overload playlist,AddToPlaylist
"book a table for one at Monty’s Hotel, Secunderabad",BookRestaurant
I'm looking for the movie White Unicorn,SearchCreativeWork
Will there be a blizzard at 2 am in my current place,GetWeather
Find me the movie schedule for ArcLight Hollywood,SearchScreeningEvent
What will the weather be in the current place 1 minute from now ?,GetWeather
I want to book the best steakhouse with south american cuisines in Alaska,BookRestaurant
have Zvooq play songs from the fifties,PlayMusic
Play Contigo En La Distancia,PlayMusic
Go to cali fire and add refrain to my playlist,AddToPlaylist
Rate the text book New Finnish Grammar a four out of 6,RateBook
whats the weather forecast in Nicaragua,GetWeather
Please fine me Worms Clan Wars .,SearchCreativeWork
play The Widow of Saint-Pierre saga,SearchCreativeWork
Find me showtimes for A Christmas Story starting at eleven o'clock .,SearchScreeningEvent
Tell me what films are playing at Plitt Theatres,SearchScreeningEvent
"Will it be warm in Jenners , Panama on August the sixteenth ?",GetWeather
Rate The High Deeds of Finn MacCool one out of 6,RateBook
Play me the greatest track of 1966,PlayMusic
Show me a forecast for Malaysia,GetWeather
Will it be colder in Litchfield,GetWeather
Rate Company for Gertrude 4 of 6,RateBook
rate Winnie-the-Pooh four out of 6,RateBook
what is the weather forecast close to Puerto Rico,GetWeather
rate What the Dog Saw a two,RateBook
find The Many Loves of Dobie Gillis,SearchCreativeWork
Add Raisins secs et amandes to this is new edition,AddToPlaylist
rate the book Joyful Noise Poems for Two Voices 3 points,RateBook
add track to my life's short; play fast playlist,AddToPlaylist
find Mann Theatres movie schedule,SearchScreeningEvent
rate The Writing on the Hearth 2 out of 6 points,RateBook
Add BSlade to women of k-pop playlist,AddToPlaylist
Where is Walt The Man Behind the Myth playing,SearchScreeningEvent
Find the novel called Loyalty .,SearchCreativeWork
"What is the weather forecast for Sep. the 14th, 2038 in North Dakota",GetWeather
What is the weather forecast for Djibouti,GetWeather
Rate this album three out of 6,RateBook
What time is Showcase Cinemas playing Straight Is the Way,SearchScreeningEvent
rate this textbook two out of 6 points,RateBook
Where do get photograph of My Own Best Enemy,SearchCreativeWork
Play hanging in the balance by Nik Kershaw on Zvooq .,PlayMusic
Where is the closest cinema playing I Prefer the Sound of the Sea,SearchScreeningEvent
Where is Chips in Crouch,BookRestaurant
rate The Sail and Steam Navy List 5 stars,RateBook
I'd like to eat a restaurant in or nearby Pelahatchie at 12 o'clock,BookRestaurant
Will there be a blizzard in Woodmere,GetWeather
Would like to book a restaurant the last day of sukkot for lee and ines,BookRestaurant
find the picture Chorus Line,SearchCreativeWork
"book a restaurant in French Southern Territories on dec. the fifth, 2026 for two",BookRestaurant
show me the schedule of movie Shadow of a Woman,SearchScreeningEvent
Book a reservation for a popular bakery in Patetown,BookRestaurant
2 of us want to eat at a restaurant that serves meatballs in VT,BookRestaurant
I want movie times for Fox Theatres,SearchScreeningEvent
How is weather here ?,GetWeather
Book a spot at a taverna for my cousin and I in Burundi,BookRestaurant
Play some Tony Grant .,PlayMusic
I want the video game Two More Years,SearchCreativeWork
find movies with movie schedules in the neighborhood,SearchScreeningEvent
add this track to New Hip Hop,AddToPlaylist
Find the schedule for The Cup Winner at the closest movie house .,SearchScreeningEvent
Book me a reestaurant that is close in the country of Cocos Islands,BookRestaurant
Rate The Slap five of 6,RateBook
"book a spot for ten , tomorrow at a popular vegan restaurant that is close to Alabama",BookRestaurant
Book a table for 2 at a nearby restaurant .,BookRestaurant
When will it be temperate in Lansford,GetWeather
play The Happiest Days Of Our Lives by Tommy Emmanuel,PlayMusic
Where can I find the picture Another Happy Ending,SearchCreativeWork
Give me the weather forecast for Nationaal park Garphyttan,GetWeather
Add judge jules to instrumental study,AddToPlaylist
Rate The Desert Column 3 out of 6,RateBook
"find Drumline A New Beat , a picture",SearchCreativeWork
play a tune from 1973,PlayMusic
Please look up The Lamentable Journey of Omaha Bigelow into the Impenetrable Loisaida Jungle television show .,SearchCreativeWork
is it going to be chilly on 12/13/2025 in Haugan Pakistan,GetWeather
I want to give Science Fiction Adventures in Mutation 0 stars,RateBook
Give the current series a one .,RateBook
play the track The Wizard And I,PlayMusic
Is it warm in Fernley ?,GetWeather
Give this current book zero out of 6,RateBook
Give Bruce Lee The Man Only I Knew 5 points .,RateBook
Is it going to be warmer in Central Cebu Protected Landscape,GetWeather
On jan. the twentieth what will it feel like in CT or the area not far from it,GetWeather
Is Dummy playing at two a.m. ?,SearchScreeningEvent
Is it warm in the current spot ?,GetWeather
book a table in Fort Loudon at a restaurant for 5,BookRestaurant
"find Hope & Other Sins , a TV show",SearchCreativeWork
rate The Princess Mouse A Tale of Finland one of 6,RateBook
Add I Almost Lost My Mind to my bossa nova dinner playlist.,AddToPlaylist
What is the movie schedule for animated movies in the area,SearchScreeningEvent
what is the weather in Steward,GetWeather
I want to eat supper at a Lesotho plaCE,BookRestaurant
I want to rate Pontypool Changes Everything a zero out of 6 points,RateBook
Is A Tree Grows in Brooklyn playing in one hour,SearchScreeningEvent
add Halley to This Is Tchaikovsky,AddToPlaylist
Can you find me The Real McCoy novel ?,SearchCreativeWork
"What is the weather going to be like in Klondike Gold Rush National Historical Park on february the 28th, 2034 ?",GetWeather
put jim fairchild onto spotlight spain 2016,AddToPlaylist
Add this tune to Morning Commute,AddToPlaylist
Play i believe from Chico Buarque off of iheart,PlayMusic
Will a blizzard hit Torrey Pines State Natural Reserve on jun. sixteenth ?,GetWeather
Is it better in Holi or here,GetWeather
is it going to be windy faraway from the Valley of Fire,GetWeather
show movie schedules for animated movies playing close by now,SearchScreeningEvent
How will the weather be in 11 years from now in the same area of Florida ?,GetWeather
Play some good movement music by Brian Littrell from around 2001,PlayMusic
what is the Sri Lanka forecast for snow,GetWeather
find films scheudle in the neighborhood at 2,SearchScreeningEvent
Play music on Deezer by Imogen Heap,PlayMusic
book a restaurant for three on feb. 18,BookRestaurant
I want watch The Sun And The Moon,SearchCreativeWork
restaurant in Zambia that is close for a party of 10,BookRestaurant
Rate this novel a 3,RateBook
"I need to book a pool side bar , for 5 people 17 weeks from now , distant from here at Mountain Lakes .",BookRestaurant
Look up Three Fantastic Dances,SearchCreativeWork
Add another song to the acoustic soul playlist.,AddToPlaylist
add this album by don reno to my playlist named indiespain,AddToPlaylist
add tune to my playlist picnic in the park,AddToPlaylist
Play sugar baby by frank beard,PlayMusic
Add this track to the Evening Commute playlist,AddToPlaylist
I want to book the best manadonese restaurant for six at 2149 that is distant from my baby's work,BookRestaurant
Is it rainy season in Manitou Springs ?,GetWeather
Please add a track to my playlist called this is Coti,AddToPlaylist
I need a reservation for a party of ten in Algeria .,BookRestaurant
What is the humidity in Missouri City SC,GetWeather
rate the book The Guernsey Literary and Potato Peel Pie Society a five,RateBook
Show me the movie times,SearchScreeningEvent
find the game Endangered Species,SearchCreativeWork
find a show called Big Broadcast of 1938,SearchCreativeWork
I would like to book a highly rated brasserie with souvlaki neighboring LA next week,BookRestaurant
find the trailer for The Spooky Sisters,SearchCreativeWork
Book a reservation for a top-rated lebanese fast food place,BookRestaurant
Add this track to my Zen Focus playlist,AddToPlaylist
Play thirties symphony music from Nigga on Iheart,PlayMusic
I am rating this book 5 out 6 points,RateBook
I'd like t add Day After Day to evangeline's Party of the Century playlist,AddToPlaylist
Play a top five Linda Strawberry ep,PlayMusic
Will there be a depression in the weather here on cyber monday ?,GetWeather
Will there be a blizzard next friday close in TN ?,GetWeather
in the area find some films,SearchScreeningEvent
add Chris de Burgh in my playlist melancholia,AddToPlaylist
Can you find the movie Accidentally in Love,SearchCreativeWork
What movies are in the area,SearchScreeningEvent
Where can I find the movie called Cracking Contraptions ?,SearchCreativeWork
Play melody music from the fourties .,PlayMusic
Please get me Rough and Ready saga .,SearchCreativeWork
what time is The Clutching Hand playing at Amco Entertainment,SearchScreeningEvent
what is the cold forecast for our current position,GetWeather
Look for the No Bigger than a Minute soundtrack,SearchCreativeWork
Add another album to my friendesemana playlist.,AddToPlaylist
Please reserve a spot at Ballachulish House .,BookRestaurant
Find a show called Friday Download .,SearchCreativeWork
I'd like to watch films anywhere nearby,SearchScreeningEvent
what time can i see Girls to Marry,SearchScreeningEvent
book me and my grandparents a restaurant in Saint Helens South Dakota,BookRestaurant
Show me the saga My Darling,SearchCreativeWork
I give the previous album one out of 6 points .,RateBook
find a video game called Victory March,SearchCreativeWork
Add the artist LeAnn Rimes to the Women of Indie playlist.,AddToPlaylist
I would rate this chronicle zero and a best rating of 6,RateBook
What will the weather be next apr . in MT ?,GetWeather
Give The Decoration of Houses 1 of 6,RateBook
rate tune to 90's Baby Makers,AddToPlaylist
The book The Chymical Wedding is only worth 3 points .,RateBook
What is the weather like in Long Beach United Kingdom,GetWeather
Add Bashful Brother Oswald to Love Moments,AddToPlaylist
I want to hear some twenties music off of Deezer,PlayMusic
give 1 out of 6 points to current textbook,RateBook
What movies are at North American Cinemas,SearchScreeningEvent
what's the nearest movie house showing films,SearchScreeningEvent
add i pledge allegiance to the grind to my Sinfonía Hipster playlist,AddToPlaylist
find TV series titled Sonata Mix Dwarf Cosmos,SearchCreativeWork
What cinema is playing The Strongest Instinct now ?,SearchScreeningEvent
Find movie times for Great Escape Theatres,SearchScreeningEvent
Rate this series 2 out of 6,RateBook
I'd like to see the saga Song of the Saurials,SearchCreativeWork
The Mad Scientist Hall of Fame gets only a two out of 6,RateBook
I need seating for ten people at a bar that serves czech cuisine,BookRestaurant
What is the foreast for my current location,GetWeather
Play Classical X,PlayMusic
book a table for five at a restaurant with the best rating,BookRestaurant
find a movie theatre showing The Tailor of Panama,SearchScreeningEvent
Play Suite Sudarmoricaine by Afi on itunes,PlayMusic
Hocus Bogus gets a 2 of 6 .,RateBook
Find a painting called Smash Crusher .,SearchCreativeWork
What's the weather this Summer in Djibouti,GetWeather
Show me the show Goldimouse and the Three Cats,SearchCreativeWork
Does The Yacoubian Building start at 0839 pm,SearchScreeningEvent
Add a tune to rare groove,AddToPlaylist
I want to go see A Simple Noodle Story in seventeen seconds at Goodrich Quality Theaters .,SearchScreeningEvent
Book a tavern in Colorado for two,BookRestaurant
Find the movie times for movies playing in the neighborhood,SearchScreeningEvent
Play the best sort by Jan Robbe on pandora,PlayMusic
For The Curious Incident of the Dog in the Nightdress I rate it 2 of 6 points,RateBook
what is the forecast for the current spot for cloudy conditions,GetWeather
add track to This Is Zezé Di Camargo & Luciano,AddToPlaylist
Give Signals of Belief in Early England four of 6,RateBook
Find Stays in Mexico .,SearchCreativeWork
Book the Space Aliens Grill & Bar in Hord WY for Feb. the twenty-seventh .,BookRestaurant
Play some chanson music.,PlayMusic
Find movie times for close by movies .,SearchScreeningEvent
play Wolves by Larry Gatlin,PlayMusic
rate this with zero points for the saga called A Good Recovery out of 6,RateBook
Add the track to the comedy new releases playlist.,AddToPlaylist
Will it be hot three minutes from now faraway from Saint Croix State Park,GetWeather
Please find the movie schedule for animated movies playing in the neighbourhood,SearchScreeningEvent
Can you find the book Beatmania IIDX 10th Style,SearchCreativeWork
Find me the book with the title of The Rainwater LP,SearchCreativeWork
I give the previous saga 4 out of 6,RateBook
I'm looking to book a seat at a bakery that serves coleslaw at 194458 .,BookRestaurant
Play me a 1990 sound track,PlayMusic
Find the schedule for for The Day of the Jackal at Pacific Theatres .,SearchScreeningEvent
Add this song to my novedades viernes sudamérica playlist,AddToPlaylist
Want to eat at The Meatball Shop that's within walking distance of erica's campus,BookRestaurant
rate the current essay 5 points,RateBook
add kasey chambers to my political punks playlist,AddToPlaylist
Play some songs from the fifties,PlayMusic
What will it be like in six PM at the current place,GetWeather
Rate this saga two with a bet rating of 6,RateBook
Play some Eddie Vinson on Deezer,PlayMusic
Book me a reservation for 10 in Oman,BookRestaurant
Play the top-ten soundtrack from Kiara .,PlayMusic
What's the weather in Pugu Hills Forest Reserve,GetWeather
Show The Singles Collection Volume 4,SearchCreativeWork
What is the expected weather forecast for Beckley ?,GetWeather
I need a list of Mann Theatres films that are playing,SearchScreeningEvent
Is it cloudy in Tingley ?,GetWeather
add this album to tgif,AddToPlaylist
this saga deserves a score of four,RateBook
Play some 1993 concerto off of Slacker,PlayMusic
there is fog weather in Grand Lake Nebraska,GetWeather
put the airi suzuki album into my Nuclear Blast Novelties playlist,AddToPlaylist
The Complex How the Military Invades Our Everyday Lives has a best rating of 6 stars but I will give it zero,RateBook
add Desert Sessions to my i love my 80's rollerdisco playlist,AddToPlaylist
play I Could Write A Book,PlayMusic
When was the TV show CrazySexyCool taken off air?,SearchCreativeWork
Play me a ballad by Dres on groove shark,PlayMusic
Play genre opera,PlayMusic
i wanna listen to a the top-twenty track of Denniz Pop in Pandora,PlayMusic
add this Eric Weissberg song to my Dance Workout,AddToPlaylist
I'd like to hear Helen Baylor,PlayMusic
Is Fighting With Buffalo Bill playing at the closest movie house,SearchScreeningEvent
add tune to my mellow bars playlist,AddToPlaylist
Rate The Autobiography of Alice B. Toklas 1 out of 6 stars,RateBook
Find the song titled The Rivalry Red v. Blue,SearchCreativeWork
She me the movie times,SearchScreeningEvent
Play top 20 from frank farian,PlayMusic
"What will the weather be at ten am in Fourche , NV",GetWeather
I want to book seats for 2 at churrascaria using the internet,BookRestaurant
Find a song called You Cross My Path .,SearchCreativeWork
Rate the current novel two stars,RateBook
show me The Best Of Volume 1 TV series,SearchCreativeWork
The Citrus Industry is a four rating value and a best rating of 6,RateBook
add sonntag to my Assassin's Creed,AddToPlaylist
Please add faccetta nera to my this is handel playlist,AddToPlaylist
rate The Pig Scrolls one of 6 points,RateBook
add the artist Todd Snider to my Electro Latino playlist,AddToPlaylist
Play Slow Rock on Lastfm .,PlayMusic
Will there be a lot of sun in Dry Prong Somalia at 5 pm,GetWeather
I need a table right now for four in ME,BookRestaurant
What is the weather in Kernersville Greece ?,GetWeather
"find Touch of Eva , a TV show I want to see",SearchCreativeWork
what is the schedule for The Fox and the Child in cinema,SearchScreeningEvent
What time is Kickboxer showing at Cobb Theatres,SearchScreeningEvent
Is A Master of Craft playing at Wanda Group,SearchScreeningEvent
Rate Short Trips Destination Prague five out of 6,RateBook
add this song to my metal playlist,AddToPlaylist
I need a reservation for 0253 at Hotel Arctic in State Road,BookRestaurant
Is the forecast windy in Nigeria on Nov. the 6th,GetWeather
Book reservations at the Laurelhurst Theater for a party of 7,BookRestaurant
Where animated movies does North American Cinemas feature,SearchScreeningEvent
Please book a room in The River Café restaurant to accommodate eight members in Andorra,BookRestaurant
play latest Shaggy music,PlayMusic
I want to add an album to noreen's endorphin rush playlist.,AddToPlaylist
I want to hear some The Roches,PlayMusic
I would like to book a donut serving delicatessen in Cuba for 5 on april eleventh,BookRestaurant
Add album to my grandes unplugged,AddToPlaylist
"What's the weather going to be like in Fort Point, San Francisco tomorrow ?",GetWeather
Play something by Chris Knight,PlayMusic
Book at table at a brasserie which serves padangnese food.,BookRestaurant
Add Family Tree to conexiones,AddToPlaylist
Give this novel 5 stars,RateBook
Will there be wind in AS,GetWeather
Find movie schedules .,SearchScreeningEvent
play The Rest of My Life,SearchCreativeWork
rate the book The Egoist five out of 6,RateBook
in 1 second I need a restaurant in San Marino for 9,BookRestaurant
Book a table for 3 at a top-rated restaurant .,BookRestaurant
add Contact to my nu metal playlist,AddToPlaylist
play caitlin cary from the fourties,PlayMusic
Play some music from 2011 on lastfm,PlayMusic
Rate The Vanishing Thieves 4 out of 6,RateBook
play Peja tunes,PlayMusic
Where can I purchase the book Scales of Justice,SearchCreativeWork
does Mexican Werewolf start at three am,SearchScreeningEvent
Play ecstatic,PlayMusic
Rate the current album 2 stars,RateBook
what is the freezing forecast for British Virgin Islands,GetWeather
Play music from 1999,PlayMusic
Play me the greatest chant by Laurel Aitken on lastfm,PlayMusic
The current essay only deserves one out of 6 points,RateBook
"What will the weather be in Berville AK on Feb. 6, 2017 ?",GetWeather
I would rate this novel 2 points and a best rating of 6,RateBook
Show me the movie times for animated movies that are in theaters close by,SearchScreeningEvent
show creativity of Adobe AIR,SearchCreativeWork
Is there snow in the District Of Columbia,GetWeather
Check the weather forecast for the current position .,GetWeather
Find the movie schedule for animated movies in the neighbourhood .,SearchScreeningEvent
Is there a blizzard coming to El Verano,GetWeather
Play Apbl98 by Alden Penner .,PlayMusic
Can you play a 1967 soundtrack on Slacker,PlayMusic
I rate Naked in Death a 5,RateBook
show creative painting People & Love,SearchCreativeWork
rate the book saga West with the Night a 2,RateBook
Find a TV series called White Bread Black Beer .,SearchCreativeWork
"Will it be warm in Gilmer , Keeling Islands ?",GetWeather
Book a table for six around yolanda's apartment .,BookRestaurant
Play me the show House of Stairs,SearchCreativeWork
what films are showing in the neighborhood,SearchScreeningEvent
Book a restaurant for 9 at 0037 PM,BookRestaurant
Rate the My Beloved World saga a one,RateBook
I'd like a new england added to Classical Moments in Movies .,AddToPlaylist
Play concerto from the eighties,PlayMusic
painting of Live from the El Rey Theatre,SearchCreativeWork
book a spot for one at four AM,BookRestaurant
Show me movie times for animated movies playing three hours from now in the neighbourhood .,SearchScreeningEvent
Play me some grunge music,PlayMusic
Will it rain in Barberville,GetWeather
Book the best eastern european restaurant for 5 people at two o'clock in Cohocton WY .,BookRestaurant
I need a top-rated pub in Friona,BookRestaurant
Please play music from Itunes,PlayMusic
"What's the weather forecast for Elida , Rhode Island ?",GetWeather
Find movie times .,SearchScreeningEvent
find Me. I Am Mariah… The Elusive Chanteuse,SearchCreativeWork
show movie times at Megaplex Theatres,SearchScreeningEvent
Play One Good Reason by Tommy Flanagan on Itunes,PlayMusic
me and deanna want to book a restaurant in Malawi,BookRestaurant
Play a record from 2005 by Ruslana Lyschytschko .,PlayMusic
add Księga Urodzaju to abigail's Concentración,AddToPlaylist
What's the weather forecast for Haigler ?,GetWeather
What films are playing at 11 A.M. at Dickinson Theatres,SearchScreeningEvent
Let me know what animated movies are playing around here .,SearchScreeningEvent
What is the weather going to be like in Reidland New Mexico next Jun. ?,GetWeather
add Hemanta Kumar Mukhopadhyay album in Funky Jams,AddToPlaylist
Give the Hover Car Racer chronicle two of 6 stars,RateBook
show movie schedules,SearchScreeningEvent
what films are playing at KB Theatres,SearchScreeningEvent
Book a table at a pub in China .,BookRestaurant
Find WxHexEditor .,SearchCreativeWork
Go to the saga The Quantum Thief,SearchCreativeWork
show me the schedule of movie Thirty Two Short Films About Glenn Gould in 14 minutes,SearchScreeningEvent
Put ares in my canadian country playlist,AddToPlaylist
What's the weather forecast for 3 hours from now at Christmas Island ?,GetWeather
I need a reservation for The Original House of Pies with three people in Plandome Manor PA,BookRestaurant
Can you play Under The Anheuser Bush by Pete Doherty,PlayMusic
find a Consolidated Theatres showing The Good Old Naughty Days,SearchScreeningEvent
Put jiro in my clásicos del hip hop español playlist.,AddToPlaylist
Is it going to get hotter at the Halfbreed Lake National Wildlife Refuge,GetWeather
I want to play the game Guitar Heaven ... The Greatest Guitar Classics of All Time,SearchCreativeWork
Book a bar that serves ribs for 5 people.,BookRestaurant
add this tune by hart wand on this is wagner,AddToPlaylist
I would like to see a schedule for movies at the nearest movie house .,SearchScreeningEvent
Big Breasts and Wide Hips is terrible and 1 out of 6,RateBook
Play a melody by Shada Hassoun,PlayMusic
please put live with me onto my playlist named CARÁCTER LATINO,AddToPlaylist
find movie times,SearchScreeningEvent
Please book a table for four at a restaurant in TN,BookRestaurant
"book a brasserie at Turtle Creek neighboring on march sixth, 2038 for eight",BookRestaurant
play an Masaki Aiba tune,PlayMusic
Can you play Halloween by Ajinoam Nini,PlayMusic
I need to have pat alger 's album placed onto the spotlight spain 2016 playlist.,AddToPlaylist
play the Música Da Série De Filmes O Hobbit album by Alex Otaola,PlayMusic
Play Shinji Miyazaki 's music on netflix,PlayMusic
add madlib invazion to my prog rock monsters list,AddToPlaylist
play Ebony Bones on Itunes,PlayMusic
rate the current novel 1,RateBook
play Moustapha Amar Make It Rain,PlayMusic
SHOW movie schedule,SearchScreeningEvent
Play a popular Gurdas Maan track,PlayMusic
"What will be the forecast for Belarus in the future around sep. the 22nd, 2020 ?",GetWeather
I would like to book at Clinton Street Baking Company & Restaurant in Brookneal .,BookRestaurant
play new music by Elmore James with google music,PlayMusic
show weather forecast close-by MS in 48 and a half weeks,GetWeather
Add this album ny bill callahan to my Mi Casa Es La Tuya Playlist Oficial list.,AddToPlaylist
"I would like to book a table at a delicatessen in punjabi for me, angela and vilma",BookRestaurant
"I need a reservation for apr. the sixteenth, 2027 in Cazenovia , CA",BookRestaurant
Add Strong to the Metal Monday playlist,AddToPlaylist
I give The Phishing Manual four stars out of 6 .,RateBook
Rate this album 2 out of 6,RateBook
What's the weather forecast not far from here ?,GetWeather
Give the current chronicle 2 stars .,RateBook
What time is Truth About Kerry playing at movie house,SearchScreeningEvent
Add beijing huanying ni to my workday lounge playlist,AddToPlaylist
What films are going to be playing at Harkins Theatres at zero a.m. ?,SearchScreeningEvent
I want to listen to a popular melody by David Bazan,PlayMusic
Place this tune in workout remix,AddToPlaylist
I would rate The Spoiler 0 stars,RateBook
Tell me what the weather is here,GetWeather
play my De Camino playlist,PlayMusic
play a 1994 tune by Lena Horne,PlayMusic
what films are at the closest movie theatre,SearchScreeningEvent
Play my Electro Sur playlist.,PlayMusic
what is the ME forecast for Joanna,GetWeather
Rate Merlin Effect a 0,RateBook
I want maximilian mutzke added to Acoustic Concentration,AddToPlaylist
Will it be freezing on 4/20/2038 in AMerican Beach NC,GetWeather
Is the forecast hot in 1 hour in Leasburg ?,GetWeather
What time is are movies at the closest movie theatre,SearchScreeningEvent
I want the movie Perseo Miranda and his Theatre,SearchCreativeWork
play Khujo eighties track song,PlayMusic
play Lighter by Pamela Jintana Racine,PlayMusic
Give this textbook a four .,RateBook
this textbook only gets two out of 6 stars,RateBook
what time can i see The Conflicts of Life,SearchScreeningEvent
What is the temperate in Seattle Heights and Slovenia at seven pm .,GetWeather
Will it be freezing at 1 AM in Balko ?,GetWeather
Where to buy painting Target Practice,SearchCreativeWork
look for the game Find Another Way,SearchCreativeWork
Please check whether any animated movies will be running in the area around 043415 PM .,SearchScreeningEvent
I want to go to an outdoor cafe in Pioneer Day,BookRestaurant
Add Luiza Possi to my bachelor party playlist.,AddToPlaylist
find a TV show called Randy Scouse Git,SearchCreativeWork
book me a bar that has chicken fried bacon in Vermont,BookRestaurant
I'd like to watch Glass Chin at the movie house at 173230,SearchScreeningEvent
book a table at one o'clock at a bar that has parking,BookRestaurant
add an album in my playlist In The Name Of Blues,AddToPlaylist
Is it overcast in Bermuda,GetWeather
Is it windy in Telogia,GetWeather
I would like to book the best southeastern brazilian food court,BookRestaurant
show creativity of the picture The Little Death,SearchCreativeWork
I give The Alchemyst The Secrets of the Immortal Nicholas Flamel 2 out of 6 stars .,RateBook
"When it comes to Dukes and the District Of Columbia , what will the weather be in one hour",GetWeather
find Thyme Travel,SearchCreativeWork
Find the schedule for movies at Star Theatres .,SearchScreeningEvent
Play me a song from 2008,PlayMusic
Add the entire album into indie español,AddToPlaylist
For my playlist fresh finds hiptronix add the name polka medley,AddToPlaylist
I want to add something by the artist Nadine to my Workday – Pop playlist,AddToPlaylist
I need to book a restaurant for seven people at elevenses Seafood restaurant,BookRestaurant
I want to book a bar in Bonaparte Palau .,BookRestaurant
What is the temperate in Beltsville,GetWeather
give 0 out od 6 stars to Mystery of the Desert Giant,RateBook
What is it like on 7/10/2023 in the current place,GetWeather
Where can I find the Sounds to Consume album ?,SearchCreativeWork
Find a novel called Twins of Evil .,SearchCreativeWork
show creativity of Sing to the Dawn,SearchCreativeWork
show Andy Williams Sings Steve Allen TV show,SearchCreativeWork
Book a reservation for four in Cajah's Mountain in 1 year,BookRestaurant
I'm looking for a churrascaria place with wifi that can serve a party of five .,BookRestaurant
"Check the forecast for the current spot in the future Oct. 19, 2037 .",GetWeather
book a spot at a highly rated tea house in manadonese,BookRestaurant
add track to orgullo gay,AddToPlaylist
find the Carrousel saga,SearchCreativeWork
Add Tsubasa Imai to my Another Glass playlist,AddToPlaylist
I need a table in the state of LA for katina and josefina gray,BookRestaurant
For the saga Leaves from the Inn of the Last Home I give the rating of 1,RateBook
add Butterfly House to nu metal,AddToPlaylist
"me, maggie and ellen want to eat at Lentil as Anything",BookRestaurant
I'd like to see the photograph The Light,SearchCreativeWork
book a table at a churrascaria for august 5 that has parking,BookRestaurant
Is it going to rain here ?,GetWeather
Add a tune by Louis Wolfe Gilbert to my cleaning playlist,AddToPlaylist
give four out of 6 stars to current essay,RateBook
Find the App Store,SearchCreativeWork
I want to play the game Pesterminator The Western Exterminator .,SearchCreativeWork
I need to book a table at a nearby restaurant,BookRestaurant
rate the current album 5 out of 6 points,RateBook
Book a restaurant for eight people in six years .,BookRestaurant
book a tea house on 5/20/2028 in Pataskala that serves crepe in NC for five,BookRestaurant
Book a table for three at a middle eastern gastropub,BookRestaurant
Please book a room to accommodate one in 11 weeks near Bahamas restaurant,BookRestaurant
Can you tell me what time The Fickle is playing at the closest cinema,SearchScreeningEvent
Play me a Felix Kubin from No Light on Spotify,PlayMusic
Play music off Youtube .,PlayMusic
Rate Canto for a Gypsy two of 6 stars,RateBook
Add a track to the Another Glass playlist.,AddToPlaylist
Give The Body Artist a 5 .,RateBook
Is it humid in Parc national de Killarney,GetWeather
Add arthur russell to my Women of Disco playlist.,AddToPlaylist
Find a book called The Magic Christmas Tree .,SearchCreativeWork
What times is the 7 Faces of Dr. Lao showing at United Paramount Theatres,SearchScreeningEvent
Find movie times .,SearchScreeningEvent
book a gibassier serving tavern in Vermont for nine,BookRestaurant
Book reservation for 2 people tomorrow in Whitewater,BookRestaurant
Rate the current series a one .,RateBook
1 point for this next textbook,RateBook
Play the last soundtrack from the sixties,PlayMusic
Show me movie times at Harkins Theatres .,SearchScreeningEvent
Will it be colder in Åland,GetWeather
Find Merry Arizona 97 Desert Stars Shine at Christmas,SearchCreativeWork
add Paloma negra to my Funky Jams list,AddToPlaylist
what is the forecast for temperate weather in Bellechester,GetWeather
Rate the Parable of the Sower a 2 out of 6,RateBook
Play a Paul Davis melody,PlayMusic
play the game Sugarfoot,SearchCreativeWork
play Jawad Ahmad,PlayMusic
Search for Ayumi Hamasaki Countdown Live 2007–2008 Anniversary song,SearchCreativeWork
Book a table for 2 at a restaurant in Follett,BookRestaurant
book a highly rated restaurant in Central African Republic for 5 people on sep. the second,BookRestaurant
"Another Girl, Another Planet gets only one of a possiable 6 rating",RateBook
Is there a chance of hail in Holiday Hills ?,GetWeather
Rate this current novel 5 points,RateBook
Play some seventies songs from Joseph Genaro on Google Music,PlayMusic
Please book a Uncommon Grounds Coffeehouse restaurant,BookRestaurant
What are the timings for Starship Troopers 2 ?,SearchScreeningEvent
I'm giving this book series four points,RateBook
book for sherry and concepcion in Nunam Iqua at the best restaurant,BookRestaurant
Open pandora and play the top five melody by Hanna Sjedokowa,PlayMusic
I want to add a track to my Evening Groove playlist,AddToPlaylist
Put this artist onto the Chillin' on a Dirt Road playlist.,AddToPlaylist
Rate this album 5 points,RateBook
What are the movie times ?,SearchScreeningEvent
Play some Ven A Mi,PlayMusic
Rate Homicide A Year on the Killing Streets five stars,RateBook
Please find the Infrared Riding Hood TV show .,SearchCreativeWork
Book a table at T-Rex in one minute in Osierfield,BookRestaurant
what is the forecast for here at tea time,GetWeather
Find LaserLight .,SearchCreativeWork
"I'm craving mac and cheese . Book a table at a Portland Mills , KS restaurant . I need it for one second from now",BookRestaurant
Book me a reservation for eight for the top-rated bakery eleven hours from now in Mango,BookRestaurant
Play anything from the top-50 Jeff Irwin record off of itunes,PlayMusic
Which animated movies are playing at Megaplex Theatres at tea time?,SearchScreeningEvent
play the television show Tears Laid in Earth,SearchCreativeWork
Book a restaurant in CA for my parents and I on oct. the seventeenth,BookRestaurant
Would you put hammer onto the lunch playlist?,AddToPlaylist
find the album Just for Laughs,SearchCreativeWork
What are the movie schedules for movies playing in the neighborhood,SearchScreeningEvent
Where is the nearest movie house that is showing The Kingfisher Caper ?,SearchScreeningEvent
I have four people needing a restaurant reservation.,BookRestaurant
Please make reservations in Yeager for seven am at a highly rated indian brasserie,BookRestaurant
Find the schedule for Across the Line at the closest movie house .,SearchScreeningEvent
Find a soundtrack called Tied to a Star .,SearchCreativeWork
"How cold is it in Cargray , Argentina ?",GetWeather
I'd like to see Forgetting the Girl .,SearchScreeningEvent
Can I get the movie times for the newest movies around here ?,SearchScreeningEvent
I'd like to listen to iheart radio's chill out playlist please.,PlayMusic
how warm will it be in 10 minutes,GetWeather
What is the current weather forecast for Diamondville ?,GetWeather
add tune to my playlist eletro br,AddToPlaylist
add track to my playslist this is Los Fabulosos Cadillacs,AddToPlaylist
add album to my I Love My 90's R&B,AddToPlaylist
Go to the movie The Best of Pirates of the Mississippi,SearchCreativeWork
Add Joey Fatone to my Spotlight on Country 2016 playlist,AddToPlaylist
What is the weather like in Hebbronville Venezuela,GetWeather
find the movie You Must First Learn to Draw the Real,SearchCreativeWork
Is Liberator playing at the IMAX Corporation at 11 ?,SearchScreeningEvent
rate the book Who Will Cry When You Die one out of 6 stars,RateBook
Book a restaurant for 3 people at eighteen oclock in Saint Vincent and the Grenadines .,BookRestaurant
What cinema is playing The White Stadium ?,SearchScreeningEvent
What time is Sontha Ooru playing,SearchScreeningEvent
Give this textbook 3 stars .,RateBook
Give me showtimes for The Tenth Woman at the movie house .,SearchScreeningEvent
I am looking for the creative work A Wonderful Life,SearchCreativeWork
Book a reservation for a popular restaurant in Federated States Of Micronesia,BookRestaurant
what is the movie schedule for animated movies playing close by,SearchScreeningEvent
"On june 27, 2026 I'd like to go to a Delaware gastropub",BookRestaurant
I would give the book Lavender and Old Lace a rating of three,RateBook
Add LaGaylia Frazier to my emotron,AddToPlaylist
What is the temperature at Eifel National Park,GetWeather
Play Oliver Cheatham 's symphony from the thirties .,PlayMusic
find The Terror Within,SearchScreeningEvent
What films are playing at Marcus Corporation ?,SearchScreeningEvent
weather in one minute in Norfolk Island,GetWeather
I need a reservation for a joint in AZ for 3,BookRestaurant
Book a reservation not far from 8th St,BookRestaurant
What's the forecast for AL twenty one minutes from now ?,GetWeather
What's the weather in Mayotte,GetWeather
I'd like to hear the song Impractical Jokers UK,SearchCreativeWork
add space cowboy to my the funny thing about football is playlist,AddToPlaylist
Play me the show Cheaper By the Dozen 2,SearchCreativeWork
What movie theatre playing animated movies is the closest,SearchScreeningEvent
Is Green Grass Widows playing at the cinema,SearchScreeningEvent
I need a forecast for Zachary,GetWeather
give 1 star to The Cure for Death by Lightning,RateBook
Play The Eternal by Juju Mob on Vimeo .,PlayMusic
Please look up the Power and Love movie .,SearchCreativeWork
I want to book an indoor brasserie within walking distance in ME .,BookRestaurant
what is the forecast for here,GetWeather
add track to rapcaviar,AddToPlaylist
Add Rodriguez artist to my mujeres y hombres y fiesta playlist,AddToPlaylist
ad artist to sxsw latin my playlist,AddToPlaylist
Rate this essay a 1,RateBook
What is the weather like right now in the same area as Georgia,GetWeather
I want to add a song by w c clark to my nerding around playlist,AddToPlaylist
Add song to top 100 country tracks on spotify,AddToPlaylist
rate The Zenith Angle one out of 6 points,RateBook
Is Holy Matrimony playing at National Amusements ?,SearchScreeningEvent
Play the album Cara De Dios .,PlayMusic
what movie theatre is showing Manorama Six Feet Under,SearchScreeningEvent
What's it feel like in North Gulfport,GetWeather
book me a reservation at a bar around Juliff for three people that serves bucatini for now,BookRestaurant
book a cafeteria having pool for four in Algeria,BookRestaurant
"hot weather forecast for Pilar , Réunion",GetWeather
play the song Culture and Psychology,SearchCreativeWork
in 17 minutes will it be foggy in Songimvelo Game Reserve,GetWeather
Make me a reservation for a party of six at The K Club on feb. 7th,BookRestaurant
Add See Me Now to my enamorándose playlist,AddToPlaylist
Give one out of 6 stars to The Shiva Option,RateBook
Is it hotter in Vernon,GetWeather
Fine a movie called Right Here Right Now .,SearchCreativeWork
Play something by Louis Nelson Delisle .,PlayMusic
Rate The Abyss of Wonders 4 out of 6 .,RateBook
show me the movie called People and Masks Part 2,SearchCreativeWork
What weather will HI have will there be hail twenty one minutes from now,GetWeather
"Book a restaurant in Indiana for me, violet and dianne .",BookRestaurant
Add Sam Moran music to my tgif playlist,AddToPlaylist
"book me a restaurant that serves hot chicken in Dutch Mills , North Dakota for 10 people for 3 am",BookRestaurant
What are some movies playing in the neighbourhood ?,SearchScreeningEvent
Look up the Act of Valor TV show,SearchCreativeWork
the next album is only one stars,RateBook
Create a theme station with Jim Creeggan records and collabs,PlayMusic
find Young Miss Holmes,SearchCreativeWork
give two stars to current album,RateBook
Weather for Afghanistan in one minute,GetWeather
find movies around here,SearchScreeningEvent
give two out of 6 points to Beyond a Boundary,RateBook
Book a restaurant distant from downtown .,BookRestaurant
play some best selling rave songs,PlayMusic
"Book a restaurant that serves meze in Roseville FL with meredith, louisa and corrine .",BookRestaurant
I'd like to watch A Storm in the Stars at North American Cinemas,SearchScreeningEvent
Which films are playing close by ?,SearchScreeningEvent
Add album to princesas indie,AddToPlaylist
Add the avispa track to my Bass Gaming playlist.,AddToPlaylist
Show me the photograph called Hola Mary Lou Prom Night II .,SearchCreativeWork
Play on spotify Ms Scandalous,PlayMusic
add song to evening playlist,AddToPlaylist
I want to hear music by Madeleine Peyroux from 1991 on Youtube .,PlayMusic
add als het om de liefde gaat to my this is handel playlist,AddToPlaylist
add the tune by misato watanabe to the Trapeo playlist,AddToPlaylist
"What kind of weather will be in Windy Hills , Bermuda in ten weeks ?",GetWeather
Rate this album a five,RateBook
Play any chanson,PlayMusic
I want to add Indestructible to my playlist a mis niños de 30,AddToPlaylist
show creativity of video game Labyrinth,SearchCreativeWork
movie times at Cooper Foundation for sunset,SearchScreeningEvent
Find a game called The Guyra Ghost Mystery .,SearchCreativeWork
show weather forecast in West Wildwood South Carolina,GetWeather
play music by Ryan Malcolm from Sympathy For The Devil on Pandora,PlayMusic
What's the forecast for Wendell ?,GetWeather
add the artist to my 31 Minutos playlist,AddToPlaylist
Rate the At the Villa Rose series 3 of 6,RateBook
Book a restaurant for 1 in nine weeks,BookRestaurant
I'm looking to book a spot at a restaurant in RI .,BookRestaurant
rate Of Old Hearts and Swords a 0,RateBook
Add this raffaele riefoli tune to Deathcore,AddToPlaylist
Book a neighboring food truck with a spa in Dallesport for 4 people.,BookRestaurant
Play a ballad by Owen Pallett from the seventies on Slacker .,PlayMusic
Use Groove Shark to play the Today And Tomorrow album,PlayMusic
Play The Lousy Dance trailer,SearchCreativeWork
I want to add Club Mix to the playlist with the title 50 Clásicos,AddToPlaylist
I need the weather in Muncie,GetWeather
Book a table for 8 people at Robinson House .,BookRestaurant
add this artist named Prince to the playlist all new all now,AddToPlaylist
I'm trying to find the game called Give Me My Remote .,SearchCreativeWork
"Will it be windy in Breaux Bridge , Turks and Caicos Islands eleven hours from now ?",GetWeather
i need to book a table for three in Lesotho,BookRestaurant
play latest George Ducas music,PlayMusic
"What will the weather be at my current location on december the 2nd, 2029",GetWeather
Will it be raining one hundred thirty days from now ion Gobles Canada,GetWeather
I need a table in one hour from now at somewhere not far from LA,BookRestaurant
Play Bald by Kaskade .,PlayMusic
find the closest starting now movie house with animated movies,SearchScreeningEvent
add the name covenant to the playlist Fusion Fest,AddToPlaylist
Tell me the weather forecast for Croatia now,GetWeather
What's the weather in Wisconsin on National Maritime Day,GetWeather
I need to book a table for 6 people at Montreal Pool Room in Croatia .,BookRestaurant
I have a party of 8 and we want to go to a restaurant that serves croquembouche,BookRestaurant
Will it get windy in Ocean Breeze Park ?,GetWeather
What are the movie times of films in the neighbourhood,SearchScreeningEvent
Can you find a creative work called A Saintly Switch,SearchCreativeWork
play Itunes album mondovisione,PlayMusic
Get me the Elvis’ Christmas Album TV show .,SearchCreativeWork
"book a spot for marlene, jordan and I on oct. the 6th",BookRestaurant
Please add Iris DeMent to my playlist this is selena,AddToPlaylist
Rate this album three of 6 points,RateBook
add Dying Mapa I to Más Que Amigos,AddToPlaylist
Add lisa dalbello to my 2015 CMA Awards Nominees list,AddToPlaylist
Book a taverna in Equatorial Guinea this month for nine people.,BookRestaurant
book an outdoor place for 11/1/2033 in town within walking distance of a brasserie for nine,BookRestaurant
"Book a table for josie, carissa and lindsay at a brasserie which serves trentino .",BookRestaurant
Find The Killing Fields .,SearchCreativeWork
Is it cold in the current location more than it was in 3 years,GetWeather
Find movie times .,SearchScreeningEvent
at thirteen o'clock book a table for margie and I in Vanuatu,BookRestaurant
Rate this novel one of 6,RateBook
when does Miss Sloane play at IMAX Corporation,SearchScreeningEvent
Will there be wind in Loyola ?,GetWeather
Find the Son of Man show,SearchCreativeWork
What film is playing nearby,SearchScreeningEvent
add this tune to my fresh finds hiptronix playlist,AddToPlaylist
rate the current essay 2 out of 6,RateBook
stars for this album are one for the current 6 ratings,RateBook
Play a song by Tim Finn on Last Fm,PlayMusic
book a stuffed peppers serving bakery for 9 at Woodsfield VI,BookRestaurant
what's the nearest movie house showing Their Last Love Affair,SearchScreeningEvent
Book a reservation for Clinton Street Baking Company & Restaurant distant from downtown,BookRestaurant
Lets go eat this fall at any restaurant that has parking in Finland,BookRestaurant
rate this textbook four stars,RateBook
I'd rate Glaring Through Oblivion a zero of 6,RateBook
I want to eat at a brasserie that has internet near Greenland at elevenses .,BookRestaurant
add Michael Hayvoronsky to Lo Que Suena Los Angeles,AddToPlaylist
Please give me movie schedules,SearchScreeningEvent
Play a ballad form 2014 by Double on Google Music,PlayMusic
Rate Through Distant Worlds and Times 5 of 6 points,RateBook
"add Please, Please, Please, Let Me Get What I Want to my crate diggers anonymous",AddToPlaylist
book a spot at a tsipouro restaurant in Connecticut,BookRestaurant
I'm in Bowling Green . Please book a restaurant for 1 close by .,BookRestaurant
Find a video game called Merry Andrew .,SearchCreativeWork
I want to give this textbook 3 out of 6 points,RateBook
I need to book a table for five at the Crooked House of Windsor .,BookRestaurant
find Cut the Rope,SearchCreativeWork
Play 2gether by Jade Puget,PlayMusic
"my rating for Dilvish, the Damned is 4 out of 6",RateBook
How cold is it around the current location now ?,GetWeather
Will it get warmer in Czechia,GetWeather
Play the top chant music from 2014 .,PlayMusic
Play Magic Time by Phoebus,PlayMusic
add songs tune in Reggae Infusions,AddToPlaylist
Will there be a storm six weeks from now in Albania ?,GetWeather
Give the current textbook four stars,RateBook
Add tune to Blues,AddToPlaylist
rate the last textbook three stars,RateBook
"Will it be rainy this Monday in Le Center , Thailand",GetWeather
Play some Dj Qbert .,PlayMusic
Please get me the work Shirley aviatrice .,SearchCreativeWork
I want to eat breakfast at the Green Restaurant Certification,BookRestaurant
For the current essay I give a total of 1 stars,RateBook
I'd say Life in the Iron Mills was a five,RateBook
What's the weather in Macclenny,GetWeather
Show Family Plot,SearchCreativeWork
Can you add an album to my Are & Be playlist,AddToPlaylist
Can you get me seating for 5 at a highly rated restaurant in Wisconsin,BookRestaurant
Find All Jets Are Gonna Fall Today saga,SearchCreativeWork
play Solange 2016 album,PlayMusic
I want to listen to Swing music on Iheart,PlayMusic
For this series I give the rating of four of 6 stars,RateBook
play some fourties Andrew Lloyd Webber on Groove Shark,PlayMusic
what is the forecast for colder in Anston,GetWeather
I need a dinner reservation in three months for a restaurant in Hills and Dales .,BookRestaurant
Rate 3 out of 6 points to Darkworld Detective,RateBook
Where will The Blonde from Peking be playing,SearchScreeningEvent
is there any fog warning in Dauset Trails Nature Center now,GetWeather
book in Falkland Islands at Atomic Cafe,BookRestaurant
give Rathinirvedam a rating of 3 out of 6,RateBook
add List of Rush instrumentals to This Is Lady Antebellum,AddToPlaylist
Add the album to rosanna's ejercicio playlist.,AddToPlaylist
book a spot for me and my sister at a restaurant that has clafoutis,BookRestaurant
I want to watch Fist of the North Star 1 minute from now,SearchScreeningEvent
find the photograph The Air Is on Fire Soundscape,SearchCreativeWork
Find Journeyman .,SearchCreativeWork
Play music from 1977,PlayMusic
Showtimes for Medal for the General,SearchScreeningEvent
"rate the book A Girl, a Man, and a River a five",RateBook
Will the weather in Falcon Heights call for rain ?,GetWeather
add billy strayhorn to my highway 61 playlist,AddToPlaylist
Put another track in my electronica & dance playlist.,AddToPlaylist
will it be cold in Carnot OR,GetWeather
rate the current series 1 points,RateBook
find the book Time and Again,SearchCreativeWork
What films are playing at the nearest movie theatre,SearchScreeningEvent
Search for the video game The Book of Heroic Failures,SearchCreativeWork
I want to give Among the Enemy 4 out of 6 points,RateBook
What will the weather be like in 1 minute in my current position,GetWeather
Book Georgetown Cupcake in Keller for tea time.,BookRestaurant
Where and when is Unleashed – Entfesselt playing,SearchScreeningEvent
book for one in Indiana at a restaurant,BookRestaurant
play 1981 music on Last Fm,PlayMusic
"Check the weather forecast for Chisholm , Kentucky .",GetWeather
find films at Showcase Cinemas,SearchScreeningEvent
this horrible textbook deserves a 0 rating,RateBook
What is the forecast for Harrison–Crawford State Forest,GetWeather
Add Julia Fordham to the Massive Soca Hits playlist.,AddToPlaylist
Find the schedule for Brick .,SearchScreeningEvent
I need a reservation for a highly rated goiano restaurant in AR,BookRestaurant
I'm looking for the song called Standing for Something .,SearchCreativeWork
Add this tune to my Rockabilly Mania,AddToPlaylist
Can you play a sonata,PlayMusic
find At This Point in Time,SearchCreativeWork
Add something by ritchie valens to my playlist virales de siempre,AddToPlaylist
Incorporate Nao Kawakita into the epic classical playlist.,AddToPlaylist
Book COVA in Frisco City for me and therese at eight pm,BookRestaurant
I would rate Oblivion Stories a two,RateBook
I want jimmie noone on the playlist titled lo mejor de los 00's,AddToPlaylist
Play some bass music.,PlayMusic
What's today's movie schedule,SearchScreeningEvent
show me the photograph with the title The Denial,SearchCreativeWork
"21 weeks from now elinor, crystal turner and nita want to eat german food at a bar in distant California",BookRestaurant
I think this textbook should be rated 5 points,RateBook
Find a restaurant for marylou and I within walking distance of my mum's hotel,BookRestaurant
I'm looking for the trailer of Highlands Today,SearchCreativeWork
What's the weather forecast for the Dominican Republic,GetWeather
Book a restaurant in Swaziland in 1 hour .,BookRestaurant
find a movie theatre with Beware of Bachelors,SearchScreeningEvent
I need a table for four at a restaurant in AL,BookRestaurant
Please add to my playlist Hype the name introducing a r rahman,AddToPlaylist
rate the current chronicle book three points,RateBook
give 0 out of 6 points to current textbook,RateBook
Can you put this xandee song onto my chill playlist?,AddToPlaylist
Find a TV series called Manufacturing Consent .,SearchCreativeWork
Play the Busco Un Pueblo album,PlayMusic
when are animated movies playing at Goodrich Quality Theaters,SearchScreeningEvent
Play my entertaining playlist,PlayMusic
I'm looking for a novel called And Then There Was Light .,SearchCreativeWork
Can you add a eviatar banai album to my tgif playlist,AddToPlaylist
in 257 days what will the weather be like in Cannon Ball,GetWeather
what is the forecast in Mer Rouge and Palestine,GetWeather
Show me the Only the Strong Survive photograph,SearchCreativeWork
Is The Kiss playing,SearchScreeningEvent
Show me the forecast for Anatone Louisiana on November 7th,GetWeather
what is the weather forecast for Red Rock Lakes National Wildlife Refuge,GetWeather
Add Falcon to the Top Tracks in Metal playlist.,AddToPlaylist
Add Stephanie Biddle to my Digster Reggae playlist,AddToPlaylist
give Wannabe How The Spice Girls Reinvented Pop Fame 2 points,RateBook
restaurant in Niger for my mom and I,BookRestaurant
what is the Posey Island State Park forecast for colder temps at meal time,GetWeather
I'm looking to watch Savage Grace at Showcase Cinemas at thirteen o'clock .,SearchScreeningEvent
rate The Overton Window series a two out of 6,RateBook
what are the movietimes for films in the neighbourhood,SearchScreeningEvent
Is it nice now in Madawaska,GetWeather
List films at the nearest movie house,SearchScreeningEvent
I'd like to watch movies now right nearby,SearchScreeningEvent
Give me the weather forecast for Wisconsin Dells in Saint Kitts and Nevis on the day after tomorrow,GetWeather
Can you add something by Wynter Gordon to my soul lounge playlist,AddToPlaylist
find the nearest movie theatre with The Witness Chair,SearchScreeningEvent
Need book a restaurant for this Autumn in Illinois,BookRestaurant
Add this album the the playlist canciones que lo van a petar,AddToPlaylist
put Limey onto my this is astor piazzolla list,AddToPlaylist
Play The Birds And The Bees by Ceca .,PlayMusic
Find the schedule for Kingsman The Secret Service at a movie theatre .,SearchScreeningEvent
Show me the trailer for American Education The National Experience .,SearchCreativeWork
Rate the current novel two points,RateBook
book this week for their step sister's workplace close,BookRestaurant
I give The Spirit of St. Louis a 1,RateBook
book a spot for nine at a top-rated brasserie that has swiss within the same area of New York,BookRestaurant
"What's the weather going to be in Parkers Prairie , VA at 070802 am ?",GetWeather
Is it forecast to be chilly in Iowa ?,GetWeather
Can I get the movies showtimes for the closest movie house .,SearchScreeningEvent
Take me a top-rated restaurant for nine close to Westfield Delaware,BookRestaurant
book a spot for nine in Lavalette Guam,BookRestaurant
Can you put a song from tom jones on my electronica & dance playlist,AddToPlaylist
find the TV series The Farewell Tour,SearchCreativeWork
Need a table within the same area as Beach 105th St for a party of 6,BookRestaurant
What movie schedules start at sunset ?,SearchScreeningEvent
"Please find me the work, Instrumental Directions .",SearchCreativeWork
Will it be overcast at 18 o'clock in ID,GetWeather
Find a painting called Satisfaction Is the Death of Desire .,SearchCreativeWork
add No Secrets to power gaming playlist,AddToPlaylist
Play blues on Vimeo,PlayMusic
Please help me find the Selections from the Arista Years video game .,SearchCreativeWork
Add the tune to my chill hits playlist.,AddToPlaylist
show me the schedule of movie times in Dipson Theatres,SearchScreeningEvent
I would rate Eater of Wasps a value of zero and a best rating of 6,RateBook
What is the weather forecast in Country Club Heights,GetWeather
book a spot for ten at a top-rated caucasian restaurant not far from Selmer,BookRestaurant
Will there be hail around Khao Phanom Bencha National Park ?,GetWeather
Play Tomtegubben Som Hade Snuva,PlayMusic
"book a table for me, leanne and tami at a restaurant serving caucasian food",BookRestaurant
A rating of 5 of 6 points goes to Dickson McCunn trilogy,RateBook
I rate The Variation of Animals and Plants under Domestication a value of 0,RateBook
Add Mary Wells Sings My Guy to the electro sur playlist.,AddToPlaylist
Give the current album on my playlist a rating of three .,RateBook
Tell me the weather forecast 1 hour from now in Big Thicket National Preserve,GetWeather
"find History of North Dakota , a TV series",SearchCreativeWork
Give The Turning Point a 0 out of 6 .,RateBook
Add Cream to the funk playlist.,AddToPlaylist
What are the movie schedule for the movies in the neighborhood,SearchScreeningEvent
What is the weather in Åland 4 seconds from now,GetWeather
I want to book an osteria for 9 in Gabon that serves donuts,BookRestaurant
I am giving this current essay zero out of 6 stars,RateBook
give zero star for current album,RateBook
What will the rainfall be in 1 second at Roy Lake State Park,GetWeather
Are any films play at the Santikos Theatres,SearchScreeningEvent
Look for Little Computer People,SearchCreativeWork
Find The Passion of Michel Foucault novel,SearchCreativeWork
What will the eather be here next year,GetWeather
Find the album Follow That Camel,SearchCreativeWork
rate this book 4 out of 6,RateBook
Search for the George and the Big Bang TV show,SearchCreativeWork
What will the weather be in LA at 9 o'clock,GetWeather
Is it foggy in Shelter Island,GetWeather
Add this song to my cleaning the house playlist,AddToPlaylist
"Please search for the work, All the Wrong Reasons .",SearchCreativeWork
Award a rating of 2 stars out of 6 to Confessions of an economic hit man,RateBook
Is it warm in West Monroe,GetWeather
play a 1999 track by Pete Seeger on Youtube,PlayMusic
Lets hear some booty bass,PlayMusic
Rate my current album 5 points,RateBook
will it be cloudy in one minute in Jungo MH,GetWeather
find the soundtrack titled This Side of Paradise,SearchCreativeWork
Rate Notes from the Internet Apocalypse four of 6 stars,RateBook
Weather for my nearby current location,GetWeather
add robyn hitchcock to my romantic evening playlist,AddToPlaylist
I'm wondering if I can watch Heyy Babyy at a cinema .,SearchScreeningEvent
Lets see the TV series 7even Year Itch .,SearchCreativeWork
find a movie theatre with animated movies that is closest to me,SearchScreeningEvent
The current saga only gets three points out of 6 .,RateBook
put jtr on the Top Classical playlist,AddToPlaylist
What is the weather going to be like in Flint Hill in 9 years,GetWeather
Where is Winterheart’s Guild,SearchCreativeWork
Add Sunday Express Live to workout playlist,AddToPlaylist
Play the song I Get Ideas as performed by Richard Kruspe,PlayMusic
What time is 30 Days of Night playing?,SearchScreeningEvent
book a osteria with smoking room in Creola,BookRestaurant
play some good amber gristak on Lastfm,PlayMusic
play some Kyle Ward from the seventies,PlayMusic
give two star to As Long as We Both Shall Live book,RateBook
add Heat of the Night to my Novedades Viernes Sudamérica playlist,AddToPlaylist
This current essay should have a best rating of 6 and a rating value of three,RateBook
Play some chanson style music.,PlayMusic
add Olga Souza to virginia's femme fatale playlist,AddToPlaylist
Is it chillier in Baconton KY,GetWeather
What's the weather like in Saint Regis Falls ND,GetWeather
find the game A Russian Beauty and Other Stories,SearchCreativeWork
I want to listen to Roger Daltrey from the sixties on slacker,PlayMusic
book of Two for the Road,SearchCreativeWork
Give 4 points / 6 to Last Day in Limbo,RateBook
"What is the weather forecast going to be on august 15, 2038 for Hoffman Hills State Recreation Area ?",GetWeather
What will the weather be faraway from here 308 days from now,GetWeather
can you play some weird music from the noise genre,PlayMusic
Rate the current textbook 1 of 6 stars,RateBook
Book a restaurant with parking for three people.,BookRestaurant
Play the top symphony music from Ejigayehu Shibabaw,PlayMusic
Play Dj Drama from the 1976,PlayMusic
Is there a blizzard in Stonewood ?,GetWeather
Play me some Max Martin on Lastfm,PlayMusic
put Unbound into found them first for me,AddToPlaylist
add this artist to cynthia's fresh finds,AddToPlaylist
Put the Love Hurts track onto carmen's playlist.,AddToPlaylist
Rate this essay 1 stars,RateBook
I would rate The Story of the Glittering Plain a zero,RateBook
I'd like to watch I Wish at the nearest movie theatre,SearchScreeningEvent
Is it going to get chillier near Hocking State Forest,GetWeather
Give 2 out of 6 points to the following textbook .,RateBook
"What's the forecast for Spenard , GU ?",GetWeather
Rate this album a one .,RateBook
show the movie schedules at United Paramount Theatres,SearchScreeningEvent
Add The Rebirth of Kirk Franklin to the Fiesta playlist.,AddToPlaylist
what is the forecast for here and now,GetWeather
play songs by Sarah Harding,PlayMusic
"Will it be sunny in Eyota Hawaii on february seventh, 2025 ?",GetWeather
When is Sins of the Fathers playing?,SearchScreeningEvent
what is the weather like in Texas,GetWeather
what's the nearest movie house showing Women Who Fall by the Wayside,SearchScreeningEvent
Play Elitsa Todorova music,PlayMusic
Reserve a table for one at a top-rated restaurant nearby that serves goiano for this month in MD,BookRestaurant
book indian food at a highly rated pub for 1 for 0222 pm,BookRestaurant
Play fourties soundtrack from Hamish Maccunn,PlayMusic
Find the movie schedule for Dipson Theatres .,SearchScreeningEvent
Is Romulus and the Sabines playing at the nearest cinema at ten,SearchScreeningEvent
Book a popular tuscan restaurant for 7 people in West Richfield,BookRestaurant
Find The Ghost of Tom Joad,SearchCreativeWork
Will it be colder in Oswego 16 weeks from now ?,GetWeather
Rate the current book zero of 6 stars,RateBook
Add song to orgánica,AddToPlaylist
"Will it be hotter in Conception Junction , Moldova ?",GetWeather
Will it get warmer in Berkley,GetWeather
I give zero points to this chronicle,RateBook
Add sara hickman to my Targeted list,AddToPlaylist
play my tribute by Billy Cox,PlayMusic
Play track Real Talk,PlayMusic
I'd like to see the movie schedule for movies in the area,SearchScreeningEvent
Play Sound Of Love from Papa Mali,PlayMusic
Play some fourties music on Zvooq,PlayMusic
play the newest by Exuma,PlayMusic
Will there be snowfall this month in UT,GetWeather
show creative work or Miami Vice Theme,SearchCreativeWork
I would give this novel four stars,RateBook
book in Rocky Mound for four 1 hour from now,BookRestaurant
Table for 8 at a popular food court,BookRestaurant
Add a track to my list Made in Puerto Rico,AddToPlaylist
Please look for Orion You Came and You Took All My Marbles,SearchCreativeWork
"Add the Beatles tune Yesterday to my playlist, The Southern Highway Chronicles",AddToPlaylist
Find a novel called On the Case with Paula Zahn .,SearchCreativeWork
I give Song of Solomon a rating of one .,RateBook
I want a table for four for 2 years from now,BookRestaurant
play Party Ben on Slacker,PlayMusic
give four stars to What the Day Owes the Night,RateBook
Ad Amal Hijazi tune to my Pura Vida,AddToPlaylist
can i have the movie schedules,SearchScreeningEvent
Rate The Twinkie Squad chronicle four of 6,RateBook
Add Sarah Vaughan to the spa treatment playlist.,AddToPlaylist
Find The Photographic Journal .,SearchCreativeWork
Book a table at a diner which serves thousand island dressing in Ivory Coast .,BookRestaurant
Give me the weather forecast for the city of Archie,GetWeather
Book a top-rated food court in GU .,BookRestaurant
I want to book a restaurant in Bosnia and Herzegovina .,BookRestaurant
Find a TV show called Zen The Music of Fred Katz .,SearchCreativeWork
Play Furusato on Google Music .,PlayMusic
book some indonesian food truck food that is not far for a party of 8 in IA,BookRestaurant
Play nineties,PlayMusic
play Monie Love tunes on Google Music from 1984 from her song list,PlayMusic
Rate this novel a two,RateBook
Book a restaurant that serves vezione verro one second from now .,BookRestaurant
play TV show Way of the Samurai 2,SearchCreativeWork
I would rate The Door to December 3 points and a best rating of 6,RateBook
Show me the song 15 Storeys High,SearchCreativeWork
Rate And No More Shall We Part chronicle 4,RateBook
Add no prejudice to 90s Indie,AddToPlaylist
Can you pull up Queen of the Organ,SearchCreativeWork
What are the movie times at General Cinema Corporation,SearchScreeningEvent
Book a table at the top-rated taverna in North Korea .,BookRestaurant
play a concerto from sam sparro,PlayMusic
Show me the movie Black Summer,SearchCreativeWork
What movies are playing at Southern Theatres,SearchScreeningEvent
Is fog forecast close-by to Pakistan ?,GetWeather
I'd like to play the album Beloved Rogues,SearchCreativeWork
"book Guenther House for 6 on Oct. 24, 2035 in Waddy",BookRestaurant
The workout playlist needs more chris cross,AddToPlaylist
what will the weather be within the same area of Weir Farm National Historic Site,GetWeather
Play the top five melody from 2000,PlayMusic
"Tell me the weather forecast 1 hour from now for Town West , Nevada",GetWeather
What is the cheapest price I can pay for the DVD called The Darkest Cloud ?,SearchCreativeWork
Will it get hotter in Zenith CT ?,GetWeather
Play the best music by Arthur Johnston .,PlayMusic
book for crepes at a restaurant in Sint Maarten,BookRestaurant
what is the weather in ND the city of Evangeline,GetWeather
Is it going to be hot in Karthaus at 7 AM ?,GetWeather
rate The Practice of the Presence of God one of 6 points,RateBook
I'd like to add this whole album to the selektor,AddToPlaylist
Add michael wittig to the party playlist.,AddToPlaylist
I wish to add this album to the dinner playlist,AddToPlaylist
I would like to hear music from 1993,PlayMusic
Show me the movie times for Caribbean Cinemas in 1 second .,SearchScreeningEvent
Play some psychadelic music.,PlayMusic
Show me the work Not a Little Girl Anymore,SearchCreativeWork
Rate Incomplete Nature three of 6 stars,RateBook
"Make a reservation at a diner which serves chowder in MT for august the 17th, 2024 .",BookRestaurant
rate The Lost Hero chronicle four out of 6,RateBook
What is the movie schedule for Loews Cineplex Entertainment,SearchScreeningEvent
Add etta james to my anochecer urbano playlist.,AddToPlaylist
will the weather conditions be temperate and pleasant in Togo,GetWeather
I want to book a cafe for 3 in Fargo,BookRestaurant
Find the TV series I Build the Tower,SearchCreativeWork
Find a photograph called Sleeping with the Enemy .,SearchCreativeWork
What films are playing at Goodrich Quality Theaters,SearchScreeningEvent
Give the current album 0 out of 6 stars,RateBook
For the saga The End of a Family Story I give 0 stars,RateBook
rate The Manxman 5 out of 6,RateBook
Play the most popular song by espen lind,PlayMusic
What is the movie schedule for animated movies in the area,SearchScreeningEvent
Rate Mimi and the Biscuit Factory 5 out of 6,RateBook
Book me a table for seven in neighboring France .,BookRestaurant
Play artist stu davis from the album Dub Chamber 3 on Netflix,PlayMusic
Rate The Bell Curve a three .,RateBook
FInd the movie schedule for nearby movies .,SearchScreeningEvent
Play me a bluegrass song,PlayMusic
book a food court for 5 serving african food,BookRestaurant
What does it feel like in Connecticut,GetWeather
what time is Tom y Jerry showing at Alamo Drafthouse Cinema,SearchScreeningEvent
add this song to the Top 100 Indie Tracks on Spotify playlist,AddToPlaylist
book a restaurant in Puerto Rico,BookRestaurant
When is The Pirate Fairy playing at AMC Theaters ?,SearchScreeningEvent
what is the forecast for foggy conditions here in twenty one minutes,GetWeather
Showtimes for the Alamo Drafthouse Cinema for todays movies .,SearchScreeningEvent
book sot for 22 minutes from now at a restaurant with parking,BookRestaurant
what is the forecast for warm weather in Carl,GetWeather
I want to read the book Crash Landing,SearchCreativeWork
Play the song gangsta ? by Siavash Ghomayshi,PlayMusic
play twenties tunes,PlayMusic
Search for The Long Dark,SearchCreativeWork
"Tell me when it will be chilly in Chicken , United Kingdom",GetWeather
Give this book 1 stars .,RateBook
I need a table at a czech pub at seven,BookRestaurant
Look for Hail Satanas We Are The Black Legions,SearchCreativeWork
Where is Shake Your Powder Puff playing,SearchScreeningEvent
Find the movie schedule for animated movies around here .,SearchScreeningEvent
Is it hot in Zephyrhills ?,GetWeather
I rate the book Creature in the Teacher 3 stars,RateBook
Play some music from the twenties .,PlayMusic
Book a reservation for Louisiana Fried Chicken this winter in Taiwan,BookRestaurant
Can i use Lastfm to listen to Twilight Time by Dj Khalil ?,PlayMusic
Please find Pretty Baby,SearchCreativeWork
add bonobo to queen playlis,AddToPlaylist
What theater is playing Haunted Honeymoon,SearchScreeningEvent
For the Star Theatres is The Belles of St. Clements playing in 8 minutes,SearchScreeningEvent
Rate Real World four out of 6,RateBook
Will it be warm in the current place next spring,GetWeather
I'd like to eat at a restaurant with wifi,BookRestaurant
Book The Crown at Whitebrook in RI for 2 people.,BookRestaurant
Where is the closest cinema playing A Drink in the Passage,SearchScreeningEvent
Rate The Travels of Lao Can five out of 6,RateBook
Help me locate a game called The Master of Ballantrae .,SearchCreativeWork
Make me a reservation at a popular place that serves udupi at a restaurant,BookRestaurant
Lets go eat in Friday 43 days from now,BookRestaurant
Find movie schedule for animated movies in the area,SearchScreeningEvent
Will there be rain in 8 minutes in MD,GetWeather
"book a table not far in WY at a gastropub with internet for me, jenny and antoinette in one week",BookRestaurant
I'm looking for a movie schedule at the Cooper Foundation .,SearchScreeningEvent
will there be a snowstorm in Leonville,GetWeather
Need a jewish in Maine to book a restaurant,BookRestaurant
will it be colder this Saturday in NC,GetWeather
Find a game called A Very Special Christmas 7 .,SearchCreativeWork
Can you tell me the weather forecast for Denmark,GetWeather
move this tune by Hironobu Kageyama to my Baila Reggaeton playlist,AddToPlaylist
Play some Glenn Miller .,PlayMusic
Play Miyavi 's music from seventies on Google Music .,PlayMusic
Find the book called Black Wings of Destiny,SearchCreativeWork
Play me a nineties sound track,PlayMusic
Weather in Cairngorms-Nationalpark close from freezing,GetWeather
What is the Michael Moore Is a Big Fat Stupid White Man video game ?,SearchCreativeWork
rate this book 5 of 6 points,RateBook
give 4 out of 6 stars to this textbook,RateBook
Will it be windy at two PM in France ?,GetWeather
Find a trailer called Sheriff of Tombstone .,SearchCreativeWork
Add the artist verano to my michael mantler playlist.,AddToPlaylist
What is the weather forecast in VA,GetWeather
Is it freezing in Colorado,GetWeather
Look for the Itv.com song,SearchCreativeWork
What's the weather going to be in Yemen in one minute ?,GetWeather
Show me the saga The Buffalo Boy,SearchCreativeWork
The Songs to Sing in the Car playlist needs k j yesudas discography in it.,AddToPlaylist
Play the concert from Philip Oakey 1973 concert on Netflix,PlayMusic
What's the weather in Totowa WY one minute from now,GetWeather
Play Portsmouth by Paul Smith on Google Music .,PlayMusic
Give four / 6 points to Empire of Death,RateBook
Add Stuck on Nothing to my Sax and the City playlist,AddToPlaylist
"Book a restaurant with a pool far from robbie's hostel for me, chandra and noelle at nine PM .",BookRestaurant
show movie The Skeptic – Das teuflische Haus,SearchCreativeWork
in the neighborhood find movie times for movies,SearchScreeningEvent
Where can I find Police Story 3 Supercop,SearchCreativeWork
I want to read the book The Minotaur,SearchCreativeWork
I want to book a reservation within the same area of AMelia Court House for 4 .,BookRestaurant
Rate The Warrior Prophet 3 of 6 stars,RateBook
I want to eat at a bakery with deidre and rosa in Jersey .,BookRestaurant
where can i see animated movies in the neighborhood,SearchScreeningEvent
Where can I find Lonely Hearts,SearchCreativeWork
Is it snowy in Fort Ross State Historic Park ?,GetWeather
What's the weather forecast for the Northern Mariana Islands on 8/4/2024 ?,GetWeather
Rate Myths of the Near Future three points,RateBook
Could I download Chavez Inside the Coup ?,SearchCreativeWork
What's the weather in Organ Pipe Cactus National Monument,GetWeather
Find a television show called Basement Screams .,SearchCreativeWork
play Myth II Soulblighter,SearchCreativeWork
Show me the forecast for 6 years from now in Westlake Village in Guinea,GetWeather
Is there any hail in Monterey Bay National Marine Sanctuary,GetWeather
Give the chronicle Fathers and Crows a 5 out of 6 .,RateBook
What time is The Riders of the Whistling Skull playing at Magic Johnson Theatres,SearchScreeningEvent
What will the weather be in Romania at 4 ?,GetWeather
I give The Logic of Sense a zero,RateBook
what is the weather forecast faraway from RI seven months from now,GetWeather
Can you put freddie freeloader on the playlist instrumental madness,AddToPlaylist
add hold tight to my throwback party,AddToPlaylist
Rate the current novel a one,RateBook
Can you please search Ellington at Newport ?,SearchCreativeWork
Add raz b to drive playlist,AddToPlaylist
I'd like to listen to the soundtrack In the Air,SearchCreativeWork
Use Groove Shark to play music from the nineties,PlayMusic
Play me Benjamin Kowalewicz 's top hits,PlayMusic
Add a tune to this is wagner,AddToPlaylist
"book a food court in supper time distant from Northern Mariana Islands for me, winnie and courtney",BookRestaurant
find Kebab Connection,SearchScreeningEvent
insert Rock Me UP song to my list,AddToPlaylist
Play a ballad by Heath,PlayMusic
i need movie times for movies in the area,SearchScreeningEvent
I'd give the current essay a four,RateBook
rate the last series one of 6 stars,RateBook
Play the greatest from Win Stracke on Groove Shark .,PlayMusic
Schedule the food truck to be at your place in the distant future.,BookRestaurant
Book a cafeteria that serves bagels for six people.,BookRestaurant
Can you make reservations for two people somewhere distant from Sutphin Blvd,BookRestaurant
play Vanlose Stairway by Janove Ottesen,PlayMusic
Look up The Adventure of the Blue Carbuncle,SearchCreativeWork
add adele onto funtime activity playlist,AddToPlaylist
play Asia Nitollano using itunes,PlayMusic
I'd like to see the current showtimes for His Kind of Woman,SearchScreeningEvent
"my niece and I want to visit a food court in Callicoon , Tennessee",BookRestaurant
Find a reservation within walking distance of pauline's place for a party of 10 at fourteen o'clock at a restaurant that serves aioli,BookRestaurant
Play some The Lady Is A Tramp from Timour Moutsouraev,PlayMusic
List movie times at General Cinema Corporation,SearchScreeningEvent
Please find the album The Party Scene,SearchCreativeWork
add this artist to my Guilty Pleasures playlist,AddToPlaylist
I want to check out a pub that has internet in Homer City .,BookRestaurant
When is Beyond My Reach scheduled at the nearest cinema ?,SearchScreeningEvent
Play a sixties song .,PlayMusic
How is the weather going to be in Gambia in a week and a half ?,GetWeather
Add another song to my 88 keys playlist.,AddToPlaylist
I give this book a 3 out of 6 .,RateBook
Give me a weather forecast for CA,GetWeather
put Before the Eulogy onto Acoustic Blues,AddToPlaylist
Will there be a blizzard at a 4 AM in Sky Valley,GetWeather
"Tell me the weather forecast one year from now in Kulpsville , Togo",GetWeather
play songs by Sammy Fain,PlayMusic
book a spot for one at The Wolseley at elevenses,BookRestaurant
Play the top twenty chant by Wise .,PlayMusic
find movie schedules in the neighborhood for movies,SearchScreeningEvent
When is Stripped to Kill II Live Girls playing at the nearest movie house ?,SearchScreeningEvent
I need to find the creative work Burn Baby Burn,SearchCreativeWork
Play music from 2005 by Justin Broadrick,PlayMusic
The Bone Season is worth at least three points,RateBook
add this song to brooklyn beat,AddToPlaylist
What films are playing at Dipson Theatres and when,SearchScreeningEvent
Lets go and take elsa and I to Westhampton Beach in 1 hour to the american chinese cuisine at the tea house,BookRestaurant
Where can I purchase a copy of the painting called Glimpses of World History ?,SearchCreativeWork
When is The Great Question playing at the closest movie house ?,SearchScreeningEvent
What's the movie schedule for animated movies in the neighborhood,SearchScreeningEvent
find films in Cinemark Theatres,SearchScreeningEvent
help me the find the Thug Lordz Trilogy book,SearchCreativeWork
play music by Vybz Kartel,PlayMusic
put this album in my Fiesta section,AddToPlaylist
When is Purple Heart scheduled at the nearest movie house ?,SearchScreeningEvent
Will it be sunny in South Superior ?,GetWeather
"Will it be cold in Allardt , Aruba ?",GetWeather
I'd like to see movie times for animated movies playing in the neighborhood that are starting now .,SearchScreeningEvent
Where can I see the show Twentysomething,SearchCreativeWork
I want to listen to some music from 2003 on Pandora from them,PlayMusic
Locate the Koi to Senkyo to Chocolate television show,SearchCreativeWork
I want this tune on my Most Necessary playlist,AddToPlaylist
Rate Seeing with the Eyes of Love 5 points,RateBook
Find the game BlogBridge,SearchCreativeWork
find a trailer called Way Down Yonder in New Orleans,SearchCreativeWork
"I need a forecast for Jetmore , Massachusetts in 1 hour and 1 second from now",GetWeather
I'd like to see movie times please.,SearchScreeningEvent
I want to put goldy mcjohn on my Rock Party playlist,AddToPlaylist
"Is it hot in Gold Beach , Bahrain ?",GetWeather
Search for Live Forever The Rise and Fall of Brit Pop TV show,SearchCreativeWork
add this artist to my 59th grammy awards,AddToPlaylist
I give a 4 to 3 Willows The Sisterhood Grows .,RateBook
Play a symphony from Bob Hardy please,PlayMusic
What are the showtimes for Beware! The Blob at Plitt Theatres ?,SearchScreeningEvent
Add radhae unakku kobam aagathadi to my Women of Metal playlist,AddToPlaylist
I would like to book the best food court with persian food within the same area as OK for my ex husband and I,BookRestaurant
I'd like seats for ten at a highly rated brasserie in Kyrgyzstan,BookRestaurant
I need a diner,BookRestaurant
this chronicle gets a three out of 6 .,RateBook
"Find the weather prediction for Camdeboo-Nationalpark for jan. eleventh, 2037 .",GetWeather
"Reserve a table for 3 people at The Cubby Bear ,  in Comoros .",BookRestaurant
Play Post Garage Wave Revival playlist.,PlayMusic
"Will it get rainy like last March in Hagerman , Saint Vincent and the Grenadines ?",GetWeather
Find a book called The CIA World Factbook .,SearchCreativeWork
Is You Will Meet a Tall Dark Stranger at Bow Tie Cinemas,SearchScreeningEvent
What are the movie times for Amco Entertainment,SearchScreeningEvent
Can you get me seating for a party of 5,BookRestaurant
I would rate Tree of Smoke a value of two or a best rating of 6,RateBook
Weather for Cougar Canyon Wilderness,GetWeather
find movie times for movies in the neighborhood,SearchScreeningEvent
I need a table for six at a bar that serves varenyky,BookRestaurant
Rate Dictionary of the English Language a 4,RateBook
what is the Orlovista forecast for midday within walking distance,GetWeather
Read The Open Ecology Journal,SearchCreativeWork
what is the Bethany Beach forecast,GetWeather
Play the thirties soundtrack by ghader abdollahzadeh on Youtube,PlayMusic
Play me the trailer for Chasing After Shadows... Living with the Ghosts .,SearchCreativeWork
Will it be chilly in MA 12 days from now,GetWeather
find the picture Nur mit Dir – A Walk to Remember,SearchCreativeWork
"Book a reservation for a restaurant in Stonewood , GU",BookRestaurant
Find a video game called Young .,SearchCreativeWork
play saga The Yellow Rose of Texas,SearchCreativeWork
where is Ennarukil Nee Irunthal playing,SearchScreeningEvent
Find a show called American Journal of Play .,SearchCreativeWork
What's the weather in Gabon,GetWeather
I give Why Orwell Matters a rating value of 2 and a best rating of 6,RateBook
find films in 12 hours at the nearest movie theatre,SearchScreeningEvent
give The Creator zero points out of 6,RateBook
I want to hear secrets on parade from Tommy Walter,PlayMusic
Play Crucifixion on Deezer .,PlayMusic
book at Dutchess Manor in Portugal for 6,BookRestaurant
I rate the book You Only Live Twice two points,RateBook
Show the movie schedule for Cooper Foundation at 9 o'clock,SearchScreeningEvent
I'm looking for the best bistro that serves mongolian food that has room for two people in Marshall Islands .,BookRestaurant
I need a table for six pm for me and my step daughter at Cafe Rouge,BookRestaurant
Will it rain on sep. 25th in East Tawakoni,GetWeather
Will it be warm in Powersville Guam 23 hours from now,GetWeather
Add don sebesky song to The Refugee Playlist,AddToPlaylist
Play me a song on Pandora,PlayMusic
find Unfinished portrait of General Bonaparte,SearchCreativeWork
Can you tell me the movie schedule for General Cinema Corporation ?,SearchScreeningEvent
rate the current essay three points,RateBook
Add big generator to my Country Icon playlist,AddToPlaylist
Edit Classic Road Trip Songs put on Sammy Cahn,AddToPlaylist
rate this textbook 2 out of 6,RateBook
Add inconfundible to Stomp & Holler,AddToPlaylist
Add some Beatmaster V to the This Is Nicky Jam playlist.,AddToPlaylist
"What is the weather forecast for July 20, 2020 in Dachigam-Nationalpark",GetWeather
what's the closest movie house showing Night in May,SearchScreeningEvent
I want a table for 2 at a Portugal restaurant,BookRestaurant
Add brad kane to the Pumping Iron soundtrack.,AddToPlaylist
add the song by brian larsen to the Cardio playlist,AddToPlaylist
show creativity In the Red saga,SearchCreativeWork
Play play Lodge by Alkabli on lastfm .,PlayMusic
Can you get seating for a group of 6 at twenty o'clock at a restaurant and spa faraway from Palmyra,BookRestaurant
find The Colour of the Chameleon,SearchScreeningEvent
I'd like to add this album to my Siesta playlist,AddToPlaylist
I want to hear some Boris Grebenchtchikov on Zvooq,PlayMusic
Play some Rumba Africana .,PlayMusic
where can i watch Wartime Romance in the morning,SearchScreeningEvent
Book a reservation for nine at an outdoor restaurant,BookRestaurant
Look up The Reverse of the Medal,SearchCreativeWork
add this track to my Comedy New Releases,AddToPlaylist
Please help me find the Short Program saga .,SearchCreativeWork
I need a table at a cafeteria for a party of 6 in AL,BookRestaurant
What's the weather in Parthenon,GetWeather
book a table at a restaurant in Lucerne Valley that serves chicken nugget,BookRestaurant
book a table for ten downtown at a close-by restaurant,BookRestaurant
give one out of 6 points to current series,RateBook
add artist to my Trance Life group,AddToPlaylist
will Dick Tracy e il gas misterioso start twenty one hours from now,SearchScreeningEvent
Is it going to rain at my current position,GetWeather
Play the most popular 1956 record .,PlayMusic
Rate The Hard Life 0 stars,RateBook
Is Lord Jim at the movie house,SearchScreeningEvent
find Afternoon movie times for movies in the neighborhood,SearchScreeningEvent
Add a track to summer of love,AddToPlaylist
will the weather be cloudy at 0 PM at my current position,GetWeather
add eric moo to women of jazz,AddToPlaylist
What's the weather forecast for Mansfield ?,GetWeather
Which films are playing at the closest movie house ?,SearchScreeningEvent
add abrar ul haq to Confidence Boost,AddToPlaylist
Give A Mile Beyond the Moon five points,RateBook
Look up The Park album,SearchCreativeWork
I give The Cat and the King 2 stars .,RateBook
Add Exit to i love my 80's rollerdisco list,AddToPlaylist
I want to find a restaurant that has a table for two at 5 AM,BookRestaurant
When is Romance on the Range playing at movie house ?,SearchScreeningEvent
Open my music playlist on Youtube,PlayMusic
play the greatest Adrian Kowanek music,PlayMusic
Can you make reservations at a restaurant that serves mashed pumpkin for six PM,BookRestaurant
Rate Human Capital Supply Chain four of 6 points,RateBook
What is the weather iN Gipsy-Gordon Wildland Park,GetWeather
Put another track in the keep calm playlist.,AddToPlaylist
rate Secrets and Lies 2 of 6 stars,RateBook
Will it be windy at 7 AM in Dong Phou Vieng National Protected Area,GetWeather
How hot will be there in Kanwar Lake Bird Sanctuary tomorrow ?,GetWeather
Play movement music from Sheryfa Luna,PlayMusic
rate this textbook 5 out of 6,RateBook
find the novel A Civil War Army vs. Navy,SearchCreativeWork
Find The Modern World video game,SearchCreativeWork
I want to book a tea house for 4 that serves madeleine,BookRestaurant
Play a song from 1990 on Netflix,PlayMusic
"What will be the weather like in Turks and Caicos Islands around dec. sixth, 2032 ?",GetWeather
I would give this current novel two points or a rating of 6,RateBook
what movie theatre is showing If the Huns Came to Melbourne,SearchScreeningEvent
Give the current novel 5 points,RateBook
Find Games Wizards Play TV series,SearchCreativeWork
I want to rate The Medici Seal two out of 6 points,RateBook
How will be the weather in Waltersville in one hour ?,GetWeather
Where can I find the painting for A Christmas Story - Una storia di Natale ?,SearchCreativeWork
add dark days in paradise to my gym playlist,AddToPlaylist
Play music from Art Porter Junior movie sound track using Vimeo,PlayMusic
The current essay gets four points,RateBook
find Boyish Story,SearchCreativeWork
Book a restaurant for one in AL .,BookRestaurant
I think this novel gets 1 stars,RateBook
Can you get me a table at a tavern in Slovakia,BookRestaurant
Add this jimmy london tune to The New Waltz playlist,AddToPlaylist
What time is My Son Shall Be Armenian playing at Plitt Theatres,SearchScreeningEvent
rate the current novel zero points,RateBook
"What's the forecast for Fort Payne , AMerican Samoa this march twentieth ?",GetWeather
I'd like to see showings for All the Way Home at Kerasotes Theatres .,SearchScreeningEvent
Is the weather going to be colder in GU in 11 years,GetWeather
Find the schedule for films at Century Theatres .,SearchScreeningEvent
play some nineties music,PlayMusic
find a photograph called The Lighthouse by the Sea,SearchCreativeWork
Book a highly rated coffeehouse for four people.,BookRestaurant
this series gets 2 out of 6 stars,RateBook
I need seats for 6 at CHAR No.4 in Georgia,BookRestaurant
put this dave abbruzzese tune on Family Road Trip,AddToPlaylist
book in Romania for christian and susana at David Carpenter House,BookRestaurant
What is the weather doing in South Carolina right now ?,GetWeather
Add iene miene mutte to Women of R&B playlist,AddToPlaylist
Show me the Sex Therapy painting,SearchCreativeWork
Add this track to my This Is Thomas Rhett playlist,AddToPlaylist
Look for the NYPD - New York Police Department saga,SearchCreativeWork
Play a record by Black Wall Street Records,PlayMusic
add this album by Bruce Dickinson onto top entrevistas my playlist,AddToPlaylist
listen to acapella,PlayMusic
Start up my Pachangueo Total playlist.,PlayMusic
Give Anatomy of a Typeface a 1 rating.,RateBook
I want to book Meriton Grand Hotel Tallinn in New Jersey for four people.,BookRestaurant
Find the television show titled Spatial Query Server,SearchCreativeWork
Play Saturday Nights & Sunday Mornings,PlayMusic
Can you put this track onto classic jazz funk ?,AddToPlaylist
Can i get todays movie schedule for the movies that are close by ?,SearchScreeningEvent
Add Gary Valenciano to the power gaming playlist.,AddToPlaylist
Add an artist to my playlist Domingo Indie,AddToPlaylist
add tune to my instrumental funk playlist,AddToPlaylist
find a TV show called Engaged to the Unidentified,SearchCreativeWork
Look for a photograph of Tailwind,SearchCreativeWork
"I want to add Aprite le finestre to my playlist entitled This Is Earth, Wind & Fire",AddToPlaylist
Give the current novel 3 stars .,RateBook
Tell me if it'll be chillier in 3 minutes here,GetWeather
Can I get a table for 3 in GU at a restaurant in the neighboring area that serves chicken french ?,BookRestaurant
"Let me get the forecast in Allardt , Canada .",GetWeather
Play White Noise .,PlayMusic
Play the top-ten chant Doda songs from the twenties .,PlayMusic
find The Dead Matter at Speakeasy Theaters,SearchScreeningEvent
"I want to book a restaurant in Wallsburg , Missouri for michele, diann and pam",BookRestaurant
Plya a tune by Kancherla Gopanna from 1951 on Zvooq,PlayMusic
play A Box of Birds trailer,SearchCreativeWork
I'm rating The Skystone with three points,RateBook
Is it going to be temperate in Farallon Islands now,GetWeather
Will it be freezing in the city of Sardis,GetWeather
add Embryo to lessie's hands up,AddToPlaylist
What's the weather like in Big Delta,GetWeather
rate the book Spells and Philtres five points,RateBook
Put this tune on dancePOP,AddToPlaylist
Add song to my pure rock & roll,AddToPlaylist
Rate the current textbook one stars,RateBook
Book a reservation for a trentino restaurant in Kansas,BookRestaurant
Will it rain in Paisley,GetWeather
"Book me a reservation at a burger joint close-by Choate on july 16th, 2022",BookRestaurant
Play music from 2015,PlayMusic
Will it be freezing in 5 weeks from now in NH,GetWeather
rate The Crossing 3 of 6,RateBook
Add Chamberlain Waits to my picnic in the park,AddToPlaylist
Play something from the jonathon lee movement,PlayMusic
Add a song by Jil Y Creek to my spring music,AddToPlaylist
put artist hridaynath mangeshkar onto my night out playlist,AddToPlaylist
Add the artist Gwenno Pipette to the sexy as folk playlist.,AddToPlaylist
Will it be colder 1 minute from now in Jersey,GetWeather
Play music from 1989 by Maya .,PlayMusic
put artist Emre Aydin on Happy Birthday playlist,AddToPlaylist
Can you find the soundtrack for Westcountry Live,SearchCreativeWork
Can you put Musiri Subramania Iyer 's song onto the lo-fi love soundtrack?,AddToPlaylist
rate Pastwatch The Redemption of Christopher Columbus chronicle zero points,RateBook
Give the current series four / 6 points .,RateBook
Find me the picture called Bugs Bunny Nips the Nips,SearchCreativeWork
I am rating this book called Nuclear War Survival Skills zero stars,RateBook
Find a picture called Nuclear Blast All Stars Out of the Dark .,SearchCreativeWork
Is it cold ever in Farristown Tanzania,GetWeather
What is The Cave Canem Demos photograph ?,SearchCreativeWork
what is the weather forecast for Tennessee for warm temps,GetWeather
Show The Night Riders,SearchCreativeWork
Get me a highly rated restaurant in Nigeria,BookRestaurant
Please play Bitch Please Ii,PlayMusic
"I want to rate Nathaniel Fludd, Beastologist 1 out of 6",RateBook
book a spot for me and my great grandfather at a brasserie with a pool at 7 am,BookRestaurant
Play Suus to my the funny thing about football is playlist,AddToPlaylist
find the song Ticks,SearchCreativeWork
Find the game Just Dance Greatest Hits,SearchCreativeWork
Open Netflix and play David Frizzell,PlayMusic
add Sirusho to the 50 Clásicos playlist,AddToPlaylist
is The Clowns at the nearest cinema,SearchScreeningEvent
add slave to the rhythm to the playlist Massive Soca Hits,AddToPlaylist
Tell me the movie schedules for Mann Theatres,SearchScreeningEvent
Check the movie schedules .,SearchScreeningEvent
show me the movie schedules for animated movies around here,SearchScreeningEvent
"Where is the closest movie theatre playing Yo, robot",SearchScreeningEvent
Find me a table for 1 at a restaurant with a pool at 3 am in Hitchcock FL,BookRestaurant
Put Pedro Navaja onto my flamenco pa ti playlist.,AddToPlaylist
find the nearest movie house for The Mystery of Picasso,SearchScreeningEvent
Add mike mantler to playlist girls' night,AddToPlaylist
look for the trailer for Red Stallion in the Rockies,SearchCreativeWork
Find The Way West show,SearchCreativeWork
Book the CityZen for six people.,BookRestaurant
Add Sam Moore to lo mejor de los 00's,AddToPlaylist
Find me the Extreme Ghostbusters game .,SearchCreativeWork
Rate the current textbook 4 out of 6 points,RateBook
Tell me if it'll be temperate in 8 seconds in Guatemala,GetWeather
Book a restaurant in FL in the city of Lochearn for my step son and I,BookRestaurant
give me some Hank Shermann from 1975 on Lastfm,PlayMusic
Rate Bestiary of Dragons and Giants four of 6,RateBook
"put Claude VonStroke onto my This Is Earth, Wind & Fire",AddToPlaylist
Is Salò the TV show available to watch anywhere?,SearchCreativeWork
Play top music from Charles L. Johnson on vimeo,PlayMusic
restaurant that is brasserie for 8 and has wifi,BookRestaurant
Please search for the Microsoft Safety Scanner television show .,SearchCreativeWork
I rate this textbook 0,RateBook
Find the movie schedules for Speakeasy Theaters .,SearchScreeningEvent
Find a novel called Industry .,SearchCreativeWork
Let me use netflix to listen to the last soundtrack from Out Of Eden .,PlayMusic
Book a table for ten people at a restaurant which serves snack .,BookRestaurant
find a Love song,SearchCreativeWork
Find a movie schedule .,SearchScreeningEvent
rate this essay four out of 6,RateBook
I give this novel a 5 out of 6 .,RateBook
find Flesh and Bullets,SearchCreativeWork
I'd like to watch Mission to Mir,SearchScreeningEvent
For the current chronicle I give five of 6,RateBook
I'd like for you to add Owen Biddle to my Old School Death Metal playlist.,AddToPlaylist
Will there be a blizzard in Saudi Arabia around 2 o'clock,GetWeather
what is the weather of Pine City,GetWeather
Is it warm faraway in Niger ?,GetWeather
I need reservations at a restaurant at 20 o'clock in FM,BookRestaurant
I give the current essay a two,RateBook
Rate the current saga four stars out of 6,RateBook
"I want to see the novel , The Green",SearchCreativeWork
what movies are showing in the neighbourhood,SearchScreeningEvent
what animated movie are at the theater in the neighborhood,SearchScreeningEvent
play The New Noise Theology E.P.,SearchCreativeWork
book a spot for 1 at a bakery with crab cake not far from New Jersey,BookRestaurant
What will the weather be in Michigan ?,GetWeather
Is The Lady and the Highwayman playing at 7 A.M. at Dipson Theatres ?,SearchScreeningEvent
"Book a table for 1 , 1 second from now in Adelaide",BookRestaurant
Play music from the album Evolution Of A Man by Joey Ramone,PlayMusic
Find movie times .,SearchScreeningEvent
Rate this series five out of 6,RateBook
Can I get the movie schedule for Loews Cineplex Entertainment ?,SearchScreeningEvent
Can you book me a table for 9 in DE ?,BookRestaurant
Add pittsburgh slim to my indie mim playlist.,AddToPlaylist
put any Andrew Hurley album onto timeless love songs,AddToPlaylist
I give this current novel 0 points,RateBook
Where is the nearest movie house that is playing Sirivantha,SearchScreeningEvent
Is it going to be stormy close to Australia,GetWeather
Add an artist to my playlist This Is Verdi,AddToPlaylist
this track should get added to Spain Top 50,AddToPlaylist
Where can I watch the TV series Breed the Pain ?,SearchCreativeWork
Find a saga called Lovex discography .,SearchCreativeWork
I want to hear a fourties ballad by Luciano,PlayMusic
I want you to add the currently playing This Generation into my playlist called funtime activity,AddToPlaylist
What movies are playing at AMC Theatres ?,SearchScreeningEvent
Book a restaurant in Botswana for seven people.,BookRestaurant
Play a 1998 sound track from Sam The Kid on Last Fm,PlayMusic
Will you please pull up movie schedules for me?,SearchScreeningEvent
Book a best restaurant in Wrigley .,BookRestaurant
show me Chasing a Feeling painting,SearchCreativeWork
Play the top track by Claudja Barry on Last Fm,PlayMusic
Book a gastropub that has balinese food in twenty hours in Comunas for my nephew and I,BookRestaurant
"at two am , I need reservations for my friends and I at Irma Hotel .",BookRestaurant
find Black Mirror III Final Fear,SearchCreativeWork
Add Come on Feel the Lemonheads to my salsa classics playlist.,AddToPlaylist
Play a 2001 tune,PlayMusic
find the TV series Treeful of Starling,SearchCreativeWork
When is For One Night playing at Loews Cineplex Entertainment ?,SearchScreeningEvent
Can you make a reservation for next year in Modesto for joanna and ella,BookRestaurant
I want to watch the television show Champion,SearchCreativeWork
How is the weather in Indian Creek Village ?,GetWeather
add vertexguy to Beach Vibes,AddToPlaylist
Can you play a sound track from 1963 ?,PlayMusic
Book a reservation for 4 people at a restaurant within the same area as my step daughter's position,BookRestaurant
I need a reservation for an indoor restaurant in China,BookRestaurant
add the song to my We Everywhere playlist,AddToPlaylist
what film to see at ArcLight Hollywood,SearchScreeningEvent
When is One Sunday Morning scheduled to be played?,SearchScreeningEvent
What is the nearest cinema playing Patiala House,SearchScreeningEvent
book a spot at the top-rated pub in Garner,BookRestaurant
"book a restaurant for me, valarie and caroline in 56 weeks in Soldier Pond",BookRestaurant
find Plitt Theatres now showing Poverty and Nobility,SearchScreeningEvent
Tell me the weather for Sewickley at twelve am,GetWeather
Book me a restaurant reservation in Fiji for zero am,BookRestaurant
give 0 points to The Hand in the Glove,RateBook
Tell me the films playing at the closest movie house to me,SearchScreeningEvent
Can you find the TV show Faithless Street,SearchCreativeWork
Find Captain Kronos - Vampire Hunter .,SearchScreeningEvent
Rate The Making of a Teacher a two,RateBook
Play Humour,PlayMusic
Play Kool Keith Presents Thee Undatakerz by John Mccrea .,PlayMusic
Is The Suicide Shop playing at Southern Theatres,SearchScreeningEvent
When is Robotix playing?,SearchScreeningEvent
I would like a table at a taverna with croquembouche for 1 minute from now,BookRestaurant
I need a reservation for 4 in Illinois,BookRestaurant
What films are at Century Theatres in twelve hours,SearchScreeningEvent
Play some rock & roll by Deezer .,PlayMusic
add gn to night vibes,AddToPlaylist
find a TV show called Perfect Chemistry,SearchCreativeWork
"For the textbook , out of 6 possible I give the following one a 3 .",RateBook
"find Back to Boomtown Classic Rats Hits , a soundtrack",SearchCreativeWork
"I want to book a restaurant in a distant ID spa for lidia, latasha and diann .",BookRestaurant
How do I rate this book 4 stars?,RateBook
Please find Brand New Strings,SearchCreativeWork
I'd like to book a reservation for next Spring for nine people at Shore Club .,BookRestaurant
I want to hear Papa Mali 's songs from the fifties,PlayMusic
Play some thrash metal .,PlayMusic
I would like to book a restaurant neighboring Lincoln Beach,BookRestaurant
I'd like the movie schedules nearby me for animated movies,SearchScreeningEvent
book a spot for six at a restaurant that serves fish and chips,BookRestaurant
Add another song to the Cita Romántica playlist.,AddToPlaylist
give one out of 6 points to The Psychopathic God series,RateBook
Give this book a rating of two out of 6 .,RateBook
Please add this track to my weekend list,AddToPlaylist
play The Catholic Sun album,SearchCreativeWork
Play Donald Rubinstein on Pandora,PlayMusic
Book a table for three at a restaurant in Louisiana,BookRestaurant
Is Strauss Is Playing Today at the Cineplex Odeon Corporation,SearchScreeningEvent
Is it warm here now ?,GetWeather
Play music by Otis Redding .,PlayMusic
"warmer condition in Haiti , South Otselic",GetWeather
Incorporate a roberto parra sandoval track into the Cena Elegante playlist.,AddToPlaylist
I'd like to see Level Headed,SearchCreativeWork
What is the weather in twenty three minutes in NV,GetWeather
Add Dickey Betts to my throwback thursday playlist.,AddToPlaylist
Play The Last Mile album,SearchCreativeWork
What are the movie schedules,SearchScreeningEvent
What will the weather be in Waverly City Brazil on Purple Heart Day ?,GetWeather
Play them the greatest music by Chris Frantz .,PlayMusic
I'd like to watch the TV series called Fires of Life,SearchCreativeWork
rate this series one of 6,RateBook
Will it be cold this autumn in Norfolk Island,GetWeather
can i have the local movie times,SearchScreeningEvent
Play Vic Ruggiero music from 2007,PlayMusic
Give The Pirates! in an Adventure with Whaling a 0 out of 6 .,RateBook
Proceed with music from 2003 .,PlayMusic
Will there be a snowstorm in NC 6 years from now,GetWeather
"I didn't like the book Nobody Lives For Ever , I give it a 2 .",RateBook
Please find me the Platinum Box II song ?,SearchCreativeWork
Will it be stormy not far from ID on 10/2/2021,GetWeather
Play a twenties track by the aj carothers on Zvooq .,PlayMusic
I'd like to have southeastern brazilian at the pub in Dominica,BookRestaurant
play some King Tubby from the eighties,PlayMusic
Play some alternative music on Vimeo,PlayMusic
add Deus Deceptor to Dance Workout,AddToPlaylist
Open Lastfm and play Hot Lips Page from the sixties,PlayMusic
"Make dinner reservation for 3 people on june 23rd, 2040 in Blodgett .",BookRestaurant
"Is it chilly in Henrieville , Oman",GetWeather
Open Pandora and play music from the fifties .,PlayMusic
Play some dance music.,PlayMusic
Play the song American Patrol by lauryn hill,PlayMusic
Gie this textbook 3 stars,RateBook
book a spot for seven at a brasserie with ginestrata,BookRestaurant
To johnnie's funtime activity playlist add the name The Best of Guitar Shorty,AddToPlaylist
Show The Late Great Townes Van Zandt,SearchCreativeWork
find me a game called Merle Haggard Presents His 30th Album,SearchCreativeWork
Play The Great Adventures of Slick Rick game,SearchCreativeWork
What films are being shown at the National Amusements,SearchScreeningEvent
Book reservations at a restaurant in Iron Springs,BookRestaurant
Find me the documentary A Winter of Cyclists,SearchCreativeWork
"Book the best cafe on Jan. 18th, 2035 .",BookRestaurant
Play Chris Goss on Netflix,PlayMusic
Add a kiley dean tune to my jazz for loving couples playlist,AddToPlaylist
Play the newest Phil Stacey .,PlayMusic
What is the TV show Journal of Personality and Social Psychology ?,SearchCreativeWork
I want to watch Strange Brother,SearchCreativeWork
What time will In the Name of the Son be playing?,SearchScreeningEvent
Show The Second Civil War saga,SearchCreativeWork
Add the tune by Cassie Ventura to my genre bender playlist,AddToPlaylist
Add big bill broonzy to my Impulso Creativo,AddToPlaylist
"Check the weather for Eagle Harbor , Tanzania",GetWeather
Add kylie minogue to my novedades viernes sudamérica playlist.,AddToPlaylist
Where can I watch Gaddar The Traitor ?,SearchScreeningEvent
"What will the humidity be like in VI on june the fourteenth, 2020 ?",GetWeather
add this album to the playlist Guest List Engadget,AddToPlaylist
book a restaurant not far from Municipal Borough of Ealing for today,BookRestaurant
put Edwyn Collins onto my Trabajo Relax playlist,AddToPlaylist
What time is Always Brando showing,SearchScreeningEvent
Play Midnight Special,PlayMusic
What movie house is playing the animated movies nearest ?,SearchScreeningEvent
I want to see the trailer Amor Puro,SearchCreativeWork
give four stars out of 6 to current book,RateBook
I'd like to see Jack,SearchCreativeWork
Find the schedule for movie times for movies around here .,SearchScreeningEvent
Book an indoor restaurant near Wallington for 2,BookRestaurant
Play Larry Graham sound track,PlayMusic
play Innovations by Kokia,PlayMusic
Use pandora to play music from stano in the year 2005,PlayMusic
Put this album in shuffle syndrome,AddToPlaylist
Use the service Zvooq to play merengue music,PlayMusic
Play the latest Joan Baez .,PlayMusic
How much fog is there in Hahnville ?,GetWeather
Add a song by Szahram Nazeri to my playlist called this is jennifer lopez,AddToPlaylist
I want to add Black Ribbons to the i love my neo soul playlist,AddToPlaylist
Give this album four stars,RateBook
Play Inside The Eye by twinkie clark,PlayMusic
What are the movie schedules,SearchScreeningEvent
show weather forecast in East Tawakoni Italy at four PM,GetWeather
"What is the weather looking like for December the eleventh, 2034 in MD",GetWeather
Please show me the picture History Repeating,SearchCreativeWork
play Shake Your Head,PlayMusic
"Find me the novel , Between the Rivers .",SearchCreativeWork
Where is the nearest cinema showing horror films today?,SearchScreeningEvent
add this artist to Dubstep,AddToPlaylist
"book a spot for robyn martinez, maude and I at a steakhouse not far from their place",BookRestaurant
Can I get the movie schedules for Loews Cineplex in six hours seventeen minutes and eighteen seconds .,SearchScreeningEvent
Play the playlist funtime activity,PlayMusic
What's the weather here in 52 and a half weeks,GetWeather
Lets eat at Newport Creamery in Carnot,BookRestaurant
Play a concerto from the nineties,PlayMusic
What cinema is Health Warning playing in eleven hours ?,SearchScreeningEvent
I would rate this book a value of 3 and a best rating of 6,RateBook
Give The Resistance 2 out of 6 stars .,RateBook
book a gluten free restaurant in Arp,BookRestaurant
Find a saga called Night Life .,SearchCreativeWork
"Please search for the work, Wholehearted .",SearchCreativeWork
What time is Unholy Women playing?,SearchScreeningEvent
Play some nineties Eliza Carthy,PlayMusic
add this song to the Pre-Party playlist,AddToPlaylist
find Hear Me Good,SearchScreeningEvent
Add Eef Barzelay to the Trad Folk playlist.,AddToPlaylist
Book a restaurant for ten in Exmore at sunset,BookRestaurant
find the movie schedule,SearchScreeningEvent
find the nearest movie theatre with movies,SearchScreeningEvent
"Book a diner place or me and my best friend on Holy Saturday , capital of United Arab Emirates , where they serve pepperoni dishes",BookRestaurant
rate this current textbook 0 points,RateBook
book a spot for 3 at the pizza place,BookRestaurant
Add moby grape live to enamorándose,AddToPlaylist
Is And the Ship Sails On playing at Douglas Theatre Company 1 minute from now ?,SearchScreeningEvent
Play Rocket Queen on Itunes,PlayMusic
there is warmer at Serenada,GetWeather
give two out of 6 to current book,RateBook
book a table in Alberton for me and my mother in law at a restaurant,BookRestaurant
Listen to music from 1975,PlayMusic
Play something by Brian Chase .,PlayMusic
Play the top-fifty theme songs by Dennis Brown .,PlayMusic
What time will The Age of Success be showing?,SearchScreeningEvent
Open Vimeo and play music.,PlayMusic
Add an album by twink to my Classic Country playlist,AddToPlaylist
Rate Mouse Noses on Toast 5 points out of 6,RateBook
will it be colder in AZ than TX today,GetWeather
the last essay is a 2 out of 6,RateBook
Look up the movie schedule,SearchScreeningEvent
add Runaljod gap var Ginnunga to ashlee's playlist titled forever country,AddToPlaylist
add this track to my road trip playlist,AddToPlaylist
Add a guy is a guy to the infinite indie folk playlist.,AddToPlaylist
book a table at SkyCity in Salado for me and hannah,BookRestaurant
I rate the current saga 0 points and a best rating of 6,RateBook
Please find me the Rear Mirror saga .,SearchCreativeWork
Add this artist to the laugh list,AddToPlaylist
Need the saga called the Black Lamp,SearchCreativeWork
I want to book the Black Cat Bar in AR,BookRestaurant
I want to know what movies are showing at the nearest movie house .,SearchScreeningEvent
rate this book called Kings of the High Frontier four points,RateBook
Will it be chilly at 4 in Druid Hills AMerican Samoa,GetWeather
Play a popular ballad by Amanda,PlayMusic
use Deezer to play music by Junior Brown,PlayMusic
rate the current essay a 4,RateBook
What is the movie schedule at Douglas Theatre Company,SearchScreeningEvent
This current textbook deserves a rating of 3 points and a best rating of 6,RateBook
Add this tune to my post metal playlist,AddToPlaylist
What time is The Message playing at Loews Cineplex ?,SearchScreeningEvent
Play the Seamus Heaney Collected Poems song,SearchCreativeWork
Will it get windy this week-end in Selva Jedediah Smith ?,GetWeather
I'd like to watch Nathan the Wise at the closest movie house,SearchScreeningEvent
I'd like to watch movies at Amco Entertainment,SearchScreeningEvent
book The Fry Bread House for seven in Olive,BookRestaurant
Weather for Faroe Islands,GetWeather
I am giving this novel 3 stars,RateBook
add this song to my this is kevin johansen,AddToPlaylist
I need movie schedules,SearchScreeningEvent
Look for Fighting Vipers 2,SearchCreativeWork
Play the last 1954 ep by Povel Ramel .,PlayMusic
Add the patty patty sound to my metal talks kreator playlist,AddToPlaylist
Weather for Carlisle Gardens AS,GetWeather
What movie theatre is playing The Magnificent Scoundrels,SearchScreeningEvent
Add Quicksand to my valentine's day love playlist,AddToPlaylist
Book a restaurant for four people in Wylliesburg .,BookRestaurant
What song is Detective Conan Dimensional Sniper,SearchCreativeWork
I want to book a restaurant close-by my teenager's airbnb at 0055 am,BookRestaurant
What will the weather be like in three weeks in Gates Michigan,GetWeather
Play me something from the thirties by Candi Staton on Vimeo,PlayMusic
Add Nicole Mitchell to my Soul Revived list,AddToPlaylist
Will it be freezing in the current position ?,GetWeather
play a seventies ballad by Annunzio Paolo Mantovani on Groove Shark,PlayMusic
Find a book called Environment and Behavior .,SearchCreativeWork
find movies at Amco Entertainment starting in 8 seconds from now,SearchScreeningEvent
"casey chavez, lucinda and karina want to eat at a diner on december the 7th",BookRestaurant
What's the weather forecast for Sequoyah National Wildlife Refuge,GetWeather
out of 6 give The Morganville Vampires a 1,RateBook
Is The Angel of Vengeance – The Female Hamlet playing at the cinema at 6 am,SearchScreeningEvent
Show me movie times for two a.m. at any nearby movies .,SearchScreeningEvent
Give The Street five points .,RateBook
Play me a 1986 Jim Root,PlayMusic
book me a restaurant in Ware Shoals that serves russian tea cake,BookRestaurant
Please book a table for 6 people in the same area as Bedford Park Blvd-Lehman College,BookRestaurant
Will it be warmer at fourteen o'clock in Atlas Mongolia,GetWeather
Play slow rock music on Vimeo,PlayMusic
Add ramble on to Halloween Teens,AddToPlaylist
Can you play me some britpop music,PlayMusic
add this artist named trevor mcnevan to the playlist top gaming tracks,AddToPlaylist
What is the weather in South Bradenton,GetWeather
Find movie schedules for close by films .,SearchScreeningEvent
"Will it be foggy in the same area of Parc provincial Kettle Lakes on february the thirteenth, 2018 ?",GetWeather
Can you put a song by jessica mauboy on my playlist entitled a sudden rainstorm,AddToPlaylist
Add Sweet Black Angel to my Diarios de Bicicleta playlist,AddToPlaylist
Can you search A Song for Mama book for me?,SearchCreativeWork
show the schedule of movie Unborn but Forgotten,SearchScreeningEvent
rate current essay 1 stars,RateBook
Rate this essay five points,RateBook
Find me The Memorial,SearchCreativeWork
Contemporary Religious Satanism gets a 3 rating,RateBook
Find My Only Wish in some form of creative work,SearchCreativeWork
book for 8 for argentinian food at a bakery,BookRestaurant
give this textbook 0 of 6 stars,RateBook
Add album to my French N' Heavy list,AddToPlaylist
show me the painting Live – Very Live in Concert,SearchCreativeWork
Find an album called The Aboriginal Port Folio .,SearchCreativeWork
I would rate this current textbook four stars,RateBook
Show me the nearest movie house showing The Luckiest Girl in the World,SearchScreeningEvent
Rate A Division of the Spoils 5 stars,RateBook
Play the best songs of 2016,PlayMusic
Can you put falling upstairs on my playlist entitled This Is Thomas Rhett,AddToPlaylist
I'd like to eat in 1 minute at a neighboring neighborhood restaurant,BookRestaurant
Put some mac wiseman in my latino caliente playlist.,AddToPlaylist
Please play anything by george formby jr,PlayMusic
rate the current textbook 4 of 6 points,RateBook
book for 2 at a cafe for burgers in Gasport,BookRestaurant
I give the current chronicle one of 6 stars,RateBook
The Sleep Machine Waterscapes playlist needs some kris chetan ramlu in it.,AddToPlaylist
Find a song called This Champagne Mojito Is the Last Thing I Own .,SearchCreativeWork
Restaurant in Durant for 3 PM,BookRestaurant
Rate this current essay a zero .,RateBook
Add sp balasubrahmanyam to my rockabilly mania playlist.,AddToPlaylist
I'd like to get a restaurant booked on mar. fourteenth in MD .,BookRestaurant
I rate A Moment in Time a 5,RateBook
Tell me the weather forecast faraway from TX,GetWeather
give The Search for the Snow Leopard a rating of zero of 6 stars,RateBook
book for six for 1 hour and 1 minute from now,BookRestaurant
Rate The Ultimate Revelations saga four,RateBook
Find Live at Bonnaroo .,SearchCreativeWork
Where can I see the show Latin for Lovers ?,SearchCreativeWork
Rate the current book zero of 6,RateBook
Will it storm in Charles Pinckney National Historic Site,GetWeather
Rate the Egg Collecting and Bird Life of Australia saga a one,RateBook
one hour from now what will it be like in Cholame Rhode Island,GetWeather
play the album Sauna on Zvooq,PlayMusic
rate this album one stars,RateBook
give a zero rating to May We Borrow Your Husband ?,RateBook
I'd like to move the artist named Matt Walker to the playlist grandes unplugged,AddToPlaylist
Can you play some music from 1999,PlayMusic
Rate The Strange Death of Tory England 1 stars,RateBook
"How cloudy is it in Morrisonville , Kentucky",GetWeather
Play fourties record,PlayMusic
What is the forecast for here,GetWeather
"Can you please find me, Journals ?",SearchCreativeWork
I'm looking for Right on Track .,SearchCreativeWork
Show Panic in the Streets,SearchCreativeWork
find the movie Ircle,SearchCreativeWork
Add manos hatzidakis to lo mejor de los 00's,AddToPlaylist
"me and terrie need a table at a bar in Hypoluxo , UT",BookRestaurant
Play the best music from Klaus Badelt .,PlayMusic
play track Her Majesty,PlayMusic
Play Henrie Mutuku album from 1957,PlayMusic
Use Pandora to play Korean OSTs,PlayMusic
Find the schedule for for The Unnaturals at 13 .,SearchScreeningEvent
"Please find me the work, Ace of Spades .",SearchCreativeWork
Play the newest melody by Cisco Adler on pandora,PlayMusic
"Please look up the song , Twist of shadows .",SearchCreativeWork
Is it chillier in Hong Kong than it is here,GetWeather
book sot for one at restaurant with wifi,BookRestaurant
"What will the weather be like on feb. 8, 2034 in Cedar Mountain Wilderness",GetWeather
Is it windy in Nauru ?,GetWeather
Add Jerry Dixon to my chill out list,AddToPlaylist
Rate Dragons of a Vanished Moon 1 of 6 points,RateBook
Will it be colder in Winnebago,GetWeather
How do I rate the book White Teeth only 4 stars ?,RateBook
Where can I find the novel A Woman in the Web,SearchCreativeWork
rate this essay one out of 6 stars,RateBook
find the movie Yoshimi Battles the Hip-Hop Robots,SearchCreativeWork
play music by Charlie Adams from 1954,PlayMusic
Is it hot in Bolivia,GetWeather
Play the track Pocahontas John Farnham,PlayMusic
Show The Family from One End Street album,SearchCreativeWork
Add this Nozomi Tsuji tune to my Hot House playlist,AddToPlaylist
I'd like to see Walk on the Wild Side The Best of Lou Reed,SearchCreativeWork
Book the Labworth Café in Ethiopia for six people.,BookRestaurant
I would rate this chronicle 4 stars,RateBook
Looking for the photograph the Crimson Climax,SearchCreativeWork
I need to book an indoor pub in Strabane,BookRestaurant
Show me the TV show My Only Wish,SearchCreativeWork
What's the weather looking like right now in Croatia ?,GetWeather
play fourties chant music on Last Fm,PlayMusic
Give me a list of films that play in the neighbourhood,SearchScreeningEvent
Add to my list  the tune summer of love,AddToPlaylist
Rate my current book 1 out of 6,RateBook
Rate the current essay 0 of 6,RateBook
what do the cloud indicate in East Aurora,GetWeather
play zvooq Southern Gothic,PlayMusic
Play a new song from 1976 .,PlayMusic
Play rhythmic,PlayMusic
Weather for Notasulga at elevenses,GetWeather
give this textbook four stars,RateBook
put the artist michael todd in my Afternoon Train Ride list,AddToPlaylist
Fine the movie schedule for Warren Theatres .,SearchScreeningEvent
find a photograph called Free the Universe,SearchCreativeWork
Book me a table for one at Blue Ribbon Barbecue,BookRestaurant
put a rating on this book of three,RateBook
is it supposed to get colder here on 12/28/2019,GetWeather
I want to watch the television show Little Things,SearchCreativeWork
Book me a table at a hungarian delicatessen in North Dakota .,BookRestaurant
Is there snowfall in Zec Mitchinamecus at 13,GetWeather
book a restaurant within the same area as Saratoga Av,BookRestaurant
Play Talking To The Universe on Itunes,PlayMusic
Add this tune by rod argent to propuesta alternativa playlist,AddToPlaylist
add Get Happy to cherry's Las Canciones Más Lindas Del Mundo,AddToPlaylist
give After Worlds Collide a 1,RateBook
Add this track to the 70s smash hits playlist,AddToPlaylist
I need a table for 2 on feb. 18 at Main Deli Steak House,BookRestaurant
Will it be cold here in one hour ?,GetWeather
Play a tune from Space Mandino .,PlayMusic
What's the weather in Pennsylvania,GetWeather
I need to hear a thirties soundtrack,PlayMusic
"Will be warm in Hallwood , Kosovo ?",GetWeather
Rate the Nova Scotia New Scottish Speculative Fiction saga a 5,RateBook
I'm looking for the saga The Hardest Part,SearchCreativeWork
What are the movie schedules for the Loews Cineplex,SearchScreeningEvent
Will it be overcast in seventeen minutes in the United Arab Emirates,GetWeather
"Give The Crisis , one / 6 points",RateBook
Add the secret wars into the digging now playlist,AddToPlaylist
Play some happy gabber .,PlayMusic
I am giving this current album a rating of four out of 6 points,RateBook
what is the close by Greenland forecast,GetWeather
Add artist to my Texas Red Dirt playlist,AddToPlaylist
I want to know the weather in ten weeks from now in John N and Melba S Anderson Memorial Conservation Area,GetWeather
Book a restaurant near the City of Wakefield for 5 people.,BookRestaurant
Play some thirties music on Netflix .,PlayMusic
book verdure serving restaurant in Bloom City,BookRestaurant
Play the music of Filipp Bedrossowitsch Kirkorow 's theme,PlayMusic
rate the current book series two out of 6 stars,RateBook
Find the schedule for The Kentuckians .,SearchScreeningEvent
add Inca Roads to my weekend,AddToPlaylist
Check the movie timings for Cracked Nuts at Southern Theatres .,SearchScreeningEvent
find start time in 12 seconds for National Bomb,SearchScreeningEvent
Find me the song 2 Fast 2 Furious,SearchCreativeWork
Book a brazilian diner for 9 that's highly rated within the same area as Comoros,BookRestaurant
Find me a nice restaurant in Mulvane .,BookRestaurant
Please add tobymac 's song onto the indiespensables playlist.,AddToPlaylist
What's the weather in Singapore,GetWeather
What is the weather forecast two hours and seventeen seconds from now in Elgin Schoolhouse State Historic Site,GetWeather
Find the movie schedule .,SearchScreeningEvent
add Revolution Revolución to my political punks,AddToPlaylist
Play Michael Angelo Batio,PlayMusic
Add the name The 3rd World to the playlist Rock Me UP,AddToPlaylist
rate the current essay with 4 points,RateBook
Book a reservation for City Tavern in Long Bridge,BookRestaurant
add Yameen to the uncharted 4 nathan drake playlist,AddToPlaylist
book me a reservation at Rustic inn,BookRestaurant
I this this current essay should be rated a three,RateBook
add Halfway Between Here and There to my canadian country playlist,AddToPlaylist
"Book a restaurant in Medford Lakes on Sep. 8, 2033 for essie, tonya and I",BookRestaurant
rate The Braindead Megaphone series zero out of 6 points,RateBook
I'm looking for the saga Why Men Leave Home,SearchCreativeWork
book a spot for 3 at supper time in IL,BookRestaurant
Play Trace Adkins ' music from the thirties .,PlayMusic
Give Beauty Is in the Street three out of 6 stars,RateBook
Use Netflix to play music,PlayMusic
Put this song on my indiespensables playlist,AddToPlaylist
Play the 1951 ballad,PlayMusic
this is rated 5 out of 6 for an essay,RateBook
show me the schedule of Outlaw of Gor at nearest movie house at 5 A.M.,SearchScreeningEvent
add the ragged curtain onto the playlist called party through the decades,AddToPlaylist
play some Annie Herring beat street on itunes,PlayMusic
Sort to the last song on playlist from 1983 a chant by Mark Oliver Everett,PlayMusic
play 90s Love Songs on Youtube,PlayMusic
Give the current novel I am reading a five stars rating.,RateBook
Book a restaurant for nine in South Sudan .,BookRestaurant
Add a song by Claude VonStroke to the under the surface playlist.,AddToPlaylist
Please add the song by Sunil Santha to my Pre-Party R&B Jams list,AddToPlaylist
"What will the weather be like here on february 22, 2024",GetWeather
what is the forecast for hot at ten o'clock in Idaho,GetWeather
"will it rain on Jan. 18th, 2029 in Kanopolis Arkansas",GetWeather
This current book deserves 3 points,RateBook
Find movie schedules for United Paramount Theatres .,SearchScreeningEvent
Find Live at the Brixton Academy .,SearchCreativeWork
What is weather in Azerbaijan 16 seconds from now,GetWeather
find movie times nearby for animated movies,SearchScreeningEvent
What is the forecast at 12 am in Sudan,GetWeather
search for the song Banquet for the Damned,SearchCreativeWork
Show The Legend of Jesse James novel,SearchCreativeWork
Play track music from Peter Finestone on Netflix sort by newest,PlayMusic
play David Banner on Netflix,PlayMusic
Play new movement from Mike Oldfield on Vimeo,PlayMusic
Find time for Trouble for Two in one minute at Landmark Theatres,SearchScreeningEvent
Will it be chilly in two hundred thirteen days at Dochū-Kōtsu Prefectural Natural Park,GetWeather
Play a ballad from 1997 .,PlayMusic
Add ilse delange to my journey playlist,AddToPlaylist
I'd like to watch movies close by,SearchScreeningEvent
I need a table for 9,BookRestaurant
I'm in MI and want to eat somwhere nearby Midday .,BookRestaurant
show Chocolate Rain creativity,SearchCreativeWork
Show the latest animated movies movie times for the nearest movie house,SearchScreeningEvent
What movie theatre is playing Sherlock Holmes and Dr. Watson fifteen hours and one minute from now,SearchScreeningEvent
Is it hotter here,GetWeather
Show me the movie times for what's playing now,SearchScreeningEvent
book a table for one in a bar serving saucisse for meal in Calistoga CO,BookRestaurant
Play me the saga The Party’s Over,SearchCreativeWork
"What will the weather be like here on dec. 8, 2019",GetWeather
add song to my mellow beats list,AddToPlaylist
"Please find the novel , Good Doctor",SearchCreativeWork
Add you put a move on my heart to the martin garrix show,AddToPlaylist
I need to book a table at a fast food spot that serves slinger in PR,BookRestaurant
Can I get the movie times for films in the neighborhood ?,SearchScreeningEvent
Find a novel called East Liberty,SearchCreativeWork
book a table for 2 guests at a restaurant in Lazy Mountain NY,BookRestaurant
book a taverna that serves vichyssoise within walking distance in OH,BookRestaurant
FInd trailer for Iraq for Sale The War Profiteers,SearchCreativeWork
I want to book a restaurant in Barbados that serves creole .,BookRestaurant
what is the forecast for temperate conditions in Thailand in Lopeno,GetWeather
Rate the current album 4 of 6 stars,RateBook
Is it going to be colder in Bonnie,GetWeather
find animated movies in the area,SearchScreeningEvent
Find the nearest movie house that's showing movies,SearchScreeningEvent
How will be the weather condition near MI 129 days and a half from now ?,GetWeather
Find the schedule for Idols of Clay at a movie house .,SearchScreeningEvent
add Gary Lachman track to jazz for loving couples playlist,AddToPlaylist
Can you give me the forecast for 1015 in Paraguay,GetWeather
forecast for VI,GetWeather
Can 50 minute technicolor dream be added to meredith's Cierra La Puerta playlist?,AddToPlaylist
Rate DNA Repair and Mutagenesis four stars,RateBook
I'm in the mood to listen to meditative music.,PlayMusic
Rate Who Moved My Cheese? a one,RateBook
Where is They Always Return at Dawn playing,SearchScreeningEvent
give The Council of Dads 1 out of 6 stars,RateBook
I'd like to rate My Beloved World two points,RateBook
Find a painting called Mr. Scarface Is Back .,SearchCreativeWork
Book a reservation at a restaurant nearby their airbnb,BookRestaurant
rate the current essay a one,RateBook
The Half-Life chronicle deserves 3 points,RateBook
"Can you help me locate the game , Coast ?",SearchCreativeWork
add Marching Band to miami 2017 guest list,AddToPlaylist
What local movie house is playing Beat the Drum,SearchScreeningEvent
what movies are playing in the neighborhood,SearchScreeningEvent
Find Beavis and Butt-head,SearchCreativeWork
rate the current book series 4 out of 6,RateBook
Add this song to year in metal 2016,AddToPlaylist
"What time is Atlantis, terre engloutie playing?",SearchScreeningEvent
add song in playlist Metal Monday,AddToPlaylist
Give me a top-rated restaurant that's eastern european,BookRestaurant
"play Bill Evans album The Best Of The 12"" Mixes",PlayMusic
What is the nearest movie theatre playing Kate y Leopold ?,SearchScreeningEvent
play music by Billy Powell,PlayMusic
find movies around here with movie schedules,SearchScreeningEvent
Find me the Lace and Whiskey soundtrack,SearchCreativeWork
Play music from the punk genre on Last Fm .,PlayMusic
I want to watch the show Frank Sinatra Sings the Select Sammy Cahn,SearchCreativeWork
What is the nearest cinema playing The Hour of Temptation,SearchScreeningEvent
Get me reservations for an indoor Honduras restaurant .,BookRestaurant
Please play some Bill Evans music.,PlayMusic
Please book me a reservation this year for a restaurant within the same area of my office,BookRestaurant
put a rating of 0 out of 6 to this chronicle,RateBook
Play my Futuros Hits playlist on Spotify .,PlayMusic
will it get warmer in Centenary around the Evening ?,GetWeather
I want to see the television show The Muppet Christmas Carol,SearchCreativeWork
"Will there be a depression at three am in Topinabee , Idaho",GetWeather
I want a table for 4 at any kind of goiano bar,BookRestaurant
I would give Superman Doomsday & Beyond four stars and a best rating of 6,RateBook
Play a Mike Osborne song,PlayMusic
Book a restaurant with parking facility for 3 .,BookRestaurant
book a spot for 2 at a brasserie that has hot dog in WA at twelve AM,BookRestaurant
Give this chronicle 4 stars .,RateBook
Where can I buy the Something Borrowed saga ?,SearchCreativeWork
play Jeff Pilson on Youtube,PlayMusic
add paula abdul to Classic Acoustic playlist,AddToPlaylist
I'd like to watch All on the Red at 9 o'clock,SearchScreeningEvent
Play Rain by Subliminal on Groove Shark,PlayMusic
rate The Tom Thomson Mystery 1 stars,RateBook
Play a Paolo Gregoletto song,PlayMusic
Play Remains of the Day,SearchCreativeWork
weather forecast of Lakebay,GetWeather
Find the schedule for movies at the Megaplex Theatres .,SearchScreeningEvent
add songs in 90's hip hop of artist,AddToPlaylist
Is The Big Job playing at the nearest cinema ?,SearchScreeningEvent
play Latin Dinner,PlayMusic
I need a table for 4 at The Brass Rail .,BookRestaurant
Please play Casino Boogie,PlayMusic
Please get seating at Bouchon in Tonga for jimmie and chasity howard,BookRestaurant
what is the weather in Forêt nationale Davy Crockett today,GetWeather
Add this album to my spotify orchestra cello playlist,AddToPlaylist
"Book a reservation for The Training Table on Mar. thirteenth, 2026",BookRestaurant
book a spot for six at a restaurant in NJ,BookRestaurant
Play Crossroad Blues .,PlayMusic
Find movie times for movies in the neighbourhood .,SearchScreeningEvent
Is it supposed to snow in NV,GetWeather
Add Bone Crusher to the chill out playlist,AddToPlaylist
play a soundtrack by Sarah Geronimo on google music,PlayMusic
List films in the neighborhood .,SearchScreeningEvent
Can I see the show Heroes of Might & Magic 4 ?,SearchCreativeWork
Book a bakery with smoking room for nine in Niger .,BookRestaurant
Rate this novel four stars,RateBook
Need a table at a fast food restaurant for me and my kids in Brusly Landing,BookRestaurant
I want to add Anna Semenovich to the dinner with friends playlist,AddToPlaylist
What movies are showing at the Showcase Cinemas,SearchScreeningEvent
stick Fonseca in the Songs to Sing in the Car playlist,AddToPlaylist
Find the Endangered Species song,SearchCreativeWork
"Will it be windy in Mission Bay , AK today",GetWeather
rate American Tabloid a 0,RateBook
rate the book series Sons of Destiny a five,RateBook
show me the movie schedule for the Cooper Foundation,SearchScreeningEvent
"I need a table for ten on april the eighteenth, 2030",BookRestaurant
Add a track to my girls' night playlist.,AddToPlaylist
Find a television show called Structured Fax File .,SearchCreativeWork
I am rating this book named The Infinite Man 5 stars,RateBook
Find the book Cold Comfort,SearchCreativeWork
give two out of 6 points to current textbook,RateBook
table for eight at The Berghoff in Sistersville in Jul.,BookRestaurant
I need a reservation for a coffeehouse with nine people within the same area as Midland Park,BookRestaurant
Book a table for 2 at the Seward Community Cafe within the same area in Shabbona,BookRestaurant
Will it be cloudy in Tatamy ?,GetWeather
Play a top five Jonny Buckland symphony from around 1989,PlayMusic
Find the schedule for movies at the nearest cinema .,SearchScreeningEvent
I'm looking for a novel called The Adventures of Lolo II,SearchCreativeWork
find a movie called Emerald City,SearchCreativeWork
Find me showtimes for animated movies in the neighbourhood .,SearchScreeningEvent
Play twenties on Groove Shark,PlayMusic
Weather for six am in SC,GetWeather
Find TV series of Noroi - The Curse,SearchCreativeWork
I want to watch TV series The Practical Pig,SearchCreativeWork
Play Red Barchetta by Blind Lemon Jefferson .,PlayMusic
Add this tune to my Bedroom Jams playlist,AddToPlaylist
find The Flying Scotsman,SearchCreativeWork
I need reservations in ND in the city of Briarwood for me and my colleagues .,BookRestaurant
show book of Pokémon The Mastermind of Mirage Pokémon,SearchCreativeWork
rate The Republic of Thieves chronicle three out of 6 points,RateBook
I'd like to rate the book White Dawns at zero of 6 stars .,RateBook
Add the album to my Wild Country playlist.,AddToPlaylist
Rate my current essay zero out of 6,RateBook
Play me a twenties song,PlayMusic
I am rating this book under the series section a three out of 6 stars,RateBook
book for two in Jordan that is close,BookRestaurant
I need a reservation for a pizzeria nearby Vigus,BookRestaurant
I need a photograph of Days of Wine and Roses and Other TV Requests,SearchCreativeWork
Find the schedule for for films at Star Theatres .,SearchScreeningEvent
Add Bronislau Kaper to the drive playlist.,AddToPlaylist
Book me a table for 4 in a restaurant in United Kingdom .,BookRestaurant
Can I get the showings for Mysterious Crossing ?,SearchScreeningEvent
play music by Christian Bautista,PlayMusic
Give Hornblower in the West Indies 0 / 6 points,RateBook
Find me Nights in Harlem,SearchCreativeWork
show me a picture of Nokia Football Crazy,SearchCreativeWork
I want to watch The Original Recordings,SearchCreativeWork
Find the movie schedule .,SearchScreeningEvent
Rate They Came from the Sea 1 of 6 points,RateBook
Is The Belles of St. Clements playing at Star Theatres in 8 minutes ?,SearchScreeningEvent
What movies are going to be screened at Caribbean Cinemas at fourteen o'clock ?,SearchScreeningEvent
play a 2006 chant,PlayMusic
Play some eighties movement music,PlayMusic
Please open pandora for me,PlayMusic
add the artist gougoush to the Soul Revived playlist,AddToPlaylist
help me find the work Graphics Animation System for Professionals,SearchCreativeWork
I would give The Lady of the Rivers 0 stars,RateBook
What's the forecast for Gamaliel,GetWeather
What will the weather be 1 minute from now in Garrochales,GetWeather
How can I watch the television show Tinker Bell and the Legend of the NeverBeast ?,SearchCreativeWork
show me movie schedules,SearchScreeningEvent
Play Ciribiribin by Sandeep Khare,PlayMusic
Help me find the saga titled The Eternal Return,SearchCreativeWork
Find a table somewhere for me and my step mother in Graniteville DE,BookRestaurant
Show me a movie theatre where Screamplay is playing,SearchScreeningEvent
I wish to listen to eighties music by Mike Dean .,PlayMusic
I'm looking to book a reservation in Aruba at a place nearby .,BookRestaurant
What movies are playing at Cobb Theatres,SearchScreeningEvent
I would like to book a food truck with mughlai cuisine in Somalia,BookRestaurant
Play playlist riveting,PlayMusic
Find films available at Cooper Foundation,SearchScreeningEvent
What is the forecast for Farmerville in Cape Verde,GetWeather
Play track Cabbage by Keiji Haino,PlayMusic
Play some steve boyett chant music,PlayMusic
rate The Prince of Providence 2 points,RateBook
What's the weather in Guatemala,GetWeather
I need to book a top-rated steakhouse this Autumn for 1 around Azerbaijan,BookRestaurant
When can I watch Alice A True Story at AMC Theatres ?,SearchScreeningEvent
Play the best Vanessa Peters songs,PlayMusic
give The God Machine two of 6 points,RateBook
Book a reservation for a bistro,BookRestaurant
I want a table for 9 at the taverna pub,BookRestaurant
Play The Way It Has To Be by Tom G Warrior on Zvooq,PlayMusic
Add od mene se odvikavaj to my laundry,AddToPlaylist
I'd like to find the book called The Years,SearchCreativeWork
The Voyage of the Dawn Treader deserves 5 points .,RateBook
Can you play me songs from the Estado de ánimo playlist?,PlayMusic
What time is the closet cinema playing movies the closest,SearchScreeningEvent
Is there a blizzard coming tomorrow in Methuen Uganda,GetWeather
"My party of 3 would really like to eat baba au rhum at a brasserie , could you help?",BookRestaurant
Play top-50 Peter Frampton songs,PlayMusic
Rate The Longest Day with zero stars out of 6 .,RateBook
Play some fun-punk,PlayMusic
I want reservations at a restaurant in Robert Lee for 210517 .,BookRestaurant
play the top-twenty tune by Masaharu Fukuyama on Slacker,PlayMusic
what time is The Rocketeer showing,SearchScreeningEvent
table for 4 in Sparks,BookRestaurant
I want to watch the movie Maxime,SearchCreativeWork
Add died to the todo latino playlist,AddToPlaylist
I need a painting called Brubeck Plays Brubeck,SearchCreativeWork
Book an outdoor restaurant in MD at 11 pm for 8 .,BookRestaurant
what day does the movie Star of the Circus play at ten PM,SearchScreeningEvent
Will it be warmer at sunrise in Jeffrey City ?,GetWeather
I would like to rate the book The Three Impostors 2 to 6 stars .,RateBook
Play paul ortiz music from 1990,PlayMusic
"Book reservations at a restaurant in NE for 4 people on apr. 2, 2021",BookRestaurant
What time is Mighty Morphin Power Rangers The Movie at Magic Johnson Theatres ?,SearchScreeningEvent
Make reservations for me at a taverna in Hong Kong,BookRestaurant
book me a restaurant in Freshwater Bay for ava and I in Alaska,BookRestaurant
Book a reservation for Thomas Hynes House on jan. the third in Netherlands,BookRestaurant
Show Saison 5 de Game of Thrones,SearchCreativeWork
Please tell me the movie schedules ?,SearchScreeningEvent
Find Le Profil Amina TV series,SearchCreativeWork
add Paul Franklin to my The Bachelor Party,AddToPlaylist
Find The International Journal of Robotics Research soundtrack,SearchCreativeWork
I would like to book a bistro for 7,BookRestaurant
Rate Hocus Bogus a 4 .,RateBook
Rate Nothing Lasts Forever a value of 3,RateBook
Find the trailer for Bill Cosby Presents the Cosnarati State of Emergency,SearchCreativeWork
I want to hear a Joel Hastings melody .,PlayMusic
add joshua radin to my playlist called Futuros Hits,AddToPlaylist
Will it snow this week in Parc national de Petrified Forest ?,GetWeather
Where to get painting of Channel 4 News,SearchCreativeWork
Play music by Country Dick Montana .,PlayMusic
I need to book a pub for 8 that has wifi,BookRestaurant
rate the current album 2 out of 6,RateBook
Will it be warmer in 20 minutes at Natural Park of Las Batuecas,GetWeather
Find me a showing of The Vanquished that starts nine hours and 1 second from now .,SearchScreeningEvent
find The Good Girl at a movie house,SearchScreeningEvent
find movies in the neighbourhood with movie times,SearchScreeningEvent
my father in law and I would like to go to a highly rated bar,BookRestaurant
I want to hear a good album from Toni Cottura .,PlayMusic
What's the weather forrecast here in five seconds ?,GetWeather
find a Loews Cineplex with films,SearchScreeningEvent
Which animated movies are playing in the neighbourhood ?,SearchScreeningEvent
add party with friends by Constructs of the State to juliana's playlist,AddToPlaylist
play Print the Legend soundtrack,SearchCreativeWork
Rate The Lie Tree five,RateBook
"Tell me if it'll be snowy in Coastal Landscape Park on october 2, 2027",GetWeather
Play music on Netflix .,PlayMusic
Open Last Fm and play the top song from Daniel Lee Chee Hun,PlayMusic
Play some good music from 2012 .,PlayMusic
Play me an ep from 2005 .,PlayMusic
Play some music on Pandora,PlayMusic
"Book a table for kirsten price, audra and I faraway from our location at an outdoor taverna",BookRestaurant
Show me the movie times,SearchScreeningEvent
A rating of four out of 6 goes to Memory in Death,RateBook
Find the movie schedule at Malco Theatres .,SearchScreeningEvent
What are the movie times for films playing in the area ?,SearchScreeningEvent
add Joplin in Concert to my feel good dinner,AddToPlaylist
Give this series 3 stars,RateBook
Please make reservations for me and my roommate somewhere in Bouvet Island,BookRestaurant
Play Punk Rock music,PlayMusic
Give me the weather forecast for Zambia,GetWeather
Find The International Journal of Robotics Research soundtrack,SearchCreativeWork
Find The Madwoman in the Attic .,SearchCreativeWork
Add this song to my roadrunner rec new releases list.,AddToPlaylist
Play some Techno,PlayMusic
Play chant music by pappu venugopala rao on Slacker .,PlayMusic
I would give the All That Fresh out the Box saga a rating of 2 points,RateBook
Rate the current album a four,RateBook
I need a bakery that serves beef manhattan at midnight for nine,BookRestaurant
Where can I see the trailer for Phineas Redux ?,SearchCreativeWork
Show movie schedule at Amco Entertainment,SearchScreeningEvent
Add shawn camp to my soulful disco playlist.,AddToPlaylist
add artist to Novedades Pop,AddToPlaylist
book me a reservation at a pub restaurant that serves meatball in Stehekin for 2 people on 1/1/2018,BookRestaurant
find a TV show called Ruthless,SearchCreativeWork
What's the weather here at 2 PM.,GetWeather
want to add this Nick Mason tune to the Sylvia Plath playlist,AddToPlaylist
What is Party All Night,SearchCreativeWork
I want to add Broken Hearted Melody to the playlist Post Garage Wave Revival,AddToPlaylist
Play music on Last Fm,PlayMusic
Add the singer Barbara to my COUNTRY RADIO playlists,AddToPlaylist
find the closest films at a movie house,SearchScreeningEvent
Play a melody by avery storm .,PlayMusic
Will it storm in Kinder Russia,GetWeather
This current book should get four stars or a rating of 6,RateBook
Search for the saga of Return of the Bastards .,SearchCreativeWork
add song to This Is Philip Glass,AddToPlaylist
when can i see Dinosaur from the Deep,SearchScreeningEvent
Reserve me a table for 10 at a MT cafe for breakfast .,BookRestaurant
Play some music by Mutlu,PlayMusic
Tell me the weather forecast for Mokena,GetWeather
find a movie theatre with Rogues and Romance that is nearest,SearchScreeningEvent
Listen to Power Gaming playlist,PlayMusic
Add rev-raptor to 90s Indie,AddToPlaylist
Play Nightbirds on Nantucket soundtrack,SearchCreativeWork
will it be hotter Netherlands Antilles Flats on april the 27th,GetWeather
Are there any animated movies playing in the neighborhood ?,SearchScreeningEvent
Reserve a table at a restaurant with wifi in France,BookRestaurant
Please rate The Lightning of August five points .,RateBook
Rate the current novel four of 6 stars,RateBook
Add Falling Stars to my Intense Studying,AddToPlaylist
add this tune by harry connick jr to my jazz brasileiro playlist,AddToPlaylist
could you please show me movie schedules,SearchScreeningEvent
Showtimes for animated movies in Malco Theatres ?,SearchScreeningEvent
Play a song off The Best Of Siouxsie & The Banshees by Faustino Oramas,PlayMusic
Book a reservation for 2 at Fashion Cafe in Diwali,BookRestaurant
Add some fujimoto yae to my Women of Rock list,AddToPlaylist
Add The Blurred Crusade to crate diggers anonymous,AddToPlaylist
restaurant scandinavian in Grenada,BookRestaurant
What films are showing in the neighbourhood ?,SearchScreeningEvent
Book a restaurant this year for party of 2,BookRestaurant
I'd like to hear the last song fro Willa Ford .,PlayMusic
Book the Great House at Sonning distant from Gun Hill Rd .,BookRestaurant
Add Vyechnyy strannik to lo que suena new york,AddToPlaylist
at 0 AM what will the weather be here,GetWeather
rate the chronicle Ten from Tomorrow a 2,RateBook
The Coming Insurrection should get a rating of 1,RateBook
I need a table at a tavern that has bougatsa,BookRestaurant
Is Amco Entertainment showing Cień Caseya today?,SearchScreeningEvent
Play some Mark Tremonti from the thirties .,PlayMusic
what is the storm forecast for now in Jordan,GetWeather
I want to add Hind Etin to my La Mejor Música Dance 2017 playlist,AddToPlaylist
Add the lady bunny album to décadas,AddToPlaylist
What is the nearest cinema playing Romance of the Limberlost,SearchScreeningEvent
I want to take my bf and I to get some pain perdu from a food truck,BookRestaurant
Add alexia to women of classical,AddToPlaylist
Find the Sarah the Teen Princess game,SearchCreativeWork
Play me Sun Ra songs from the fifties,PlayMusic
Play thirties music by Flex on Google Music,PlayMusic
Find Z Cars .,SearchCreativeWork
Give me the movie times at Goodrich Quality Theaters .,SearchScreeningEvent
put coming back to life onto winter music,AddToPlaylist
play a tune from 2000 by Bronislau Kaper,PlayMusic
add Give Us Rest to my Very Nearly Nashville playlist,AddToPlaylist
Need table for two in Pleasant City,BookRestaurant
book a restaurant for seven,BookRestaurant
"add already over, pt 2 to Hip Hop 2017 New School",AddToPlaylist
I want to eat at the Trout Creek restaurant for 9 people for bougatsa that is the best,BookRestaurant
add this album by Karl Davydov to reyna's This Is Luis Fonsi playlist,AddToPlaylist
I want to hear something from the nineties by Alissa Musto on Groove Shark,PlayMusic
put a xiang xiang track onto women of the blues,AddToPlaylist
Can you add something by the artist Paul Cargnello to my Chill Tracks playlist,AddToPlaylist
What's the weather forecast for the area neighboring KS this autumn ?,GetWeather
Find The 180 .,SearchCreativeWork
Is it due to rain in MH ?,GetWeather
Rate this chronicle one of 6 points,RateBook
Show me the movie schedule for nearby movies .,SearchScreeningEvent
On April 2nd what will the weather be here,GetWeather
What animated movies are playing in thirteen hours at the closest movie theatre,SearchScreeningEvent
add a shot at glory to calm before the storm,AddToPlaylist
Add Tarkan to my madrugando playlist,AddToPlaylist
Book a restaurant with pool facility at East Gillespie,BookRestaurant
Play music from Youtube .,PlayMusic
Give Highways in Hiding a 5 out of 6 points .,RateBook
What will the weather be like May the 10th in Rocky Boy WI,GetWeather
Show me movie times,SearchScreeningEvent
play Spotify,PlayMusic
I want to book a restaurant for four people in Eminence .,BookRestaurant
Book a reservation for seven people at a bakery in Osage City,BookRestaurant
Play music from 2016 .,PlayMusic
Find me Royal Astronomy,SearchCreativeWork
rate this current novel a 3,RateBook
Is it hot in FL,GetWeather
Play Magic Sam from the thirties,PlayMusic
Find the schedule for films at night at Great Escape Theatres .,SearchScreeningEvent
"book a bakery for lebanese on january 11th, 2032",BookRestaurant
Rate this essay four out of 6,RateBook
Play a fifties album on Itunes .,PlayMusic
book a Ukraine pub serves mineiro,BookRestaurant
Show the Minutes to Midnight photograph,SearchCreativeWork
what movie theatre is showing Titanic The Legend Goes On,SearchScreeningEvent
Add Theater to my New Metal Tracks playlist,AddToPlaylist
Showtimes for animated movies in the area .,SearchScreeningEvent
What is the weather like in the city of Frewen in the country of Venezuela,GetWeather
Add another tune to kristine's laundry playlist.,AddToPlaylist
Add the singer Damon Johnson album to my African Heat playlists,AddToPlaylist
add this tune by Jim White to my playlist Rumba y más,AddToPlaylist
I'd like to watch Take This Waltz,SearchScreeningEvent
rate the book Strumpet City zero for 6,RateBook
is Las aventuras de Zachary Beaver at Harkins Theatres,SearchScreeningEvent
Please search for the Live in San Juan Capistrano picture .,SearchCreativeWork
What animated movies are playing at the closest movie theatre,SearchScreeningEvent
Play the most popular soundtrack by Elena Paparizou on youtube,PlayMusic
Play a theme from Walerij Leontjew,PlayMusic
add repent replenish repeat to Classical Moments in Movies,AddToPlaylist
What is the forecasted humidity in Ghana for Epiphany,GetWeather
Search for the Abel Sánchez The History of a Passion novel,SearchCreativeWork
Search for The Nations,SearchCreativeWork
What is the weather in the Falkland Islands,GetWeather
When is You Walk So Softly playing at Kerasotes Theatres,SearchScreeningEvent
put playa fly onto my 2010 Decade playlist,AddToPlaylist
What is the weather forecast for my current position,GetWeather
Where is Project A Part II playing?,SearchScreeningEvent
Will it be warm at Tembe Elephant Park on san jacinto day,GetWeather
Book a restaurant within the same area of Earls Court for lucille and marina .,BookRestaurant
whats the weather in GA,GetWeather
add tune to NUSIC,AddToPlaylist
The Private Patient gets a rating of 5,RateBook
Book reservations at a tea house in Lodi with my granddaughter and I,BookRestaurant
Add josephine wiggs to my kickass metal playlist.,AddToPlaylist
play some rap on Pandora,PlayMusic
Is Redacted playing at the closest cinema ?,SearchScreeningEvent
Find me the show The Skull .,SearchCreativeWork
Look up the This Is Halloween trailer,SearchCreativeWork
help me find the work Unite and Win,SearchCreativeWork
I need to book a pub in Cammack Village Wyoming for a party of seven,BookRestaurant
What time is Stranger in Town playing at the nearest cinema ?,SearchScreeningEvent
What cinema is The Railway Children,SearchScreeningEvent
Where can I find The Brave Little Toaster To The Rescue book ?,SearchCreativeWork
Can I get the movie schedules in the neighbourhood for the newest films,SearchScreeningEvent
John Ross House restaurant in town and close-by,BookRestaurant
show me the schedule of movie Warning from Space closest to movie house,SearchScreeningEvent
Add la jaula de oro to my Evening Commute playlist,AddToPlaylist
Find a TV series called Live Hearts .,SearchCreativeWork
Book a table at a bar in Argentina .,BookRestaurant
rate the chronicle following a 4,RateBook
I need a restaurant that can seat 3 in Cochran that has wifi .,BookRestaurant
book a stuffed ham serving pizzeria in Independence Corner,BookRestaurant
Search for Police Women of Cincinnati,SearchCreativeWork
What is the weather forecast for Strong City,GetWeather
is The Singing Nun at Regal Entertainment Group,SearchScreeningEvent
I give this series a value of one and a best rating of 6,RateBook
Rate my current novel one stars,RateBook
Make me a reservation in Cedarburg at 0 pm,BookRestaurant
Add cordell mosson to my i love my neo soul list,AddToPlaylist
Rate this album 0 points,RateBook
find Three in the Attic,SearchScreeningEvent
Will it in hail in my current position on 12/10/2035 ?,GetWeather
What will the weather be in Croatia ?,GetWeather
is hail in the weather forecast for Monterey Bay National Marine Sanctuary,GetWeather
show movie times,SearchScreeningEvent
will it be chilly in Cistern,GetWeather
Add this artist to my Classic Punk playlist,AddToPlaylist
Add Welcome to the Cruel World to my Reggae Classics,AddToPlaylist
Book a table at a bar in Cambodia that serves cheese fries .,BookRestaurant
"find Wish You Were Here , a movie",SearchCreativeWork
"I need to book a table at Bridge Round House in South Dakota for me, emily and gena",BookRestaurant
"Need a table for rita, antoinette and I",BookRestaurant
I would rate this textbook 5 points and a rating value of 6,RateBook
Find the Rewind the Film TV show,SearchCreativeWork
I want to play the video game ESPN Major League Soccer,SearchCreativeWork
will there be s snowstorm at my current location this week,GetWeather
Add this ruth crawford seeger song to my playlist called The Soundtrack 007,AddToPlaylist
What will the weather be in Kokhanok,GetWeather
"Check the forecast for Hulmeville , WV .",GetWeather
I feel that The Loveday Trials is rated at a one out of 6 points .,RateBook
movie schedules of movies in the neighbourhood at zero am,SearchScreeningEvent
What's the weather forecast for here ?,GetWeather
Find an Oasis Drive-In close-by Beach 105th St .,BookRestaurant
book a table for 3 far from Tullytown at a coffeehouse with a smoking room,BookRestaurant
play Groove Shark,PlayMusic
Give my current book 4 stars .,RateBook
Give The Pirates of Manhattan a 1,RateBook
Is A Charming Man playing at lunch time?,SearchScreeningEvent
rate The Cry of the Owl a four,RateBook
Play Someday Soon by fiona,PlayMusic
add richard sohl to dinner for 2,AddToPlaylist
where is Puthri playing,SearchScreeningEvent
what time is The Bodyguard at Malco Theatres playing,SearchScreeningEvent
Will it be hot two seconds from now in neighboring West Clear Creek Wilderness,GetWeather
Play my New Indie Mix on Google Music .,PlayMusic
Play a chant from the fifties,PlayMusic
what animated movies are showing in the neighborhood,SearchScreeningEvent
find animated movies at Amco Entertainment,SearchScreeningEvent
What cinema is showing Ice Station Zebra at 0725 P.M. ?,SearchScreeningEvent
Find me the movie times for the Alamo Drafthouse Cinema,SearchScreeningEvent
Show me the picture The afternoon,SearchCreativeWork
Tell me when it'll be cloudy in Woodport,GetWeather
add this Jane Olivor track to my The Sleep Machine Waterscapes,AddToPlaylist
Find a reservation at a brasserie restaurant nearby SC for a party of ten,BookRestaurant
Show me Firepower,SearchCreativeWork
I'd like to watch Abbott and Costello Meet the Keystone Kops at Amco Entertainment at 040811 AM,SearchScreeningEvent
Show me the schedule for ArcLight Hollywood for animated movies,SearchScreeningEvent
where can I watch Mabel’s Dramatic Career at twenty two o'clock,SearchScreeningEvent
I want tables for 6 at a kosher steakhouse around Kosovo,BookRestaurant
Book a gastropub in Rose Creek for elevenses .,BookRestaurant
Play Rap Album One by Gene Vincent .,PlayMusic
Give this album three / 6 points,RateBook
Give this series three points out of 6 .,RateBook
add monsters this is prince playlist,AddToPlaylist
List movie times at Cinemark Theatres,SearchScreeningEvent
Book a reservation for four at the best brasserie in Venezuela,BookRestaurant
Show me the movie schedules for movies playing around here today.,SearchScreeningEvent
"Will there be a snowstorm this weekend in Bear River , Arizona",GetWeather
I would like reservations for Cliff House in seven months for six people.,BookRestaurant
Play new music from Liang Wern Fook,PlayMusic
The current series only deserves two out of 6 .,RateBook
rate the book The Ninth Avatar 3 out of 6 stars,RateBook
Find the movie times for Caribbean Cinemas .,SearchScreeningEvent
Add Hound Dog Taylor to the miami 2017 guest list playlist.,AddToPlaylist
For this current textbook I give 4 stars,RateBook
What movies are scheduled at Plitt Theatres ?,SearchScreeningEvent
find the song Occasional Wife,SearchCreativeWork
Will it get overcast in La Dolores ?,GetWeather
what movie house is the closest playing animated movies,SearchScreeningEvent
Find the schedule for Chronicle of My Mother at the nearest cinema in 1 minute and 8 seconds .,SearchScreeningEvent
Play Acid Punk music.,PlayMusic
Rate Rajinikanth The Definitive Biography one out of 6 stars,RateBook
show creativity of Night of the Hunter,SearchCreativeWork
add Brian May to my Reggae Infusions list,AddToPlaylist
add let the season in to my lo-fi love,AddToPlaylist
play top-twenty song from 2015,PlayMusic
rate this chronicle two points,RateBook
I need to go to a restaurant a safe distant from the United States,BookRestaurant
play Phil Spalding soundtrack from the seventies,PlayMusic
I want to book an indonesian food truck .,BookRestaurant
rate the following series five points,RateBook
What time will Where the Breakers Roar be playing?,SearchScreeningEvent
in Google Music play the top singles released in 1972,PlayMusic
What's the weather forecast for here in august ?,GetWeather
Can you add a track by David Wolfenberger to janell's all funked up playlist,AddToPlaylist
can we expect cold and freezing conditions in Glacier-Nationalpark,GetWeather
book Red Crown Tourist Court now for ten not far from Tin City,BookRestaurant
When can I see Salaam-e-Ishq A Tribute To Love at B&B Theatres ?,SearchScreeningEvent
Show me movie schedule,SearchScreeningEvent
Start playing my Disney playlist.,PlayMusic
The current series deserves three stars .,RateBook
Add to my verano list a song by andy lee,AddToPlaylist
Add 2120 south michigan avenue to my laundry playlist,AddToPlaylist
What movie times are around here playing animated movies,SearchScreeningEvent
the following essay is worth four out 6,RateBook
What will the weather be in Umatilla Malta ?,GetWeather
book a spot at Bobcat Bite in Needmore for ten am,BookRestaurant
"What's the forecast for Francisco , Netherlands Antilles around eleven pm ?",GetWeather
Can I hear the song American High .,SearchCreativeWork
add count von cosels obsession to Jazzy Romance,AddToPlaylist
Find the movie times for nearby films .,SearchScreeningEvent
What's the weather in Paris ?,GetWeather
Search for the television show called Educational Psychologist,SearchCreativeWork
Add song to instrumental study,AddToPlaylist
What's the weather close to Cambodia at 054413,GetWeather
Rate 5 out of 6 stars to this album,RateBook
play Techno music,PlayMusic
book a spot at a pub that has trottole for their meal,BookRestaurant
Put sita on bettie's global funk playlist,AddToPlaylist
"I'd like to watch episodes from the TV series , The Secret of Queen Anne or Musketeers Thirty Years After .",SearchCreativeWork
Find me the book called Suffer,SearchCreativeWork
play Slacker tunes,PlayMusic
I need a table for a party of 2 at Co-operative Block Building in Old Glory,BookRestaurant
Can you find the show The Dumping Ground Survival Files,SearchCreativeWork
Play me a Cinder Block movement,PlayMusic
Please get me the AiON show .,SearchCreativeWork
Add 100% te ljubam to the Hit Remix playlist,AddToPlaylist
Find the movie schedule for movies close by .,SearchScreeningEvent
I'd like a table for five at any restaurant,BookRestaurant
Is it going to be rainy here one second from now,GetWeather
Add singing in the trees to rena's Lo mejor de Radio 3 playlist.,AddToPlaylist
Book me a table at the highly rated cafeteria in Federated States Of Micronesia,BookRestaurant
Give the current novel four points .,RateBook
show creative photograph of Icewind Dale Heart of Winter,SearchCreativeWork
what is the NH forecast for Mexican Hat,GetWeather
in two hundred forty eight days what will MP weather be like,GetWeather
I give The English Spy a rating of 1 and a best rating of 6,RateBook
What is the nearest cinema playing The Oak,SearchScreeningEvent
book for my girlfriend and I for truffade at a gastropub in West Virginia,BookRestaurant
What time are films showing in the neighborhood,SearchScreeningEvent
Please get seating for me and my children,BookRestaurant
"I need a table at a restaurant serving carne pizzaiola for tamra davis, viola and dorothea",BookRestaurant
Find a table at a bar for milagros and I in Mount Pocono,BookRestaurant
Is it supposed to hail in NY,GetWeather
at ten am what will the weather be like nearby in Cyprus,GetWeather
Add a gackt camui track to the White Noise playlist.,AddToPlaylist
Make me a reservation somewhere near here for me and my step brother by adeline's apartment,BookRestaurant
play valerij kipelov on Vimeo,PlayMusic
Is it going to get any hotter in Kerrick ?,GetWeather
What will the humidity be in Varnado Georgia at one am,GetWeather
In Portales Gambia what is the humidity this morning,GetWeather
Can you add something by Gregori Chad Petree to the playlist digster soul classics,AddToPlaylist
"book Tun Tavern for shawna davis, michelle and lizzie in Vermont",BookRestaurant
Rate the current essay four out of 6 .,RateBook
Play 1958 music,PlayMusic
Add Madman to Trap Land playlist,AddToPlaylist
Play music from Lastfm,PlayMusic
Find THUNDER IN THE EAST .,SearchCreativeWork
show me movie times,SearchScreeningEvent
What's the forecast for Castolon in French Southern Territories around seven PM ?,GetWeather
i want to watch Mister Cool,SearchScreeningEvent
Can  book a pizzeria that will serve a cupcake ?,BookRestaurant
rate The Sunrise Lands a zero,RateBook
play an album on Netflix by chris castle from 2011,PlayMusic
"The book Choper, Coffee, Gilson should get a zero",RateBook
What's the weather forecast for Sidnaw at 20 o'clock ?,GetWeather
Add Happy Holidays to my playlist called it's ok to like jazz,AddToPlaylist
Give the current novel a one out of 6 rating.,RateBook
give zero out of 6 points to Mr American,RateBook
Book me a restaurant in Henlopen Acres for a party of two .,BookRestaurant
I want to hear Box Of Rain by Skeets Mcdonald,PlayMusic
I'd like to eat at a top-rated restaurant in Turks and Caicos Islands,BookRestaurant
Find the book Bad Day on the Block,SearchCreativeWork
Weather for my current location tomorrow,GetWeather
give three out of 6 points to this textbook,RateBook
Play me a song by Kevin Cadogan,PlayMusic
Rate The Bishop a 1,RateBook
I give the chronicle Atop an Underwood Early Stories and Other Writings a rating value of 3 and a best rating of 6,RateBook
find Word of Mouth for me,SearchCreativeWork
Find a song called Magic in the Water .,SearchCreativeWork
"I'd like a table for natasha, bettye and kimberley at a coffeehouse with a smoking room",BookRestaurant
I am looking for a top-rated restaurant near bougatsa that can feed 3 that is close to Pelham Bay Park,BookRestaurant
when can i see We and Our Mountains,SearchScreeningEvent
Play Noctámbulo playlist,PlayMusic
I want to book a churrascaria restaurant for ten people.,BookRestaurant
I give this textbook a four,RateBook
"give 5 out of 6 points to Absolutely, Positively Not series",RateBook
find and book a restaurant that serves dumplings,BookRestaurant
"What's the weather forecast for North Wolcott , Alabama on october 12, 2032 ?",GetWeather
Give the current part of the saga 4 points out of 6 .,RateBook
I'd like to see the trailer for History and Theory,SearchCreativeWork
find close by films with a movie schedule,SearchScreeningEvent
What is the price for the album Praise the Lord and Pass the Ammunition ?,SearchCreativeWork
find Set the Thames on Fire for seventeen,SearchScreeningEvent
Play music from 2015,PlayMusic
I want to see the movie schedule for North American Cinemas,SearchScreeningEvent
"rate Goodbye, Mr. Chips one stars",RateBook
I need a reservation for ten at a tavern in West Virginia,BookRestaurant
Can i get the showtimes for films at Dickinson Theatres ?,SearchScreeningEvent
Please give me information on when Prisoner of Zenda will be shown.,SearchScreeningEvent
I'd like to watch In High Places,SearchScreeningEvent
add Run Rudolph Run to my rockin' playlist,AddToPlaylist
book a brasserie with a pool within the same area as my neighborhood for 5 people at 1926,BookRestaurant
What is the forecast this month in Kosovo,GetWeather
Play the playlist spring,PlayMusic
listen to ballad songs from the twenties,PlayMusic
Put Lullaby of Birdland onto fusion fest .,AddToPlaylist
"What will the weather be within the same area in Minnesota on June 27th, 2023 ?",GetWeather
Rate the current album a five out of 6,RateBook
Diana in Search of Herself is average and gets a 3 out of 6 points,RateBook
give Begums Thugs and White Mughals four points,RateBook
Where is the nearest cinema playing Compound Fracture,SearchScreeningEvent
Will there be snowfall in Kitlope Heritage Conservancy,GetWeather
Play some tango .,PlayMusic
I want to find a book called Cash-Cash,SearchCreativeWork
I need to book a restaurant for eight nearby Limerick one year from now that serves jerky,BookRestaurant
"I'd like to eat at a top-rated place on nov. the twenty-sixth in the food court , I need reservations for 7 in the city of Kane or somewhere near there.",BookRestaurant
Add riddim driven engine 54 & humanity letha's All Things Post,AddToPlaylist
I want to hear something off Fist For Fight by Rushton Moreve on Youtube,PlayMusic
I need the weather in ND in three hundred fifty one days,GetWeather
I want to World of Warcraft Tides of Darkness,SearchCreativeWork
What's the weather in Oregon,GetWeather
will it be stormy in Charleston,GetWeather
this chronicle rates a one for First Contact ?,RateBook
Is The Tender Years at the nearest movie theatre,SearchScreeningEvent
Play a top fifty track from the twenties,PlayMusic
Find Spirit of the Bush .,SearchCreativeWork
rate the current chronicle series 3 out of 6 points,RateBook
forecast for Hardinsburg 20 seconds from now,GetWeather
Add Jermaine Fagan to spring music,AddToPlaylist
Put another artist in my Opera 100 Spotify Picks playlist.,AddToPlaylist
"Book a reservation for one at an italian taverna for two PM in Hutchings , North Dakota",BookRestaurant
I would like a cafeteria at 104151 am for seven,BookRestaurant
Rate Seeing the Big Picture a zero out of 6 points,RateBook
add Devil Pray to my party list,AddToPlaylist
I am giving this current book under the series section one stars,RateBook
Add an album to the Días de Frío playlist.,AddToPlaylist
book a irish serving brasserie in AZ,BookRestaurant
Book a restaurant this year in Pagosa Junction for a romanian stle cusine for a party of two,BookRestaurant
show creativity of The Force Behind the Power,SearchCreativeWork
I want to hear the Fear The Boom And Bust song from haruka shimotsuki off of Spotify,PlayMusic
Will it be cold in Chatmoss Albania 8 years and a half from now,GetWeather
forecast for Willits Christmas Island twenty three minutes from now,GetWeather
Rate The Empty Throne a 4,RateBook
make a reservation for 9 at a brasserie with parking,BookRestaurant
I'd like to see the picture The Collection – The Collector 2,SearchCreativeWork
Play breed the killers on Itunes,PlayMusic
Can I see the TV show The Closer I Get ?,SearchCreativeWork
Can you play the greatest songs by Mauro Picotto,PlayMusic
show creativity of the game Everything at Once,SearchCreativeWork
play Fey 's album Diamond Head on Zvooq,PlayMusic
I want to book a restaurant now in Ludlow for eight,BookRestaurant
Play me some music by Prince Alla from the twenties,PlayMusic
I need a table for nine in Atlas in 1 second,BookRestaurant
Open Itunes and play Bad Attitude,PlayMusic
book a table with wifi in Delaware at a restaurant in one minute,BookRestaurant
3 out of 6 for the last album,RateBook
I'd like to eat at a restaurant around China with a party of 7 anywhere that serves ouzeri,BookRestaurant
this is a 1 star textbook,RateBook
Book me a table at a top-rated tea house in Suriname,BookRestaurant
what is the current place forecast,GetWeather
Rate current book 0,RateBook
play eighties track,PlayMusic
play melody music from the thirties,PlayMusic
Play the music from the playlist Get Lit,PlayMusic
Will it be sunny in Occoquan Bay National Wildlife Refuge by tea time?,GetWeather
What are the movies scheduled to play at General Cinema Corporation,SearchScreeningEvent
give three out of 6 points in current essay,RateBook
four out of 6 stars for the previous essay,RateBook
Add something by Paul Whiteman to my sweet soul chillout playlist please,AddToPlaylist
book a cafeteria for 5 in Turkmenistan,BookRestaurant
Put nothing remains the same on my summer music playlist,AddToPlaylist
Book a restaurant in Palau for two people.,BookRestaurant
Will there be snowfall at six pm in Leisure Knoll California,GetWeather
Book a restaurant on June the fifth in Cavour .,GetWeather
I'm looking for a soundtrack titled Bowie at the Beeb,SearchCreativeWork
Can I get the showtimes for The Kitchen Toto at Cineplex Odeon Corporation .,SearchScreeningEvent
What's the weather now in Salmon Lake State Park,GetWeather
Play the good sort of 1992 theme music by Layzie Bone,PlayMusic
Find a reservation for three in Ansonia MI,BookRestaurant
what will the weather be in Port Costa FM will it be foggy,GetWeather
Give a 4 star rating to Fear and Loathing on the Campaign Trail ’72,RateBook
Show me a video game made by TMPGEnc .,SearchCreativeWork
Play Niko from the fourties,PlayMusic
find Dipson Theatres animated movies,SearchScreeningEvent
show TV show schedule of Offroad Legends,SearchCreativeWork
Play some caribou from the sixties,PlayMusic
I give Rogue Ship 5 out of 6 .,RateBook
Play some music from the thirties .,PlayMusic
Find the photograph The Remix please,SearchCreativeWork
Add Sci-Fi Crimes to the fresh folk playlist,AddToPlaylist
make a table reservation at the top-rated brasserie in Cotton Center,BookRestaurant
Can I hear a movement by rookantha gunathilake on the Vimeo service?,PlayMusic
What time is The Face in the Moonlight showing?,SearchScreeningEvent
I'd like to find the soundtrack Tianjin Today Evening News,SearchCreativeWork
add Intelligence and Sacrifice to Skatepark Punks,AddToPlaylist
play Tales from the Organ Trade,SearchCreativeWork
For my playlist Wild Country add a great day for freedom,AddToPlaylist
find the show The Demi-Gods and Semi-Devils,SearchCreativeWork
Let me listen to The Music Of Nature album by Paul Draper .,PlayMusic
I'd like to see Hannah Montana and Miley Cyrus Best of Both Worlds Concert,SearchCreativeWork
I need to book a table at The Star Inn that's within walking distance from my place in Ashland,BookRestaurant
ad this track by Isobel Campbell to my Folk for Kids list,AddToPlaylist
I want to book a pastelaria cafe in Alabama for me and my great grandfather .,BookRestaurant
Whens the next showing of The Game of Their Lives,SearchScreeningEvent
"book a table for June the thirteenth, 2033 in Saint Barthélemy for 6 at an indoor tea house",BookRestaurant
Book a bar with a pool in Mountain Iron .,BookRestaurant
"Please book a coffeehouse restaurant type room to accommodate gretchen, trisha and amber which serves pastelaria dish",BookRestaurant
rate this essay 5 of 6,RateBook
rate The Citadel 1 out of 6 points,RateBook
List movie schedule .,SearchScreeningEvent
play 1960 chant music by Hermann Baumann,PlayMusic
show the movie schedules in the neighborhood for animated movies,SearchScreeningEvent
play music on Netflix,PlayMusic
find the game Selling Blue Elephants,SearchCreativeWork
Book reservations at a north indian bar for 4 people,BookRestaurant
what is the forecast for Papua New Guinea for lunch for rainfall,GetWeather
find the movie Don’t Break the Heart That Loves You,SearchCreativeWork
I give this essay 0 of 6 stars,RateBook
Add Sheila to enamorándose,AddToPlaylist
I want to read the novel Pokémon the Movie Black—Victini and Reshiram and White—Victini and Zekrom .,SearchCreativeWork
Add this tune to my Indie Reflection Playlist,AddToPlaylist
Play a 2009 concerto on Deezer .,PlayMusic
Give me weather information for Porcupine Mountains,GetWeather
Looking for novel Build Engine,SearchCreativeWork
I want to find The Adventures of Lomax .,SearchCreativeWork
I want to book Dinner by Heston Blumenthal in AL .,BookRestaurant
I need a table for 3 in AK .,BookRestaurant
Is there rain in Afghanistan,GetWeather
What is the Wauseon forecast,GetWeather
The Hot House playlist needs another album,AddToPlaylist
Is there a snowstorm in the forecast for El Cenizo,GetWeather
the next essay gets 2 out of 6 stars,RateBook
this essay should get 1 of the points,RateBook
movie times at Consolidated Theatres,SearchScreeningEvent
When will Hard Time Romance be showing at the cinema ?,SearchScreeningEvent
book a spot for six at Bear Hotel in 5 seconds,BookRestaurant
play a ballad by Bob Johnston,PlayMusic
Rate Competitors 2 stars out of 6,RateBook
Make me a reservation in Hardesty at a joint the is indoor,BookRestaurant
Play me something on Last Fm,PlayMusic
Give The Neon Bible three stars / 6,RateBook
I want the film for nearest movie theatre,SearchScreeningEvent
I'd like to see movie schedules for animated movies around here,SearchScreeningEvent
Include Laarni Lozada on endorphin rush playlist,AddToPlaylist
I'd like to give a rating of 4 to this current book .,RateBook
Play the Ricky Wilson album Spectral Dusk,PlayMusic
add this track to the playlist hits of the 70s,AddToPlaylist
Play music on Deezer .,PlayMusic
I want to add another album to the wine & dine playlist.,AddToPlaylist
find Blood and Bones,SearchScreeningEvent
The Forest should be rated a four,RateBook
Rate my current essay 1 out of 6 stars,RateBook
Rate this book 5 stars out of 6,RateBook
Play a melody by Hagigat Rzayeva,PlayMusic
Play Gloria on last fm,PlayMusic
I'm trying to find The Final Solution video game .,SearchCreativeWork
Find a reservation for 3 people,BookRestaurant
rate the current saga one stars,RateBook
Find the video game Journal of Criminal Law & Criminology .,SearchCreativeWork
rate The Beggar of Volubilis 1 out of 6,RateBook
What will the weather be in Post Falls on feb. 17 ?,GetWeather
Book me a restaurant please.,BookRestaurant
Need a table for a party of eight one hour from now in Exira SD in a pub that serves oysters rockefeller,BookRestaurant
Find a painting called Pulsions .,SearchCreativeWork
Add Warning Device to my mac 'n cheese playlist.,AddToPlaylist
I would give Bones of the Earth 2 points,RateBook
Play new melody by Kenji Ito on Itunes .,PlayMusic
"Book a restaurant in Nebraska on january 25, 2034 for me and my mommy .",BookRestaurant
find a movie called No More Sadface,SearchCreativeWork
Find the Mystery Woman saga,SearchCreativeWork
Which movies are playing at AMC Theaters 1 second from now ?,SearchScreeningEvent
The Great Science Fiction Stories About Mars series deserves a rating of zero,RateBook
Play the Seamus Heaney Collected Poems song,SearchCreativeWork
Book me a tibetan restaurant for my boss and I .,BookRestaurant
Add thomas a dorsey to my Big Band,AddToPlaylist
For the playlist this is mozart add Nana Mizuki Live Fighter -Blue x Red Side-,AddToPlaylist
What time is G-Men vs The Black Dragon playing at Harkins Theatres,SearchScreeningEvent
play the video game The Sparrow,SearchCreativeWork
Play Party Through The Decades on Deezer,PlayMusic
Book me a reservation for 6 at a highly rated pub,BookRestaurant
Add Shangri-La to the African Heat playlist.,AddToPlaylist
Add the tune to my Women of Latin Music playlist.,AddToPlaylist
What kind of weather is forecast around seven pm here ?,GetWeather
Play some art punk .,PlayMusic
"Play Liubi, Liubi, I Love You by Farah Asyikin Binti Zulkifli on Netflix",PlayMusic
Play popular eighties record,PlayMusic
For the book Tale of the Toa I give five points,RateBook
I give Life During Wartime a one out of 6 .,RateBook
Will it be rainy faraway in Charleston Lake Provincial Park in 13 hours ?,GetWeather
I want to go to a highly rated fast food restaurant around Togo with two people total.,BookRestaurant
Play Dawn Richard song White Summer,PlayMusic
add Annette Artani to the playlist titled all out 90s,AddToPlaylist
The current book i'm reading is only worthy of a 3 .,RateBook
Give the current album a 2,RateBook
what is the midnight forecast for Argentina,GetWeather
How do I see the TV series To See the Invisible Man ?,SearchCreativeWork
Is A Man Called Hero playing during brunch at the cinema,SearchScreeningEvent
Rate the current book 1 of 6 points,RateBook
Book a table for January the twentieth at a place far from your daughter's campus,BookRestaurant
Looking for Kepler scientific workflow system,SearchCreativeWork
What's the weather like today in Plankinton ?,GetWeather
Check the weather forecast for Pineridge .,GetWeather
rate Heath Ledger His Beautiful Life and Mysterious Death 1 stars,RateBook
I'm looking for the show Pulse 2 Afterlife,SearchCreativeWork
Can you give me a local and current movie schedule,SearchScreeningEvent
give 4 out of 6 stars to The Nightmare Lands,RateBook
What time is Phil Ochs There but for Fortune playing at the movie house,SearchScreeningEvent
Book a reservation for a pub with internet for 2 people,BookRestaurant
I am giving this current novel 1 out of 6 stars,RateBook
Where can I find a copy of I Bury the Living ?,SearchCreativeWork
what animated movies are in the area,SearchScreeningEvent
What will the weather be a nine in Willow River State Park ?,GetWeather
Play me a popular song by Koichi Domoto,PlayMusic
Find time for The Thirty Nine Steps,SearchScreeningEvent
whats the movie schedules for General Cinema Corporation,SearchScreeningEvent
Search for Big Ideas painting,SearchCreativeWork
I'd like reservations for me and my grandkid at a top-rated restaurant that serves molise cuisine in PA .,BookRestaurant
find movie times at National Amusements,SearchScreeningEvent
Will there be snowfall in zero PM in Estonia,GetWeather
play an eighties track,PlayMusic
I want to put another album into the a peaceful rush hour playlist.,AddToPlaylist
Find me a table for two at seven somewhere in Australia,BookRestaurant
What movie schedules are at National Amusements,SearchScreeningEvent
I need movie times for movies playing in the area,SearchScreeningEvent
book a table near Bienville for Pioneer Day,BookRestaurant
Book a table at the Montreal Pool Room in North Carolina for 7 AM,BookRestaurant
Rate A Spot of Bother 3 stars,RateBook
"I rate the chronicle , Son of the Tree with four of 6 points .",RateBook
"Help me find From Time to Time , a TV show",SearchCreativeWork
Book a table at Crown Candy Kitchen for lacy and I,BookRestaurant
book a spot for 3 in Egypt at five,BookRestaurant
Can you bring up the movie schedule for ArcLight Hollywood ?,SearchScreeningEvent
What films are scheduled at the closest cinema ?,SearchScreeningEvent
show More Questions Than Answers trailer,SearchCreativeWork
I would like this song added to my princesas indie playlist.,AddToPlaylist
Which movies are being screened around here ?,SearchScreeningEvent
Add another tune to my Soft Rock playlist.,AddToPlaylist
Where can I see the trailer of Take Me to the King,SearchCreativeWork
Are there any animated movies playing at the Mann Theatres ?,SearchScreeningEvent
give 3 out of 6 stars to The Submarine Caper chronicle,RateBook
add this artist to primavera sound 2016 barcelona,AddToPlaylist
Book a joint restaurant for four with an outdoor area within the same area as Borough de Denali,BookRestaurant
will it be warm at Mountainair,GetWeather
What is the weather forecast for Cistern,GetWeather
I want this artist on the Cena Elegante playlist,AddToPlaylist
Is it overcast in South Carolina,GetWeather
I want to take nine people to a diner close to the spa,BookRestaurant
I need a table for 4 at a place not far from Palau .,BookRestaurant
Book a table at a restaurant which serves sushis next week,BookRestaurant
What is the movie schedule for movies in the neighborhood,SearchScreeningEvent
"Can you find me the work titled, A Little Curious ?",SearchCreativeWork
Add Andreas Johnson to my Rock Save The Queen playlist,AddToPlaylist
"Book a table for my great grandfather and I at a place in Booker , AK .",BookRestaurant
I want to hear the sound track to Mary Macgregor new songs on Iheart,PlayMusic
Include golden boy in Pop Dance,AddToPlaylist
add the artist to my emotron playlist,AddToPlaylist
"Add crying, waiting, hoping to my weekly buzz playlist.",AddToPlaylist
"Rate Small Screen, Big Picture a 0 out of 6 .",RateBook
Play Greg Raposo songs from the thirties,PlayMusic
Include the album by Arthur Rhames in Urban Poet,AddToPlaylist
show movie times for AMC Theatres,SearchScreeningEvent
Add hello i must be going to the power ballads playlist,AddToPlaylist
Play me the most popular Lillian Hardin song on Itunes,PlayMusic
Please play a movement by Rupam Islam,PlayMusic
Can you find a picture of The Rambler,SearchCreativeWork
I want to give the book Heart and Soul three stars .,RateBook
Give 3 / 6 stars to The Simon & Schuster Encyclopedia of Dinosaurs and Prehistoric Creatures,RateBook
Show me the picture Creatures of Light and Darkness,SearchCreativeWork
Rate The Hollow Man 5 points,RateBook
play Off the Ground,SearchCreativeWork
Show the Soonchild painting,SearchCreativeWork
find The Panic in Needle Park,SearchScreeningEvent
in one hundred twenty seven days I'd like to eat at a pizzeria in North Lima,BookRestaurant
add hopeful to my this is enrique iglesias,AddToPlaylist
Where to buy book Bright Ambush,SearchCreativeWork
play playlist The Realest Down South,PlayMusic
"I want to send music to ann's lists from SIR John Winston Ono Lennon , put it on her Infinite Indie Folk list",AddToPlaylist
find the TV show Tribute to the Troops,SearchCreativeWork
restaurant named The Palm in Tennyson MI,BookRestaurant
I want an indoor restaurant for a party of five in Columbus Junction,BookRestaurant
Add this album to my orgánica playlist.,AddToPlaylist
Find Think act,SearchCreativeWork
I'd like to get 4 seats at a restaurant .,BookRestaurant
will there be rainfall the day after tomorrow far from Rodna National Park,GetWeather
Book a steakhouse with a spa for seven people.,BookRestaurant
When is Man in Outer Space playing at Megaplex Theatres,SearchScreeningEvent
rate the Beyonders A World Without Heroes saga 1 out of 6 stars,RateBook
Give Setting Free the Bears series a four out of 6 stars rating.,RateBook
Play Goldie Hill 's record on Google Music .,PlayMusic
Play something by Louisiana Blues,PlayMusic
show He Who Fears the Wolf creative photograph,SearchCreativeWork
what time can I expect films to start at the Bow Tie Cinemas,SearchScreeningEvent
What is the weather forecast in Spaulding Morocco,GetWeather
The dubstep dangles dirty playlist needs Digital at Montreux in it,AddToPlaylist
I want to find an oyster bar with tetrazzini for 9 people,BookRestaurant
"Please look up the painting , Modern times .",SearchCreativeWork
Book reservations at a restaurant in Jersey for six people next October,BookRestaurant
Tell me if there's be a depression in Brazil,GetWeather
"restaurant in Kuwait for seven , Mar. eighteenth, 2030",BookRestaurant
Add Rattus at the Roundhouse to my funk playlist.,AddToPlaylist
rate current textbook 0,RateBook
"Add this track by Del tha Funkee Homosapien to the playlist songs for you, not your parents",AddToPlaylist
What animated movies are showing in the neighborhood,SearchScreeningEvent
Rate the current chronicle a two,RateBook
Play some theme based music from the thirties .,PlayMusic
Where is the closest movie theatre playing Mighty Baby now,SearchScreeningEvent
will you add Pat Kirtley to my covered in punk playlist,AddToPlaylist
Search for Man in a Garage,SearchCreativeWork
I need a table at a restaurant in Ireland serving kouglof,BookRestaurant
What is the TV series in App Store,SearchCreativeWork
Tell me the weather forecast for Missouri,GetWeather
find the trailer for Hotel on the Corner of Bitter and Sweet,SearchCreativeWork
put this album into becky's infinite indie folk playlist,AddToPlaylist
Is cloudy in Lyncourt ?,GetWeather
Add to the Rock Games,AddToPlaylist
Rate this album a 2,RateBook
Can you get me the All Night Long 3 The Final Chapter novel ?,SearchCreativeWork
What are the movie times for the Marcus Corporation,SearchScreeningEvent
How chilly is it close to Hollidaysburg ?,GetWeather
what is the Coulee City MT forecast,GetWeather
what films are at Cinemark Theatres,SearchScreeningEvent
Find the Innocent When You Dream saga,SearchCreativeWork
Where can I  get Lahore,SearchCreativeWork
Can you put consequences on my SOS 48 2016 playlist,AddToPlaylist
book a table at a restaurant in Saudi Arabia that serves presskopf,BookRestaurant
Want to know the blizzard weather condition in Lake Catherine,GetWeather
What is the weather forecast in six weeks in LA,GetWeather
Play a twenties concerto from Roger Taylor on deezer,PlayMusic
find the nearest movie theatre for animated movies,SearchScreeningEvent
Can you look up the Galsoft Linux TV series ?,SearchCreativeWork
Play me a 1974 tune on Slacker,PlayMusic
I would give this current novel a value of 3 and a rating of 6,RateBook
show movie schedules for animated movies in the neighbourhood,SearchScreeningEvent
Book a restaurant that serves bouchée for midnight .,BookRestaurant
What will the weather be in IN ?,GetWeather
is it going to be hot in Luambe-Nationalpark,GetWeather
will it be freezing in New Ringgold Nebraska,GetWeather
Play some sixties music by gaudi on last fm,PlayMusic
Can you let me know when Talk of the Devil is playing at the movie theatre ?,SearchScreeningEvent
find the nearest movies at a movie theatre,SearchScreeningEvent
Play me East Side Story,SearchCreativeWork
I want to book a restaurant for four around Zapata,BookRestaurant
When is Cooper Foundation on the movie schedule ?,SearchScreeningEvent
Find a reservation for eight at Rhodes Twenty Four in GU,BookRestaurant
Is Storm Warning playing,SearchScreeningEvent
I need to book a restaurant that has wifi far from TX for me and my parents,BookRestaurant
What time does Kraken Tentacles of the Deep play,SearchScreeningEvent
I want to add the Classical Moments in Movies track to my playlist,AddToPlaylist
play Zvooq latest track by Peter Appleyard,PlayMusic
use Spotify to play Nina Persson from 1962,PlayMusic
add dimitri fampas 's song to my focus now,AddToPlaylist
Will it be chilly around Oregonia in 9 months,GetWeather
Show the Three Tales album,SearchCreativeWork
is it going to be cold in Readstown at 4 AM,GetWeather
"How's the weather in Grisdale , Bangladesh ?",GetWeather
Show me TV series Lego Star Wars 3 The Clone Wars,SearchCreativeWork
Give the saga called The Bridges of Madison County four of 6 stars .,RateBook
Find the Exile and the Kingdom,SearchCreativeWork
put Sungmin into my summer playlist,AddToPlaylist
I rate Step by Wicked Step 1 stars,RateBook
weather for Lowden OK,GetWeather
Find Drowning with Land in Sight .,SearchCreativeWork
Play the song Jingle Bells,PlayMusic
Is Tomorrow at Seven being played at Douglas Theatre Company ?,SearchScreeningEvent
"Tell me the weather forecast for apr. twenty-fourth, 2028 in San Diego",GetWeather
Make me a reservation for elvira and I in Brazil,BookRestaurant
Will it be warmer in CT,GetWeather
Find the album Future of the Past,SearchCreativeWork
What is the weather in Taiwan,GetWeather
rate the next book four stars,RateBook
Show me Born in America ?,SearchCreativeWork
Add lapponia to my flamenco pa ti playlist.,AddToPlaylist
Give 99 Coffins 0 stars out of 6 .,RateBook
I would give Feast of the Innocents a value of 1,RateBook
"Will there be a lot of wind far away from here on Sep. the twenty-third, 2021",GetWeather
"Play Chantal Kreviazuk , Sister Ray",PlayMusic
Book a table for two in Oklahoma,BookRestaurant
I need to know the weather seven weeks from now in Morgan–Monroe State Forest,GetWeather
What movies are playing at the closest movie house ?,SearchScreeningEvent
Play eighties,PlayMusic
I rate the saga Wahhabi Islam From Revival and Reform to Global Jihad three out of 6,RateBook
Find the movie schedule for Amco Entertainment 1 minute from now .,SearchScreeningEvent
What will the weather be in Albania at 1156 .,GetWeather
what is the forecast starting on 5/17/2037 for Austria for warmer temps,GetWeather
Play theme music from 2011 .,PlayMusic
put this album on my playlist titled dance hits,AddToPlaylist
Play video game Manifesto of Nevermore,SearchCreativeWork
find If These Walls Could Talk,SearchCreativeWork
rate the current essay book four out of 6 points,RateBook
Where Can I watch Chaos and Desire ?,SearchScreeningEvent
Book a tavern in Rhode Island that serves saucisse .,BookRestaurant
I need to book a Theme restaurant this month in Chile,BookRestaurant
Rate this book a 0,RateBook
play anything from the twenties,PlayMusic
Show the movie schedules with animated movies around here,SearchScreeningEvent
Please find me The Purple Vigilantes book .,SearchCreativeWork
Add Foreign Affair to the disney playlist.,AddToPlaylist
"book a restaurant in Clawson , MS for one",BookRestaurant
"Is there an expected blizzard in Brook , Tennessee today ?",GetWeather
Play Clay Aiken 's The Bonny Hind on Groove Shark .,PlayMusic
add jason webley to Classical Intimate Dinner playlist,AddToPlaylist
Add Tobias Sammet to my bring back the 90s list,AddToPlaylist
add d-day dodgers to my running power playlist,AddToPlaylist
For the Classic Road Trip Songs add the entity unwelcome,AddToPlaylist
Is it supposed to be hotter today in IL,GetWeather
What animated movies can I see at AMC Theatres ?,SearchScreeningEvent
Find the schedule for Project Shadowchaser II at the cinema in eighteen hours .,SearchScreeningEvent
What's the weather forecast for Connecticut,GetWeather
"I need to know what the weather will be like in Gradyville at breakfast , in the state of Colorado .",GetWeather
show weather forecast at three am .in Wauregan,GetWeather
Find the photograph A Little Less Sixteen Candles,SearchCreativeWork
Will it be stormy in MA,GetWeather
Add a tune to the this is animal collective playlist.,AddToPlaylist
Play the greatest Nicholaus Arson concerto from around 2000,PlayMusic
What's the weather forecast near to Fern Creek this Winter ?,GetWeather
I'd rate this essay 1 out of 6,RateBook
Look for the TV series All Around Performance Horse Weekly,SearchCreativeWork
Where is the nearest movie theatre that is playing Honeysuckle Rose,SearchScreeningEvent
I'd like a reservation for Thornbury Castle three hours from now in NM .,BookRestaurant
I rate three points for the book The Early Coorgs,RateBook
what is the forecast in North Carolina,GetWeather
whats the closest movie house showing Home Room,SearchScreeningEvent
give one out of 6 points to High Wizardry,RateBook
What is the weather in Silver Springs Western Sahara ?,GetWeather
What theater is playing Death Drums Along the River at 5 PM,SearchScreeningEvent
search for the painting Smart Money,SearchCreativeWork
Please inform me when I can see The Abdication at a movie theatre .,SearchScreeningEvent
Give The Snows of Kilimanjaro 3 stars .,RateBook
Will there be a snowstorm around eight pm in Reed Island State Park ?,GetWeather
play newest soundtrack from 2008,PlayMusic
"show me the schedule of A Man, a Woman, and a Bank in nearest Neighborhood Cinema Group",SearchScreeningEvent
rate the current chronicle a five,RateBook
"Reserve a table in Top of the Mark Lambertville , Vermont .",BookRestaurant
add the tune to my viajes playlist,AddToPlaylist
play fifties movement songs by Fabio on Last Fm,PlayMusic
Give me the forecast for the weather in Citrus Springs,GetWeather
What time is The Christmas Toy playing at Loews Cineplex,SearchScreeningEvent
Find Confusion Bay .,SearchCreativeWork
movie schedule for animated movies in the neighborhood,SearchScreeningEvent
Rate The Saint in Trouble 1 of 6,RateBook
Book a restasurant in Pohick Delaware .,BookRestaurant
She me the movie schedule for animated movies at the place nearby,SearchScreeningEvent
play 1990 tunes on Groove Shark,PlayMusic
Give zero / 6 stars to this album,RateBook
I want to rate this essay 0 of 6 stars,RateBook
I want to go to Antigua and Barbuda and eat at a table for 4 .,BookRestaurant
"book James D. Conrey House for madeleine, keisha and clara alvarez far from your colleague's college",BookRestaurant
Add natasha to my All Things Post playlist,AddToPlaylist
this novel gets 0 out of 6 points,RateBook
Put journey to love onto Hip Hop 2017 New School .,AddToPlaylist
make a reservation at a bakery that has acquacotta in Central African Republic for five,BookRestaurant
Play The Tyranny Of Distance by Willy Mason .,PlayMusic
Play fifties music,PlayMusic
rate this album a 1,RateBook
Play the best ballad by The Rascals .,PlayMusic
Find a show called Lipstick Vogue .,SearchCreativeWork
add a j mclean to rock to work,AddToPlaylist
What will the weather be like 20 minutes from now in Homestead Meadows in Martinique,GetWeather
forecast for Serbia,GetWeather
Check which cinema currently runs When the Last Sword is Drawn .,SearchScreeningEvent
Add the second three years to my workout twerkout playlist,AddToPlaylist
will the sun come out today in Houston,GetWeather
Find a show called Time Is Just the Same .,SearchCreativeWork
find a movie schedule for United Paramount Theatres,SearchScreeningEvent
"Will it be chilly in Milligan College , AK on law day",GetWeather
What animated movies are showing in the area ?,SearchScreeningEvent
Rate An Act of Terror 2 stars .,RateBook
add tune to my relax & unwind playlist,AddToPlaylist
Add song to Kids Workout,AddToPlaylist
Add artist hex hector to my old school death metal playlist,AddToPlaylist
Play me a Maia Hirasawa soundtrack from 1951,PlayMusic
I feel that Sons and Lovers deserves a rating of 2 .,RateBook
I want to add Robin Hood and Queen Katherine to my playlist entitled Genuine R&B,AddToPlaylist
Rate this album a 4,RateBook
play Closer to the Sun album,SearchCreativeWork
what will the weather be like in Brownfield,GetWeather
Add name house of gold to the de manhattan con amor playlist,AddToPlaylist
add Put Your Hand Inside the Puppet Head to the playlist named Lazy Chill Afternoon,AddToPlaylist
rate The Plutonium Files a five,RateBook
I want to give the chronicle What We Talk About When We Talk About Love 4 out of 6,RateBook
rate this novel a 3,RateBook
I want to add Up to the Mountain to my playlist with the title Women of Indie,AddToPlaylist
Is The Little Irish Girl playing,SearchScreeningEvent
the essay following should only rate two points,RateBook
Can you help me find the Author! Author ! trailer ?,SearchCreativeWork
I'd like to hear songs from Iheart,PlayMusic
book a spot for 10 at Shopsins in Denmark on St. Patrick's Day,BookRestaurant
Will it be warmer in Minidoka OK on good friday ?,GetWeather
What's the forecast for tonight far from East Carpathian Biosphere Reserve ?,GetWeather
Can I get the weather forecast for Benin in 32 days ?,GetWeather
I give a rating of 3 to The Ultimate Resource .,RateBook
Rate this book 3 of 6,RateBook
Find the News At Seven-Thirty photograph,SearchCreativeWork
add Chong Nee to my Spread The Gospel,AddToPlaylist
Play Who Knows Where The Time Goes ? by Grigory Leps,PlayMusic
Book a food truck in Argusville that has fish chips,BookRestaurant
"show cold weather forecast in five hours and 1 minute in Hokendauqua , Mongolia",GetWeather
Add The “Chirping” Crickets to my Mellowed Out Gaming playlist,AddToPlaylist
What is the weather close-by my current spot,GetWeather
Book a table for seven in a pub in Iraq which offers gluten free food about 141 days from now .,BookRestaurant
I want to book a restaurant for ten this summer,BookRestaurant
Book me a reservation for an outdoor restaurant,BookRestaurant
Find the work Compiled fragments 1997-2003,SearchCreativeWork
Add Appreciation Day to My Folksy Love,AddToPlaylist
Add a track to the El Mejor Pop en Español playlist.,AddToPlaylist
give four out of 6 points to this essay,RateBook
Rate The Plot to Save Socrates one stars,RateBook
find a book called Follow Me,SearchCreativeWork
Book a restaurant in Mauritania for 1 person.,BookRestaurant
"There's a famous painting called Thursday , do you have an image of it?",SearchCreativeWork
play falco on Zvooq for Good Hit,PlayMusic
I need to know if its humid in Greenback in Mongolia,GetWeather
Where can I watch The Mark in a cinema,SearchScreeningEvent
Play my 88 Keys playlist.,PlayMusic
What time is Irreconcilable Differences playing Regal Entertainment Group,SearchScreeningEvent
I want to hear some psychedelic rock,PlayMusic
what movies are at Loews Cineplex,SearchScreeningEvent
add Mayya to the de manhattan con amor playlist,AddToPlaylist
show me the schedule of movie Interview The Documentary in Loews Cineplex,SearchScreeningEvent
Add tune to my Folk Music At The Gaslight Café,AddToPlaylist
Play some Sabah from the eighties,PlayMusic
Rate the Deception chronicle one of 6 points,RateBook
"book a spot for krista, yolanda and I in New Mexico",BookRestaurant
Find The Transformers Generations video game,SearchCreativeWork
what will the weather be at Mu Ko Phetra National Park on Administrative Professionals Day,GetWeather
What will the weather be here on dec. 25th ?,GetWeather
Is there going to be a depression two hundred sixteen days and a half from now in Mill Bluff State Park,GetWeather
Where did the painting Highs in the Mid-Sixties go?,SearchCreativeWork
The Only Snow in Havana deserves a best rating of 6 and 5 points,RateBook
Will it be hot near Calakmul Biosphere Reserve 3 seconds from now,GetWeather
Where can I purchase the TV series Liar Game - The Final Stage,SearchCreativeWork
Give A History of the Mind a 2 out of 6 points .,RateBook
Rate The A-Z Guide to Arranged Marriage 0 of 6,RateBook
what is the nearby forecast for here at 152611,GetWeather
I want to watch the movie Godslayer,SearchCreativeWork
what is the weather forecast for Moffett,GetWeather
play 1951 tunes,PlayMusic
find Mash Confusion,SearchCreativeWork
is it going to get colder in Parc national marin Mahatma Gandhi,GetWeather
add this matt bachand tune to pure rock & roll,AddToPlaylist
add det kimer nu til julefest to my playlist technical&brutal death metal,AddToPlaylist
I want to eat panisses the nearby cafeteria in Naytahwaush,BookRestaurant
Find television show on Windows Live TV,SearchCreativeWork
Play me a song by Stephen Jones,PlayMusic
Find movie schedules .,SearchScreeningEvent
add tune to atmospheric black metal playlist,AddToPlaylist
Book reservations at a faraway restaurant in Newtown at meal time,BookRestaurant
Rate The Compleat Housewife saga zero of 6,RateBook
Which animated movies are being screened at Marcus Corporation ?,SearchScreeningEvent
Find Resurrection of Evil .,SearchCreativeWork
book a Kuwait place at seven am at The Middle East,BookRestaurant
Play some Armik from the fourties,PlayMusic
Play The Fool On The Hill by Khwaja Ghulam Farid,PlayMusic
what is the temperate in Uzbekistan,GetWeather
I want to book a seafood bakery in Le Roy,BookRestaurant
Add Chér to the Still Got the Blues playlist,AddToPlaylist
Find a trailer called Just Say Noël .,SearchCreativeWork
What films are showing in the area ?,SearchScreeningEvent
book a tea house for 6 members with soul food,BookRestaurant
Add artist to my 80'S PARTY,AddToPlaylist
I'm in Tuolumne City and want fast food for a party of eight,BookRestaurant
put this song on my NTC High Intensity Training Tracks playlist,AddToPlaylist
Give me the weather forecast for the city of Woburn,GetWeather
Book a reservation for seven people at Fraser Mansion in IL,BookRestaurant
Give Directive 51 three out of 6 .,RateBook
play Clifford Brown All Stars by Michael Balzary,PlayMusic
rate the book Oath of Swords three for 6,RateBook
"I need seats for six at a pub on January 15th, 2030",BookRestaurant
what is the forecast for cold temps in West Virginia next autumn,GetWeather
"Please find me a table at a place that serves glace , has room for six and a pub atmosphere",BookRestaurant
I want to hear the latest twenties album from Kyle Riabko,PlayMusic
"Book a table for 6 at a restaurant in Pershing Square, Manhattan at two am",BookRestaurant
rate The Other Wind 2 of 6,RateBook
what movie is playing at Showcase Cinemas,SearchScreeningEvent
Will you pull up my Jueves de Antaño playlist,PlayMusic
Play good Pure Soul on netflix,PlayMusic
I want The Complete Global Albums Collection,SearchCreativeWork
Add Hanging On to my just dance by aftercluv playlist.,AddToPlaylist
What time is movies playing around here,SearchScreeningEvent
add The Muppet Show 2 to my party through the decades,AddToPlaylist
Give one out of 6 to A Week in the Woods,RateBook
Look for the District 9 novel,SearchCreativeWork
Play Mea Culpa by Rahim Shah,PlayMusic
find a picture called How Much Wood Would a Woodchuck Chuck,SearchCreativeWork
Play thirties on Lastfm,PlayMusic
What is the weather like in North Salt Lake and Afghanistan ?,GetWeather
I want a table for eight in Yakima Rhode Island,BookRestaurant
"What's the weather forecast for Aug. 8, 2020 at my current location ?",GetWeather
what is the overcast forecast for midday in ID,GetWeather
When's Fools for Luck showing?,SearchScreeningEvent
Book a restaurant in Liechtenstein for seven people.,BookRestaurant
Is it going to be nice in Sandoval Belgium,GetWeather
rate this book titled Sombrero Fallout A Japanese Novel 0 points,RateBook
add The Crowd to corinne's acoustic soul playlist,AddToPlaylist
book a spot at a sushis diner in Minnesota,BookRestaurant
Play me a Frank Farian ep,PlayMusic
show creativity of photograph of My Wonderful Day,SearchCreativeWork
Play the album Remember Shakti – The Believer .,PlayMusic
Which movies are playing at B&B Theatres at 2 pm ?,SearchScreeningEvent
Will it be sunny in Spain on 3/26/2023 ?,GetWeather
show me the schedule of Dead Snow,SearchScreeningEvent
Show me the Caribbean Blue television show,SearchCreativeWork
I need a restaurant now for a party of ten,BookRestaurant
Start playing something off Spotify,PlayMusic
restaurant in Bulgaria this week party for 9 numbers,BookRestaurant
Make me reservations for a highly rated restaurant .,BookRestaurant
give one out of 6 points to this essay,RateBook
book a table for chasity and I in Vanuatu,BookRestaurant
Play sixties music by giovanni battista guadagnini .,PlayMusic
"Reserve a table for nine people at a caribbean restaurant in White Creek , Utah .",BookRestaurant
Add garry shider album to my classical essentials,AddToPlaylist
Where to buy video game of Think Fast,SearchCreativeWork
Will it be warmer in AMnicon Falls State Park ?,GetWeather
Please pull up the trailer for Stares and Whispers,SearchCreativeWork
Play always by walter parazaider .,PlayMusic
find Kerasotes Theatres showing animated movies,SearchScreeningEvent
movie schedules for Neighborhood Cinema Group,SearchScreeningEvent
I want to hear a good song from 2016,PlayMusic
find a painting called The Wipers Times,SearchCreativeWork
Add bryan gregory to the playlist Emily Dickinson,AddToPlaylist
"rate the book A Girl, a Man, and a River a five",RateBook
where can I find the video game called Izuna 2 The Unemployed Ninja Returns,SearchCreativeWork
Find GoodReader .,SearchCreativeWork
I want to hear Shooby Taylor 's Tearing Up The Album Charts .,PlayMusic
Please look for Catch a Falling Star,SearchCreativeWork
Is Goodbye Mr. Chips showing twelve minutes from now,SearchScreeningEvent
Play my Femme Fatale playlist on Vimeo,PlayMusic
Where is Priorities on Parade playing,SearchScreeningEvent
book in town for 3 at a restaurant outdoor that is not far,BookRestaurant
Please find the Packed to the Rafters work.,SearchCreativeWork
give 3 out of 6 series of The Africa House,RateBook
What is the movie schedule like,SearchScreeningEvent
play the most popular album on Google Music by sasu ripatti,PlayMusic
find Mysterious Castles of Clay,SearchScreeningEvent
What's the weather forecast for Moss Hill ?,GetWeather
how much humidity in Mancos,GetWeather
"Is it going to be warmer in Cinnaminson , North Carolina at 0659 AM ?",GetWeather
show movie times,SearchScreeningEvent
Add the name the magnificent tree to playlist this is Rosana,AddToPlaylist
Show me the movie schedule for Loews Cineplex .,SearchScreeningEvent
Will you play my Nuestros 80 playlist,PlayMusic
Play instrumental pop,PlayMusic
What is the movie schedule for films nearby,SearchScreeningEvent
Add Bien Acompañado to All Out 60s,AddToPlaylist
Is it warm at seven AM in Greenland,GetWeather
Rate this novel one out of 6 stars,RateBook
Book a restaurant in Almyra in 10 years,BookRestaurant
What time are the movie schedules,SearchScreeningEvent
need a table somewhere in McLaurin Connecticut,BookRestaurant
book a table at Black Rapids Roadhouse in Antarctica for nine,BookRestaurant
Rate this chronicle a 3,RateBook
Will it be warm in Zambia at 9 PM,GetWeather
I'd like a table for two at a brasserie in São Tomé and Príncipe,BookRestaurant
Play me a nineties song by Joseph Genaro,PlayMusic
Will it be hotter close by here at 13 o'clock ?,GetWeather
I want to add another album to the Scratchy Back Porch Blues playlist.,AddToPlaylist
Give the current textbook 5 / 6 points,RateBook
Play the greatest record by Joe Purdy on Google Music,PlayMusic
rate My Life As a Book five out of 6,RateBook
What will the weather be like at two o'clock in El Salvador,GetWeather
add this song to my playlist under Funky Jams,AddToPlaylist
Find a TV show called Union .,SearchCreativeWork
What's the weather like in Mountainair,GetWeather
"book a restaurant for me, angela and mercedes in Cimarron City , Colorado",BookRestaurant
What's the weather in RI ?,GetWeather
Show me the films currently playing at the nearest movie theatre,SearchScreeningEvent
"Is it forecast to be rainy in Winchell , Mississippi ?",GetWeather
Find me the Show Girl soundtrack,SearchCreativeWork
What movies are starting at eight pm in the area,SearchScreeningEvent
Can you get me the Maldeamores saga ?,SearchCreativeWork
What will the weather be here at 070800 am,GetWeather
play a top-twenty tune by Noor Jehan,PlayMusic
add Hot House to Have You Met Miss Jones,AddToPlaylist
add nico to my rock to work,AddToPlaylist
I am giving Dead Souls a five rating,RateBook
A novel of this quality deserves your rating of four points,RateBook
Can I get a table at The Fort ?,BookRestaurant
rate the current novel one out of 6,RateBook
Play the artist Tei last concert on Netflix,PlayMusic
want to watch the TV show Treeful of Starling,SearchCreativeWork
give the current essay a 1,RateBook
Find HeroQuest II Legacy of Sorasil .,SearchCreativeWork
Is it humid in Kuwait,GetWeather
Tell me if there will be wind in NE,GetWeather
what is the forecast for january twenty-eighth in Kentmore Park,GetWeather
Add beijing huanying ni to my workday lounge playlist,AddToPlaylist
Rate this series a 5,RateBook
What movie theatre is the closest that is playing Cheat You Fair The Story of Maxwell Street right now,SearchScreeningEvent
I would like to book a food truck for my friend and I,BookRestaurant
Search for To Heart 2,SearchCreativeWork
what films are playing at the closest movie house,SearchScreeningEvent
Play me a song by Carol Arnauld from 2003,PlayMusic
Find Return to Krondor .,SearchCreativeWork
Play a movement from the nineties,PlayMusic
What movie house is playing Something for the Birds,SearchScreeningEvent
Please search The Big Game show .,SearchCreativeWork
"How cold is it going to be in San Marcial , AK in one second ?",GetWeather
rate the current textbook 4 of 6 points,RateBook
Rate She A History of Adventure a one of 6,RateBook
I would give this textbook a rating of 0 and a best rating of 6,RateBook
What's the weather in HI,GetWeather
What's the weather forecast at sixteen in Oklahoma ?,GetWeather
"What will the temperature be like at Fort Point, San Francisco the day after tomorrow",GetWeather
Rate the Blood on the Moon saga a three,RateBook
Rate the current novel 1 out of 6 points .,RateBook
Add Born Free to Fresh R&B,AddToPlaylist
Show A Family Torn Apart TV show,SearchCreativeWork
Can i get the movie times for Fox Theatres ?,SearchScreeningEvent
Play some songs from 1958,PlayMusic
Will it be stormy in Ritchey in Palau,GetWeather
What is the temperate in Uintah right now,GetWeather
book any popular puglia serving oyster bar for 10 in Jemez Springs,BookRestaurant
What is the weather at the current position,GetWeather
I am rating this book titled The Billion Dollar Ransom 3 stars .,RateBook
book a southeastern restaurant in Heard Island and McDonald Islands,BookRestaurant
Add album to my fairy tales,AddToPlaylist
"Assign 4 stars out of 6 to the chronicle , God and Man at Yale .",RateBook
book me a restaurant in Aransas Pass in seventeen hours,GetWeather
add Bossa Nova Soul Samba to my jukebox boogie rhythm & blues playlist,AddToPlaylist
Is it freezing at Jasmund National Park,GetWeather
What films are in the neighborhood,SearchScreeningEvent
forecast for Laguna Heights Barbados,GetWeather
put this track on my infinite indie folk playlist,AddToPlaylist
add a song by Masayoshi Yamazaki to my this is Los Fabulosos Cadillacs playlist,AddToPlaylist
Play something off my New Boots playlist,PlayMusic
Show me The Courts of Chaos,SearchCreativeWork
I want to see the movie schedule for KB Theatres .,SearchScreeningEvent
I want more francis healy in the Rockin' Vibes playlist.,AddToPlaylist
I'm looking for the video game called The Supernatural Events on Campus,SearchCreativeWork
this essay is five stars for sure,RateBook
Is The Missing Clerk playing,SearchScreeningEvent
Play chant music by Ira Losco on Iheart .,PlayMusic
Rate this album a 3,RateBook
give 0 out of 6 points to current book,RateBook
What is the movie schedule at Dipson Theatres,SearchScreeningEvent
add keltech to my 70s road trip playlist,AddToPlaylist
Can you give me the forecast for Keytesville for 12 minutes from now,GetWeather
Rate The Natural a 4,RateBook
Please find me the Youth Against Fascism television show .,SearchCreativeWork
"book a highly rated gastropub that has a pastelaria in Blue Anchor , MD in 55 weeks for my brother in law and I",BookRestaurant
Play a song off Ian Stuart Donaldson 's Nature Nurture album on Itunes,PlayMusic
weather for MA in the morning,GetWeather
Where can I download the game Miss Robin Hood,SearchCreativeWork
Give Miso Soup a rating of one points .,RateBook
rate this novel a three,RateBook
can you find me a showing for Before the Music Dies in one second ?,SearchScreeningEvent
Show me the song Spiderman of the Rings,SearchCreativeWork
What's the weather here,GetWeather
Rate this album 3 stars,RateBook
What is the nearest movie house playing The Miracle Rider,SearchScreeningEvent
I'd like a table at a top-rated tea house with javanese cuisine this week in Germany,BookRestaurant
add the album to my Latin Pop Rising playlist,AddToPlaylist
Show movie schedules for Marcus Corporation,SearchScreeningEvent
I give The Tin Can Tree a five of 6,RateBook
I want to hear something from Post-punk Revival,PlayMusic
add Daedelus to my Lazy Chill Afternoon,AddToPlaylist
give Power of Faerûn two of 6,RateBook
will there be hail in Kaffir,GetWeather
give three points to current book,RateBook
rate this book 0 out of 6,RateBook
when can i see Red Hot Tires,SearchScreeningEvent
Add suffer little children to this is racionais mc's playlist,AddToPlaylist
What movies are playing at the nearest cinema,SearchScreeningEvent
I want to give the current essay a five,RateBook
Please get me the Critical Condition show .,SearchCreativeWork
Please find me a novel called The Caledonian-Record .,SearchCreativeWork
Add keine grenzen to New Metal Tracks,AddToPlaylist
"Play the playlist, A Mis Niños de 30 .",PlayMusic
add this track to my Dinnertime Acoustics playist,AddToPlaylist
Add Welcome to the Cruel World to my Reggae Classics playlist,AddToPlaylist
Book a bakery at zero o'clock for 5 people.,BookRestaurant
I want to listen to Born On The Bayou on Iheart,PlayMusic
I need a reservation for a restaurant now with a party of 9 in Hilt,BookRestaurant
what time can i see The Half Naked Truth,SearchScreeningEvent
Add the album to the fantasía playlist,AddToPlaylist
Tell me the weather forecast close by Brown County State Park for meal time,GetWeather
book a spot for 8 in a cafeteria with german chocolate cake in Ecru New Mexico,BookRestaurant
I want to book a restaurant in Keeling Islands for a party of ten,BookRestaurant
Where is The Beach of Lost Children playing,SearchScreeningEvent
What's the forecast for nearby the current position ?,GetWeather
What's the forecast for my current place at five pm ?,GetWeather
"book me a restaurant for me, geneva and wilda for now in Blacksville",BookRestaurant
How will the weather be five weeks from now in Moneta ?,GetWeather
Where can I find the picture the Japanese Lovesong near me?,SearchCreativeWork
I rate 4 of 6 points for this textbook,RateBook
"I need to book the Beardslee Castle in Albania for me, cassie and lesley",BookRestaurant
Rate this chronicle a 4,RateBook
Book the Coon Chicken Inn in Baker City for 4 people.,BookRestaurant
Book the Gus Stevens Seafood Restaurant & Buccaneer Lounge in Papua New Guinea for one person.,BookRestaurant
Book a reservation for a restaurant in Wadsworth with parking,BookRestaurant
Can I reserve the Khedive Palace restaurant for aug. fifth in Christina ?,BookRestaurant
Rate current textbook 5 out of 6,RateBook
i need to book a restaurant for five in Liberia at The Maisonette,BookRestaurant
add mike mogis onto my crate diggers anonymous playlist,AddToPlaylist
Add this artist to sleep tight,AddToPlaylist
I want to give The Nightmare Fair five stars and a rating of 6,RateBook
Find the schedule for The Solitude of Prime Numbers at the nearest cinema in 1 hour .,SearchScreeningEvent
add Partners in Crime to joann's Lo Que Suena Los Angeles,AddToPlaylist
rate Atop an Underwood Early Stories and Other Writings 0 out of 6 stars,RateBook
I need a reservation for four this year at a restaurant,BookRestaurant
Is it warm in Botna,GetWeather
Play music from the artist Irma Pane,PlayMusic
Play 2011 music,PlayMusic
Find The Crucible of Man Something Wicked Part 2 .,SearchCreativeWork
I need to book a restaurant in Utah in 5 years and a half from now,BookRestaurant
Add a song to my playlist Black History Salute,AddToPlaylist
What is the weather in Richardson Tanzania,GetWeather
Rate the current album 4 out of 6 stars,RateBook
rating points for Castles of Steel out of 6 are 5,RateBook
Will it still be warm nineteen hours from now in PA,GetWeather
Book a table for 0445 pm at a restaurant in Washington .,BookRestaurant
Play a record from the seventies,PlayMusic
what will the weather be like in Russia in one hour from now,GetWeather
rate the current book a four,RateBook
I want to go to that popular ethiopian restaurant,BookRestaurant
Show the Philosophy and Phenomenological Research saga,SearchCreativeWork
add this song to the Novedades Pop playlist,AddToPlaylist
Is it going to be foggy at two am in Barberville,GetWeather
Where can I find movie schedules,SearchScreeningEvent
Where to watch television show Linger Awhile Live at Newport and More,SearchCreativeWork
I want to book The Commons Restaurant for five on Dec. the eighth,BookRestaurant
Use the service Zvooq to play top-10 by artist Coolio,PlayMusic
I want to hear the top Tim Madison,PlayMusic
find the video game The Sims 3 Generations,SearchCreativeWork
Make me a reservation for a party of 2,BookRestaurant
what is the Oct. 10 forecast for Cuyabeno Wildlife Reserve,GetWeather
Find the schedule for Wenn Lucy springt now at a movie theatre .,SearchScreeningEvent
find seven AM movies at Dipson Theatres,SearchScreeningEvent
Will it be colder in Vermont ?,GetWeather
Find the movie schedules for me,SearchScreeningEvent
is it chillier at Narew National Park,GetWeather
add Matthew Helders artist in Showstopper Being Mary Jane,AddToPlaylist
Rate The Courtship of Princess Leia saga a two,RateBook
add track to my spring playlist,AddToPlaylist
play Bra Vibrationer by Dean,PlayMusic
find TV series titled A Life in the Death of Joe Meek,SearchCreativeWork
Shoe me the forecast for Bonaire this Fall,GetWeather
rate this textbook two of 6 stars,RateBook
add tune to Soft Rock playlist,AddToPlaylist
Find the song called International Journal of Bilingualism,SearchCreativeWork
Play a rock track from 1984,PlayMusic
Rate the current novel five of 6 points,RateBook
Add twin peaks fire walk with me to the night out playlist,AddToPlaylist
Play me a tune by john clayton,PlayMusic
Play music off Youtube .,PlayMusic
Play a top song by Carson Parks on Groove Shark,PlayMusic
Give The Fox and the Hound a 1,RateBook
what is the weather forecast here one minute from now,GetWeather
What is the movie schedules for movies in the neighbourhood,SearchScreeningEvent
What times will The Young Swordsman be showing at a local cinema ?,SearchScreeningEvent
look for the show named Chestnut Mare,SearchCreativeWork
I want to hear Sarban 's greatest hits,PlayMusic
Show me the album Clarke,SearchCreativeWork
Play the track Siberian Khatru on zvooq,PlayMusic
I would give Things Fall Apart 3 stars,RateBook
Book a table for 2 people at a restaurant with parking,BookRestaurant
BOok me a table for 5 at a best rated restaurant in Italy,BookRestaurant
Play some Paulinho Da Viola from 1965 .,PlayMusic
the following essay is a two,RateBook
find the closest movie theatre with films,SearchScreeningEvent
What animated movies are playing nearby ?,SearchScreeningEvent
Show me showtimes at the cinema for Chain of Events .,SearchScreeningEvent
find the movie Take Another Picture,SearchCreativeWork
Book the Bobcat Bite .,BookRestaurant
Can you add Through the Darkness They March to my once upon a time playlist,AddToPlaylist
Add artist Leonard Cohen to my indie brazuca,AddToPlaylist
Give The Toynbee Convector four of 6,RateBook
Book reservations at a nearby restaurant in Montenegro for four people,BookRestaurant
show animated movies in nearest movie theatre,SearchScreeningEvent
Find the Now We Are Six saga,SearchCreativeWork
add kjetil vidar haraldstad to listas de éxitos,AddToPlaylist
Find the closest movie house that plays animated movies,SearchScreeningEvent
play some Classical music on Spotify,PlayMusic
"Put Corrina, Corrina onto my classical x list.",AddToPlaylist
rate this novel two out of 6,RateBook
show me movies in the area,SearchScreeningEvent
I want to find parking next to a restaurant for 10,BookRestaurant
What are the movie schedules for Kerasotes Theatres,SearchScreeningEvent
I want a matt garrison tune in my Fresh Finds Fire Emoji playlist.,AddToPlaylist
I'd like to watch animated movies at National Amusements,SearchScreeningEvent
What's the weather like in Schenectady MA ?,GetWeather
Rate this essay with three of 6 .,RateBook
Add david cole to an instrumental sunday,AddToPlaylist
show song schedule Come into the World,SearchCreativeWork
When can I see The Crew of the Dora,SearchScreeningEvent
find Wintersong game,SearchCreativeWork
Can you search City of Scars ?,SearchCreativeWork
add david dallas to my latin dance cardio playlist,AddToPlaylist
Add bill evans to the Motivation Mix playlist.,AddToPlaylist
Will it be snowy in Florewood State Park ?,GetWeather
play the top five songs by Gad Elbaz,PlayMusic
For my playlist jazzy dinner add the name Kick Over the Traces,AddToPlaylist
I'd like to listen to Diana Vickers best tune from the twenties,PlayMusic
Play me the most popular Arthur Johnston song,PlayMusic
what is the PW forecast for jul. 9 in Robert,GetWeather
add a track by Big Sha to my This Is Miranda Lambert playlist,AddToPlaylist
What will it be like feb. the twentieth in Colorado,GetWeather
what time is Dark World showing at Consolidated Theatres,SearchScreeningEvent
add cliffs of dooneen in playlist Lo Que Suena Los Angeles,AddToPlaylist
find Alamo Drafthouse Cinema with animated movies,SearchScreeningEvent
"I need a top-rated gastropub for 5 in DC in Conshohocken on Jul. the 18th, 2024",BookRestaurant
Find the movie times at Consolidated Theatres .,SearchScreeningEvent
please put the artist Matt McKenna in my This Is Shakira playlist,AddToPlaylist
Show movie schedule and movies in the area,SearchScreeningEvent
Find movie schedules for Bow Tie Cinemas .,SearchScreeningEvent
Find a trailer called Peggy Sue .,SearchCreativeWork
what's the closest movie house showing The Legend of Ben Hall,SearchScreeningEvent
What will the weather be in Worthington Springs ?,GetWeather
show the creativity of The Attic,SearchCreativeWork
Book a table at T-Rex distant from Halsey St .,BookRestaurant
Find a soundtrack called I Still Believe in You .,SearchCreativeWork
show Crafty Hands saga,SearchCreativeWork
book a table in Hallwood for one for supper,BookRestaurant
What's the weather in Andorra,GetWeather
Book me a table for 2 in 6 years at a restaurant that serves potée,BookRestaurant
add Viktor Tsoi to my sweet soul chillout playlist,AddToPlaylist
Weather for close-by Parc national de Kolkheti,GetWeather
Can this song get added to lunchtime ?,AddToPlaylist
find movie times,SearchScreeningEvent
Play something off Google Music,PlayMusic
I would like to rate Tar A Midwest Childhood a value of 1 and a best rating of 6,RateBook
What will the weather be at Noon in Durbin OH ?,GetWeather
Out of 6 stars I give the chronicle three and look forward to what's next .,RateBook
The current novel I'm reading gets only a one out of 6 .,RateBook
What animated movies are showing at Loews Cineplex,SearchScreeningEvent
What is the movie schedule at Caribbean Cinemas,SearchScreeningEvent
book a brasserie,BookRestaurant
Play top-twenty fourties movement music by Mohammad Reza Lotfi .,PlayMusic
need a table at a highly rated restaurant within walking distance from downtown for luisa and I,BookRestaurant
Can you tell me the movie times for Alamo Drafthouse Cinema,SearchScreeningEvent
Look up The Brave Archer 2,SearchCreativeWork
Rate The Seventh Decade two of 6 points,RateBook
When is Sea of Fear being shown at the closest movie theatre ?,SearchScreeningEvent
Add best of uetoaya to Wild Country,AddToPlaylist
Find me animated movies at Amco Entertainment tomorrow,SearchScreeningEvent
Search for Another Cinderella Story,SearchCreativeWork
I want to hear a 1957 theme song,PlayMusic
Please play me a popular track from 1984 .,PlayMusic
what is the forecast for the current position,GetWeather
What does it feel like in Alloway,GetWeather
Is there snowstorm in LA ?,GetWeather
I want another track added to the Korean OSTs playlist.,AddToPlaylist
Will it be overcast during meal time in NH ?,GetWeather
Find a TV show called Studies in Logic .,SearchCreativeWork
How chilly will it be at 093206 am in Moncove Lake State Park ?,GetWeather
find the book The Crowd Roars,SearchCreativeWork
"Will there be hail in 8 minutes in Iroquois , MA ?",GetWeather
Add no more sorrow to Ultra Metal,AddToPlaylist
book a table for nine PM at a pub in MA,BookRestaurant
Let me get reservations for a party of three at a bar with a pool .,BookRestaurant
How do I get the game Still on It ?,SearchCreativeWork
put this tune on my your favorite coffeehouse playlist,AddToPlaylist
play fourties tunes by Bryan Webb on Groove Shark,PlayMusic
Is there a snowstorm in Russia,GetWeather
Play some Retro music.,PlayMusic
Play me the dinner playlist,PlayMusic
What's the weather in Dazey,GetWeather
Add bilal to winter,AddToPlaylist
Add ricky nelson to my Classical X playist,AddToPlaylist
Add Tony McGuinness to my playlist I Love My 90s Hip Hop,AddToPlaylist
"find The Little Death , a soundtrack",SearchCreativeWork
put this Kes song on the feel good indie rock playlist,AddToPlaylist
Find me a saga by Reproductions,SearchCreativeWork
Play movement music from 1954,PlayMusic
Add the pop tarts to my this is astor piazzolla playlist,AddToPlaylist
What is the forecast in Kearneysville,GetWeather
add country nights by A Journal of the Plague Year to playlist,AddToPlaylist
Add a song to in residence metal hammer episode 6,AddToPlaylist
"Play some 2011 chant music, new first, by Shaggy .",PlayMusic
"Can you please look up the game , The Islanders ?",SearchCreativeWork
rate the current album 2 points out of 6,RateBook
add The Field album to my romantic evening album,AddToPlaylist
add the man who never lied to my current comedy top tracks,AddToPlaylist
"What's the weather forecast for Central , North Dakota ?",GetWeather
read the Black-Body Theory and the Quantum Discontinuity novel,SearchCreativeWork
where can I see the television show Falling Away from Me,SearchCreativeWork
Find time for Ace of the Saddle,SearchScreeningEvent
Find the schedule for animated movies in the neighborhood .,SearchScreeningEvent
"What will the weather be like on january 16, 2030 in Rainbow Falls State Park",GetWeather
Book me a table for seven people at a bar with a pool .,BookRestaurant
Add this tune by Frankie Laine to my playlist kitchen swagger,AddToPlaylist
Book reservations at a restaurant for me and my ex husband in West Virginia,BookRestaurant
Show Second Generation album,SearchCreativeWork
Rate the current novel 1 of 6,RateBook
"Play Paul Landers , O Rio, A Cidade, A Árvore on slacker",PlayMusic
"Tell me the weather forecast for September 21, 2030 in Palau",GetWeather
What time is Class playing at Amco Entertainment ?,SearchScreeningEvent
I think the current album should get a four out of 6 rating.,RateBook
Give Whispers in the Graveyard a five .,RateBook
What is the book Sell Your Body ?,SearchCreativeWork
Could you play the album B Men Gahō by Nathaniel Shilkret,PlayMusic
Play Elysium from Ryan Cayabyab,PlayMusic
Find a song called Bronco Billy .,SearchCreativeWork
give this textbook a rating of 3,RateBook
Find I Could Fall in Love .,SearchCreativeWork
What's the weather in the Marshall Islands in sixteen hours,GetWeather
I would like to eat fast food and have a party of two in Kentucky .,BookRestaurant
show me the Everybody Wants You picture,SearchCreativeWork
rate Awaiting Strange Gods Weird and Lovecraftian Fictions a 1,RateBook
What's the forecast for East Sonora Qatar,GetWeather
I would like to rate the current chronicle 4 to 6 stars .,RateBook
Rate The Watsons four of 6 stars,RateBook
show game Alien Breed II - The Horror Continues,SearchCreativeWork
need to book a table in Ludden,BookRestaurant
"I want to book a bar in Bow Mar , New Mexico",BookRestaurant
Is it going to be freezing in one hour in Puerto Rico,GetWeather
show creative video game The Boat Is Full,SearchCreativeWork
Is it hot in the current location ?,GetWeather
Rate this textbook 4 stars .,RateBook
book a bar table for Tonight for rajasthani food,BookRestaurant
Rate this novel 1 out of 6 points,RateBook
put this artist on Domingo Indie,AddToPlaylist
I'm looking for a picture of Fresh Air,SearchCreativeWork
book a table for 0 pm in Fayette for rachael morris and shannon near there,BookRestaurant
Find a reservation for six at a top-rated brasserie,BookRestaurant
Weather for Marshall,GetWeather
play Kings Of The Wild Frontier by Andrea Bocelli,PlayMusic
Rate this essay five stars,RateBook
Rate The Demolished Man a five,RateBook
Play my Under The Surface playlist.,PlayMusic
Show me movie times for movies in the neighborhood,SearchScreeningEvent
Rate this novel at 2,RateBook
add Curious corn to Wild & Free Workout,AddToPlaylist
"book a eastern european cuisine restaurant in midday for four in Meers , MP",BookRestaurant
play the best album from the seventies,PlayMusic
Is the start eim 23 hours twenty one minutes and one second from now for Morgan – A Suitable Case for Treatment at Santikos Theatres,SearchScreeningEvent
What Howards End cinema is near?,SearchScreeningEvent
add album to Ultra Metal,AddToPlaylist
I would like to book a tea house at 0805,BookRestaurant
Can you search Miracle in the Rain ?,SearchCreativeWork
can you get me the trailer of The Multiversity ?,SearchCreativeWork
I need a table for 10 at the best gastropub,BookRestaurant
Add a bill deasy track to the conexiones playlist.,AddToPlaylist
Is it nice in PW,GetWeather
Rate this textbook 5 points out of 6 .,RateBook
Add Firehouse to my acoustic soul list.,AddToPlaylist
I need seats for six at a vegan bar in London Borough of Enfield or the same distant in one second,BookRestaurant
add willie nelson live to my Acoustic Blues playlsit,AddToPlaylist
book a popular food truck in Kentucky,BookRestaurant
give this a 0 for this book,RateBook
The this is kevin johansen playlist needs The Lamb Lies Down on Broadway in it.,AddToPlaylist
"therese, clara and I want to go to the Tennessee Ridge",BookRestaurant
Find Darker than black .,SearchCreativeWork
"Please find the movie , A Jingle with Jillian .",SearchCreativeWork
Can you provide me with movie schedules for Century Theatres ?,SearchScreeningEvent
SHow me the nearest movie house showing Moron 5 and the Crying Lady,SearchScreeningEvent
book a spot at Leopold Cafe in Bhutan,BookRestaurant
What's the weather going to be like in a week at Big Walnut Creek Nature Preserve ?,GetWeather
Play the theme tune that Christian Fennesz wrote,PlayMusic
Get me reservations for seven at a restaurant in PW that serves tourte .,BookRestaurant
find the trailer for Live at Hull,SearchCreativeWork
book french food for me and angeline at a restaurant,BookRestaurant
Start up my nostalgic playlist.,PlayMusic
Find a TV show called The SoulTaker .,SearchCreativeWork
what is the current spot forecast for far areas and warmer temps,GetWeather
what is the Afternoon forecast for Shannon and Pitcairn Islands,GetWeather
Rate this book zero out of 6,RateBook
0 stars for this current saga,RateBook
score this album 5 stars,RateBook
Play March Of The Soviet Tankmen from Gloria Gaither,PlayMusic
rate this series two of 6,RateBook
Play Foundling by Jean Grae on Vimeo .,PlayMusic
is there expected of rainfall in Horton of Connecticut,GetWeather
For this current saga I give 5 out of 6 possiable points,RateBook
play pandora tracks by Akhtar Sadmani,PlayMusic
Show me the soundtrack The Phoenix,SearchCreativeWork
my colleagues and I would like a restaurant in Snow Lake,BookRestaurant
Add harlow wilcox to hip hop club bangers,AddToPlaylist
Is it supposed to be chilly in DE tonight ?,GetWeather
Play a trailer for Give It All,SearchCreativeWork
Play a 1974 sound track on Vimeo .,PlayMusic
Book a reservation for one at a highly rated restaurant in Datil,BookRestaurant
this novel should get zero points for how intrepid it is.,RateBook
Book a table for nine at Canteen Lunch in the Alley at Midnight,BookRestaurant
Let's play the album Handover on Deezer,PlayMusic
Show the movie schedule for animated movies in the neighbourhood,SearchScreeningEvent
Can you tell me the movies that are going to be scheduled at the closest movie house ?,SearchScreeningEvent
I'm looking for a game called Gateway,SearchCreativeWork
"i'd like reservations for two at a pizzeria , 22 weeks from now .",BookRestaurant
give 0 points to The Eudaemonic Pie,RateBook
I award this next series 0 points,RateBook
Find a show called Last Night On Earth .,SearchCreativeWork
"Book a spot for kelli, jean and I at a pub at elevenses",BookRestaurant
Will it be windy at Medicine Rocks State Park on May 24,GetWeather
Play Alfredo Zitarrosa on spotify .,PlayMusic
book a food court indoor at Penermon for my step father and I,BookRestaurant
I need a reservation for 8 at a top-rated restaurant in Hagaman,BookRestaurant
whats the movie schedule for movies nearby,SearchScreeningEvent
Play songs by Naomi Schemer,PlayMusic
Play iheart,PlayMusic
what is the Poland forecast for next January,GetWeather
Please play the most popular ep from 1998 by Mc Frontalot,PlayMusic
Add Every Song Is a Cry for Love to my playlist Soul 'n' The City,AddToPlaylist
Find the schedule for The Tooth Will Out at sunrise .,SearchScreeningEvent
Find a game called The Life and Loves of Tschaikovsky .,SearchCreativeWork
"book a spot for connie, earline and rose at an oyster bar that serves chicken fried bacon in Beauregard Delaware",BookRestaurant
Add live around the world to crossroad blues,AddToPlaylist
What will the weather be in the current position on Dec. 23 ?,GetWeather
find Brandy in the Wilderness,SearchScreeningEvent
what theaters are showing A Lonely Place to Die – Todesfalle Highlands starting at 1440,SearchScreeningEvent
Which movie theatre nearest me is showing animated movies starting now ?,SearchScreeningEvent
play the top nineties melody by Gus G,PlayMusic
I want to watch the movie X Window Display Manager,SearchCreativeWork
I want to hear Ding Dong Bell on groove shark,PlayMusic
What do the movie schedules at B&B Theatres look like?,SearchScreeningEvent
Check the weather for Faroe Islands .,GetWeather
Book a top-rated restaurant in Milton-Freewater .,BookRestaurant
Add shi xin hui to my piano chill playlist.,AddToPlaylist
Is it forecast to be cold in Wisconsin ?,GetWeather
"find Something Crucial , a book",SearchCreativeWork
Add julian taylor to my latin dance cardio list,AddToPlaylist
I need a reservation for 7 people at a bar in Chile that serves bio .,BookRestaurant
add this album by richard hell to arlene's playlist named miami 2017 guest list,AddToPlaylist
give the Racing the Rain saga zero stars,RateBook
show me the schedule of movie Michel Strogoff,SearchScreeningEvent
rate this textbook 2 stars,RateBook
rate the saga In Mortal Hands five out of 6 stars,RateBook
Give me Pacific Theatres movie schedules,SearchScreeningEvent
How much rain in Montana 12 months from now,GetWeather
I need a reservation for two at a diner in Venezuela,BookRestaurant
Check movie schedules and find which animated movies are being aired in the neighborhood movie halls.,SearchScreeningEvent
Can you help me search the album titled PlayMaker Football ?,SearchCreativeWork
What is the movie schedule for the North American Cinemas,SearchScreeningEvent
four out of 6 stars for Special Assignments,RateBook
Add an album to my Sylvia Plath playlist.,AddToPlaylist
"Can you tell me what the weather is doing in North Epworth , Guam",GetWeather
Book me a table for 3 at TKK Fried Chicken in Sri Lanka,BookRestaurant
Is it chilly in FM,GetWeather
Rate Voyages by Starlight a value of 0,RateBook
book a spot for ten in Upper Marlboro PR,BookRestaurant
give Song of Scarabaeus five of 6 stars,RateBook
Play Rob Dougan on youtube,PlayMusic
Add the tune to Your Favorite Slaughterhouse playlist.,AddToPlaylist
"I need a table for nine at a restaurant in Pelican Bay serving chips on December 6, 2031",BookRestaurant
give 2 stars to Mulligan Stew series,RateBook
add this tune to my It's a Southern Thing playlist,AddToPlaylist
Play me a popular Ronnie Wood soundtrack,PlayMusic
I rate this essay a four of 6,RateBook
Will it be snowy in Pillow Indiana ?,GetWeather
Play a song from my workout playlist on Groove Shark,PlayMusic
search for the painting The Elder Scrolls I Arena,SearchCreativeWork
Rate The White Abacus zero out of 6 points,RateBook
Add the crabfish to my playlist called The Sleep Machine Rainforest,AddToPlaylist
Give 2 points to Khaled A Tale of Arabia,RateBook
the last novel is a solid 3 out of 6,RateBook
Play some Sam Moore .,PlayMusic
Play a soundtrack by Mike Hindert on Spotify .,PlayMusic
In seven hours from now will it rain at my current place,GetWeather
Is there a snowstorm in the forecast for Saint Helena ?,GetWeather
is Terminal Station at Cinemark Theatres,SearchScreeningEvent
The Zen Focus playlist needs David Franj in it.,AddToPlaylist
Add artist to Latin Pop Hits,AddToPlaylist
In my playlist Rock Gaming add Mariem Hassan con Leyoad,AddToPlaylist
What films are showing at Kerasotes Theatres,SearchScreeningEvent
Rate this novel 4 points out of 6,RateBook
what's the closest cinema showing animated movies,SearchScreeningEvent
listen to Pmd symphony,PlayMusic
give the following essay one stars,RateBook
Add the name cry like a baby to my a mis niños de 30 playlist,AddToPlaylist
I'd rate Days of Blood and Starlight a 4,RateBook
How much fog is there in Tarpon Springs ?,GetWeather
I'd like to watch Demolition Man at 1109 PM,SearchScreeningEvent
Can you put dj kay slay onto the 2010 Decade playlist?,AddToPlaylist
Play Keep Your Right Up song,SearchCreativeWork
What will the weather be in Cummings Mississippi in eleven years,GetWeather
Play the Instrumental Study on Vimeo .,PlayMusic
Add this adam clayton tune to sxsw fresh playlist,AddToPlaylist
Find the movie schedule for B&B Theatres .,SearchScreeningEvent
Add rmx works from cyber trance presents ayu trance 3 to judy's Sophisticated Dinner playlist,AddToPlaylist
book a restaurant for 2 that has internet,BookRestaurant
I want to make a reservation for a group of 4 at a churrascaria type spa,BookRestaurant
Find a soundtrack called The Alice Cooper Show .,SearchCreativeWork
listen to Westbam alumb Allergic on Google Music,PlayMusic
I want to add something by Jarvis Cocker to my rock español playlist,AddToPlaylist
Can you add something by Vikki Thorn to my lo mejor de los 80's playlist,AddToPlaylist
Will there be snowfall in Coxs Mills Vatican ?,GetWeather
book a spot for 9 at a churrascaria that serves ammonia cookie in Volga,BookRestaurant
Add this tune to my playlist Guest List Mashable,AddToPlaylist
Please rate the current textbook with 5 stars out o 6,RateBook
Where can I find information on Brats in Battalions ?,SearchCreativeWork
Will there be a depression here on october 26,GetWeather
table for 1 please,BookRestaurant
I would like to put taylor dayne on the pop 4 kids list,AddToPlaylist
What time is I Know That You Know That I Know lpaying,SearchScreeningEvent
add Be Yourself Tonight to I Love My 90s Hip Hop,AddToPlaylist
Can you pull up the American Music Awards of 1975,SearchCreativeWork
add maschi e altri to my this is john williams,AddToPlaylist
Will it be rainy in Neffs,GetWeather
Book me an indoor pub in Jersey,BookRestaurant
add little walter to Women of Comedy playlist,AddToPlaylist
Add artist to TODO EDM,AddToPlaylist
I want to watch the television show Naked II,SearchCreativeWork
find Loved Ones for me,SearchCreativeWork
Will it snowstorm in Lampi Island Marine National Park ?,GetWeather
Find the movie schedule for animated movies in the area .,SearchScreeningEvent
Will there be a storm on Christmas Day in my current place ?,GetWeather
I give this terrible book a two out of 6 .,RateBook
Find the movie schedules for Consolidated Theatres .,SearchScreeningEvent
Rate this book 0 of 6 points,RateBook
Book me seating at a popular joint for Sep. the 10th,BookRestaurant
Play the song Long Live Love,PlayMusic
I want to hear jon sholle 's stuff from 2009 on Groove Shark,PlayMusic
Play some nineties music on Zvooq,PlayMusic
Tell me if there will be a depression today in Kiribati,GetWeather
Please show me the movie schedule for movies playing in the neighborhood .,SearchScreeningEvent
"Will it be even hotter 2 years from now in El Jebel , Niger",GetWeather
Play music on the playlist Electronic Gaming,PlayMusic
What movie theatre is palying The Hurricane five hours from now,SearchScreeningEvent
I want to rate A Long Short War series a four out of 6 .,RateBook
Find me the nearest cinema that have movies starting right now .,SearchScreeningEvent
Rate The Scoop 4 of 6 stars,RateBook
I need a reservation for eight at The Original Soup Man in Northern Mariana Islands,BookRestaurant
What are the local movie times,SearchScreeningEvent
I need reservations for a party of 8 within the same area at 014835 at a restaurant in Armenia that serves tuscan cuisine.,BookRestaurant
show weather forcast here at 19,GetWeather
find a book called Kiss Symphony - Alive IV,SearchCreativeWork
find Karol The Pope,SearchCreativeWork
I need to take three people to eat,BookRestaurant
add song to my eletro br playlist,AddToPlaylist
Can you play me some eighties music by Adele,PlayMusic
add j p pickens to chill out playlist,AddToPlaylist
What time is film showing at Southern Theatres,SearchScreeningEvent
Can you play a song off an album by Shirley Horn,PlayMusic
Add Barbara to the metal xplorer playlist.,AddToPlaylist
I'm looking for Sherlock Holmes contre Arsène Lupin .,SearchCreativeWork
I want to hear a track by Ryohei Yamamoto on Vimeo,PlayMusic
Which animated movies are showing close by ?,SearchScreeningEvent
Which animated movies are playing at Fox Theatres ?,SearchScreeningEvent
Show me the A-Myin-thit TV series,SearchCreativeWork
Play my Trabajo Relax playlist,PlayMusic
Play a melody from Elmer Bernstein,PlayMusic
"I would give the Against His-Story, Against Leviathan saga a value of one",RateBook
Where is the nearest movie theatre that is playing The King Maker,SearchScreeningEvent
I need to know what theatre is playing A Happy Coersion,SearchScreeningEvent
I rate this novel 5 of 6,RateBook
book me best joint restaurant for 2 members at AMerican Samoa today,BookRestaurant
Find time for films at the nearest movie theatre,SearchScreeningEvent
Forecast for 11 am in Nauru,GetWeather
Rate The Woven Path one stars,RateBook
Where can I view the trailer Jeeves and Wooster in Perfect Nonsense,SearchCreativeWork
What is the weather close to Somesville on mon .,GetWeather
find Oman Medical Journal,SearchCreativeWork
Find movie schedules .,SearchScreeningEvent
"Book a spot for ten in Morris Ranch SD on nov. the twenty-second, 2023",BookRestaurant
Play sixties theme music,PlayMusic
Add this song to indie hipster,AddToPlaylist
What is the closest cinema with animated movies,SearchScreeningEvent
Show GD&TOP painting,SearchCreativeWork
show me the picture Sex and Drugs and Jesus Christ,SearchCreativeWork
find A Feather in Her Hat at Magic Johnson Theatres,SearchScreeningEvent
What is the forcast now in Kansas,GetWeather
give the current album a score of five out of 6,RateBook
Can you play Crossover ?,PlayMusic
What's the weather in Swift River Reservation,GetWeather
What time is The Count playing,SearchScreeningEvent
put Ron Grainer on my disco fever playlist,AddToPlaylist
Will there be a fog here this week ?,GetWeather
Play music on Spotify .,PlayMusic
add Tarte to bandas sonoras playlist,AddToPlaylist
What films are playing at the nearest movie theatre,SearchScreeningEvent
find films with movie schedules that are nearby,SearchScreeningEvent
Rate this awful book called Cold with 0 out of 6 points,RateBook
Rate the current album 3 points,RateBook
"Is it going to be snowy in Concord , Utah ?",GetWeather
Find a photograph called Shout It Out .,SearchCreativeWork
Open iheart and play Té Para Tres,PlayMusic
Add a track by flesh n bone to my totally alternative playlist.,AddToPlaylist
find the TV series Truly Fine Citizen,SearchCreativeWork
rate the current album 5 points,RateBook
"find National Amusements with Honey, I Shrunk the Kids",SearchScreeningEvent
search for The Adventure of the Blue Carbuncle,SearchCreativeWork
forecast for Thayer,GetWeather
find The Broken,SearchScreeningEvent
Give this novel a two star rating.,RateBook
Search for The Dark Side of the Mind movie,SearchCreativeWork
Give zero stars to Book of Artifacts,RateBook
Show me the movies at the closest cinema,SearchScreeningEvent
Search for TERA The Exiled Realm of Arborea,SearchCreativeWork
I want 4813 added to my Rhythm and Blues playlist,AddToPlaylist
What films are scheduled around here ?,SearchScreeningEvent
find Andreas Hofer at elevenses,SearchScreeningEvent
Tell me the forecast for Sweden,GetWeather
Find a TV series called The Golden Hits of Sandie Shaw .,SearchCreativeWork
Show me the song The Incredible Hulk Returns,SearchCreativeWork
play Glenn Yarbrough tunes,PlayMusic
"Tell me the forecast for Rogers City , MS",GetWeather
Play the album alas y raíces by Dave Pybus .,PlayMusic
please rate this essay three out of 6,RateBook
what is the movie schedule for Cineplex Odeon Corporation,SearchScreeningEvent
Rate Sandworms of Dune three out of 6 stars,RateBook
Give me the showtimes for animated movies at the nearest cinema .,SearchScreeningEvent
show Investigating Sex album,SearchCreativeWork
Add One Good Reason to the bachelor party playlist,AddToPlaylist
I want to add a tune by Damon Johnson to my frescura indie playlist,AddToPlaylist
Show me Tears On My Pillow .,SearchCreativeWork
Play top-ten eighties song,PlayMusic
What will the weather be in Mattawan Saint Barthélemy ?,GetWeather
What are the movie times at Goodrich Quality Theaters ?,SearchScreeningEvent
play Hanging Out and Relaxing,PlayMusic
"Can you find me the movie , The Girl and the General ?",SearchCreativeWork
Is Unsettled Land playing at the movie theatre,SearchScreeningEvent
Reserve me a resturant for 5 at seventeen o'clock,BookRestaurant
Open up music on Last Fm .,PlayMusic
Can I get the movie schedules for Megaplex Theatres ?,SearchScreeningEvent
Get me a table at The Hand & Flowers for sixteen hours .,BookRestaurant
I'd like to watch Abbott and Costello Meet Captain Kidd at the nearest cinema,SearchScreeningEvent
Find movie schedules for movies around here at nineteen o'clock .,SearchScreeningEvent
play some Spotify by Danni Bassan,PlayMusic
Add a song by Takahito Eguchi to my guest list polygon playlist.,AddToPlaylist
add Jalal Zolfonun to my Nature Noise,AddToPlaylist
Show me Skyfall Original Motion Picture Soundtrack,SearchCreativeWork
Play music from 1976 on Deezer,PlayMusic
Will it be warmer now in Covenant Life,GetWeather
"1 minute from now , I will need reservations at a restaurant in Vanlue .",BookRestaurant
I want lay down your arms in the indie español playlist.,AddToPlaylist
play classic rock on Slacker,PlayMusic
rate The Gutting of Couffignal one points,RateBook
Add Atticus Ross to the electrosafari playlist,AddToPlaylist
Play a tune by Mc Hawking,PlayMusic
What movies are playing in the area ?,SearchScreeningEvent
book me a diner close-by Benin that serves strolghino for eight people,BookRestaurant
Where is the nearest cinema that is playing Pioneers of the West,SearchScreeningEvent
Give Drift The Unmooring of American Military Power 0 out of 6 points .,RateBook
Is it going to be cold today in Wing ?,GetWeather
rate the current novel two points out of 6,RateBook
play the album by Paul Barker playing the greatest from 1978,PlayMusic
Play music by Nick La Rocca,PlayMusic
Will it be foggy in 1 hour and 1 minute from now in OK,GetWeather
Add an album to my playlist bachata lovers,AddToPlaylist
Is Covered Wagon Days playing at B&B Theatres in 1 second ?,SearchScreeningEvent
I want to hear a soundtrack by dj ozma from the sixties .,PlayMusic
"Tell me the weather forecast for Carmichaels , Gambia at one am",GetWeather
book me a restaurant,BookRestaurant
"find The Real Dirt on Farmer John , a saga",SearchCreativeWork
Add the current artist to my sxsw latin,AddToPlaylist
What theater is showing From Paris with Love and when?,SearchScreeningEvent
Rate this current novel 1 out of 6 points .,RateBook
Play music from 2007 .,PlayMusic
Give The Denationalization of Money series four of 6,RateBook
What is the weather forecast in Langdon,GetWeather
Play Lorenzo Palacios Quispe,PlayMusic
I want to add this song to my Infantil playlist,AddToPlaylist
Where can I purchase the TV show Time for Heroes,SearchCreativeWork
Where can I locate the show The Return of Mr. Moto,SearchCreativeWork
"book for jessie, dale wright and lupe at a bistro on feb. 20, 2040",BookRestaurant
Play the top-20 music by merz,PlayMusic
add tune Digster Reggae,AddToPlaylist
Lets hear some 2009 music,PlayMusic
Where can i watch the television show The Private Affairs of Bel Ami ?,SearchCreativeWork
Rate this album two out of 6,RateBook
give zero out of 6 stars to Smart Girls Get What They Want book,RateBook
Play some seventies music on netflix .,PlayMusic
Will weather conditions be stormy here from 6/15/2025 onward.,GetWeather
what is the weather starting at 114752 for South Africa,GetWeather
"What's the weather forecast for East Berlin , AL ?",GetWeather
Can you let me know the films that are on the movie schedules in the area at noon ?,SearchScreeningEvent
Rate A Conspiracy of Paper 4 of 6,RateBook
Find the schedule for movies at Plitt Theatres .,SearchScreeningEvent
Add an album to my list La Mejor Música Dance 2017,AddToPlaylist
Is temperature in Hanksville freezing ?,GetWeather
book a best steakhouse for 2 in Montserrat on 79 days and a half from now,BookRestaurant
what films are on the movie schedule around here,SearchScreeningEvent
Add artist to my working day,AddToPlaylist
add my hands to travelling playlist,AddToPlaylist
What's the weather forecast for Crystal Lake Park ?,GetWeather
show movie schedules for Fox Theatres,SearchScreeningEvent
Rate my current book five points out of 6,RateBook
I want to hear some songs from the twenties,PlayMusic
find a TV show called The Traffic Policeman,SearchCreativeWork
Show The Ancient Art of War picture,SearchCreativeWork
find a soundtrack for Meditations,SearchCreativeWork
Please provide the Rainbow Mars series a zero out of 6 points .,RateBook
Give me some info on when Hands Across the Border will be laying at the cinema .,SearchScreeningEvent
Add J J Cale to my heavy gamer playlist.,AddToPlaylist
find the album Smoke and Mirrors,SearchCreativeWork
add doing all right to string theory,AddToPlaylist
Will it get warmer in the same area as Sandy Point National Wildlife Refuge,GetWeather
put kan on my Indie Rock Road Trip,AddToPlaylist
Add Banana Republic to my this is puccini playlist,AddToPlaylist
I'd like to hear the song In a Reverie,SearchCreativeWork
Rate Phoenix The Fall & Rise of Videogames one points out of 6,RateBook
play the Caps Lock trailer,SearchCreativeWork
Play some acapella music,PlayMusic
Find the schedule for movies at Harkins Theatres .,SearchScreeningEvent
What is the weather like in Phnom Sankos Wildlife Sanctuary,GetWeather
"Is it supposed to be windy in ME on june the 14th, 2024 ?",GetWeather
Play some Last Fm music like the 1992 ep from Peaches,PlayMusic
Can you help me find Tears from a Willow ?,SearchCreativeWork
Can you add some disco to my playlist called Genuine R&B,AddToPlaylist
play Slacker tunes by Smog from movement in 2015,PlayMusic
show creativity of Sacred Fire Live in South America,SearchCreativeWork
Play some 1987 Edie Brickell .,PlayMusic
what is the movie schedules for animated movies nearby,SearchScreeningEvent
I want to listen to the album going back to the blue ridge mountains on iheart,PlayMusic
"add artist Fabri Fibra to This Is Earth, Wind & Fire",AddToPlaylist
Play Dj Scratch 's eighties music on Iheart .,PlayMusic
Give the book Men and the City 3 out of 6 stars,RateBook
Please tell me the forecast for here,GetWeather
Add teriazume to the nação reggae playlist,AddToPlaylist
rate my current novel four out of 6 stars,RateBook
How hot will it be in Wisconsin on august fourth ?,GetWeather
I'd like to visit a pizzeria with a pool at fourteen o'clock .,BookRestaurant
rate the current textbook zero out of 6 points,RateBook
I want to hear some Bill Black chant music,PlayMusic
Play the playlist Tropical Morning on Pandora,PlayMusic
"Lets take me, cherry and tracie to a Noyack bar",BookRestaurant
Looking for the painting Last Flight To Abuja,SearchCreativeWork
Play a song from the thirties on Zvooq,PlayMusic
show creativity in Call Me Joe,SearchCreativeWork
Can you play a song from the fourties by George Martin,PlayMusic
Play some Sonu Niigaam from the fifties,PlayMusic
play The Nubians of Plutonia trailer,SearchCreativeWork
Rate Cold Comfort Farm a three out of 6 total,RateBook
Where is the closest cinema that is playing The Honeymoon Killers,SearchScreeningEvent
Book a table for pearl and verna slated ash wednesday in Gabon .,BookRestaurant
Is F.I.S.T. at Malco Theatres,SearchScreeningEvent
Find the schedule for Central Airport at the closest movie theatre .,SearchScreeningEvent
book a table in Greece for 4,BookRestaurant
give 4 out of 6 stars to current chronicle,RateBook
Please tell me the movie schedules,SearchScreeningEvent
Please help me search The Banker television show .,SearchCreativeWork
Book a table at a cuban pub for 5 pm for a party of 7 in Virginia .,BookRestaurant
Please play Different Slanguages by Fred Labour .,PlayMusic
Find trailer of Jazz Impressions of the U.S.A.,SearchCreativeWork
add Volver to my pop gaming playlist,AddToPlaylist
"I would like to book a restaurant in the same area as Tremont Av for nadine, sherrie and I on 3/21/2018",BookRestaurant
give one star to The Indestructible Man,RateBook
Play the top song by Jack Grisham,PlayMusic
Add Jonathan Arons to my Indie Electronics playlist,AddToPlaylist
Play some gothic rock .,PlayMusic
Give this novel a rating of 1 points .,RateBook
Can you get me seating for a party of 4,BookRestaurant
Find the movie schedules for films in the area .,SearchScreeningEvent
Play Moris Tepper,PlayMusic
add artist brenda k starr to frescura indie,AddToPlaylist
Play some twenties theme music on Google Music .,PlayMusic
book a restaurant faraway from Rwanda for two,BookRestaurant
find Chained Heat,SearchScreeningEvent
Play the newest twenties melody .,PlayMusic
What time is Mon Amour Shesher Kobita Revisited playing,SearchScreeningEvent
add Fred Knoblock to my lo-fi love playlist,AddToPlaylist
TV series for The Thirty Nine Steps ?,SearchCreativeWork
Tell me the weather forecast for WY,GetWeather
Rate this album 4 points,RateBook
Book a table for 6 in New Hampshire for next week .,BookRestaurant
Please find me the nearest cinema playing Foreign Intrigue .,SearchScreeningEvent
can i get the showtimes for films in the neighbourhood,SearchScreeningEvent
Tell me the weather forecast in 4 years and a half in GA,GetWeather
Book me a reservation nearby my neighborhood,BookRestaurant
This current book only nets 3 out of 6 points,RateBook
What's the weather like in Kaltag ?,GetWeather
show me God Bless the Child photograph,SearchCreativeWork
Rate this textbook 4 out of 6 stars,RateBook
find Cascading Waterfall,SearchCreativeWork
I want to watch the TV series Rat Pack,SearchCreativeWork
"I'm looking for Dead at 21 , the TV series",SearchCreativeWork
What animated movies are around here,SearchScreeningEvent
book a restaurant in Macedonia for 13 hours from now,BookRestaurant
Play the top-5 songs from Paddy Reilly on zvooq,PlayMusic
table at Nankin Cafe fr one,BookRestaurant
"Will it be warmer at 15 o'clock in Deepwater , Bonaire",GetWeather
How will the weather be at 8 am in CT ?,GetWeather
I want to give The Cat Who Walks Through Walls a 1,RateBook
book a spot in MI,BookRestaurant
Book a popular restaurant in New Jersey .,BookRestaurant
"I need Top Gear 2 , please search it for me.",SearchCreativeWork
I want to play the game The Celestial Hawk,SearchCreativeWork
To the Stars The Autobiography of George Takei gets four out of 6 stars,RateBook
Play music from the playlist Late Night Jazz,PlayMusic
Play the album Will Rap Over Hard Rock For Food,PlayMusic
add pete shelley to Is It New Wave,AddToPlaylist
give Jackass Investing a three,RateBook
give one points to current book,RateBook
Programming the Universe is average and deserves three stars out of 6 .,RateBook
I want to hear the new Vasilis Tsitsanis ep,PlayMusic
Find a reservation for a party of six in Tuvalu,BookRestaurant
add If You Were Mine to Classic Punk playlist,AddToPlaylist
Rate my current textbook 1 out of 6 points,RateBook
Play the album Making Evening And Night by Cevin Key,PlayMusic
I want a Mi Lu Bing song in my Pop Dance playlist.,AddToPlaylist
Find a television show called Servidor Apache .,SearchCreativeWork
What's the weather in Ecola State Park in three minutes,GetWeather
Where can I view the TV series of W.I.T.C.H.,SearchCreativeWork
give three stars out of 6 in current essay,RateBook
find the movie Everywhere But Home,SearchCreativeWork
play some sad songs from the fifties,PlayMusic
What time is the Wanda Group playing The Honor of an Outlaw,SearchScreeningEvent
Add The Hellacopters singles to my teen party,AddToPlaylist
Book a maharashtrian restaurant please.,BookRestaurant
Book a brasserie in Samoa for four people.,BookRestaurant
Play 2003 Ben Burnley on Spotify,PlayMusic
play some Folk tunes,PlayMusic
What is the movie schedule at Loews Cineplex Entertainment,SearchScreeningEvent
Add to playlist i love my neo soul the name national treasure book of secrets,AddToPlaylist
"Who rated the book Women, Culture, and Society only 3 stars ?",RateBook
"I liked Ports of Call , I'd give it a 5 out of 6 .",RateBook
Please use pandora to play a record from 1993,PlayMusic
I would give this novel a rating of two,RateBook
Find the movie schedule .,SearchScreeningEvent
add francesco de gregori to gayle's Women who Dj playlist,AddToPlaylist
What films are going to be shown at the nearest movie house ?,SearchScreeningEvent
what movies are showing at Fox Theatres at 11 am,SearchScreeningEvent
Play Brotherhood by Ock Joo-hyun,PlayMusic
movie schedules for animated movies playing in the neighbourhood,SearchScreeningEvent
Can you add something by Snow onto my Zen Focus playlist,AddToPlaylist
I want to add a song by jazz brasileiro,AddToPlaylist
add back at the velvet lounge to my cleaning playlist,AddToPlaylist
Can you please get me Come Away with Me show ?,SearchCreativeWork
Play Lil Hardin Armstrong from Itunes .,PlayMusic
Check the movie schedule for Wanda Group,SearchScreeningEvent
Find me The Wild Boys,SearchCreativeWork
movie times at Warren Theatres,SearchScreeningEvent
When is Twentynine Palms playing at Plitt Theatres ?,SearchScreeningEvent
find the nearest movie house showing Dangers of the Canadian Mounted,SearchScreeningEvent
Play any music on Spotify,PlayMusic
What is the movie schedule right now for movies around here,SearchScreeningEvent
Play the music genre Synthpop,PlayMusic
I need a reservation for a restaurant close by their hostel,BookRestaurant
I'd like to know when I can see The Taking of Flight 847 The Uli Derickson Story at Amco Entertainment .,SearchScreeningEvent
play Netflix ballad by Mike Shinoda that is popular,PlayMusic
I give 3 of 6 stars for the current textbook,RateBook
book a spot for 9 at The Counter,BookRestaurant
I'm looking for the movie called The Beast that Shouted Love at the Heart of the World .,SearchCreativeWork
book a table in MT for 3 for now at a pub that serves south indian,BookRestaurant
what is the forecast for Niger,GetWeather
Use service Vimeo the genre slow rock,PlayMusic
"is it going to be chillier in Saint Augustine , WY on may 3rd",GetWeather
Rate this textbook 1 of 6,RateBook
Where the Sky Meets the Land time playing,SearchScreeningEvent
Find The Path to Power .,SearchCreativeWork
The Revolution Script should have a rating value of three and a best rating of 6,RateBook
look for the book titled Iranian Journal of Fuzzy Systems,SearchCreativeWork
Find the schedule for the closest films at a cinema at meal time.,SearchScreeningEvent
Please locate Sad Love Story novel for me.,SearchCreativeWork
play something from the twenties,PlayMusic
"what is the weather forecast for WA on september 11, 2021",GetWeather
Please show me the movies playing at Amco Entertainment .,SearchScreeningEvent
Where is Bernardsville ?,GetWeather
Please find the song House of Wedlock,SearchCreativeWork
I want glam added to the ntc gym strong playlist,AddToPlaylist
Play a new tune by louis silvers .,PlayMusic
Find a photograph of Time Loves a Hero,SearchCreativeWork
Play the newest chant by John Doyle on Zvooq,PlayMusic
Play Step Up Your Game by Marc Cohn .,PlayMusic
"book a english pub for me, belinda and dena close-by Syria next dec .",BookRestaurant
I'd like to eat at the best restaurant,BookRestaurant
What are the movie times at Landmark Theatres,SearchScreeningEvent
find a movie called Bruce Lee,SearchCreativeWork
Find a show called In fondo al buio .,SearchCreativeWork
Is The Day of the Beast playing at three p.m. ?,SearchScreeningEvent
Play the most popular sort by ep by Brooke Fraser,PlayMusic
book a restaurant 163 days from now,BookRestaurant
play Chance Of A Lifetime on Zvooq,PlayMusic
what movies are playing in the area ?,SearchScreeningEvent
Play music from 1964 .,PlayMusic
Will the sky be overcast around jan. 28 in OK ?,GetWeather
What time is Murph the Surf playing,SearchScreeningEvent
Put horace silver and the jazz messengers on my running to rock 170 to 190 bpm playlist,AddToPlaylist
I want to get nine seats at a restaurant that serves ice cream cake .,BookRestaurant
is The Slut playing at 0727 A.M. at Harkins Theatres,SearchScreeningEvent
I need to find the creative work Wave,SearchCreativeWork
I need a reservation for a churrascaria in Oneonta Wyoming for a party of 4,BookRestaurant
What are the movie times for movies premiering in the neighbourhood,SearchScreeningEvent
"Is it humid in Caddo Mills , KY ?",GetWeather
What's the weather forecast in Humphrey ?,GetWeather
Want to add pacific ocean blues to the playlist named lunch,AddToPlaylist
Show me the saga St. Elsewhere,SearchCreativeWork
what is the Baotianman National Nature Reserve forecast,GetWeather
the horrible current essay gets only a 0 out of 6,RateBook
What will the weather be in Bernie ID ?,GetWeather
Rate this novel five of 6,RateBook
I'd like the weather forecast in Gang Mills four years from now .,GetWeather
add this song to my Canción del Día playlist,AddToPlaylist
Rate The Tritonian Ring zero,RateBook
"Play something from my Songs For You, Not Your Parents playlist",PlayMusic
Ethiopia Ellenton has snow weather at eight PM,GetWeather
Play the album Qr Iii by bobby bare,PlayMusic
Is it going to be hot in Chrisman,GetWeather
Where can I see Young Goethe in Love ?,SearchScreeningEvent
Find the movie schedule .,SearchScreeningEvent
play The Edge by Deezer on Vans Warped Tour Compilation 2003,PlayMusic
Add the artist Michael Schenker to ina's this is jennifer lopez playlist,AddToPlaylist
use Lastfm to play Attack Of The Planet Smashers,PlayMusic
play Yusef Lateef songs from the fifties,PlayMusic
Plan an album by Roni Duani .,PlayMusic
Give this chronicle a 4,RateBook
"Out of a possible 6 stars , I give The Princes and The Treasure a five .",RateBook
Will it snow in Haigler Bosnia and Herzegovina,GetWeather
Show movie times and movies in the area,SearchScreeningEvent
Is Dead Fish playing at the movie house,SearchScreeningEvent
What animated movies are playing at IMAX Corporation,SearchScreeningEvent
Play a 2004 song by eliel on Zvooq .,PlayMusic
Add a KJ 52 track to the te quiero playlist.,AddToPlaylist
What is the weather like in IA in april,GetWeather
Go to movie times at IMAX Corporation,SearchScreeningEvent
What's the weather this month in Mozambique,GetWeather
What will the weather be like in 1 hour in Bethesda,GetWeather
What is the local movie schedule,SearchScreeningEvent
Forecast for my current location at 6,GetWeather
Put an inyección musical track in the nanette's playlist.,AddToPlaylist
Is it going to be warmer in 2 years and a half in Deweese ?,GetWeather
Where is The Toxic Avenger II playing,SearchScreeningEvent
Where can I purchase Paradise Tonight online?,SearchCreativeWork
I need a table for 4 in Pelland,BookRestaurant
Will it be overcast at lunch time in Saint Vincent and the Grenadines,GetWeather
I need to book a table for 4,BookRestaurant
Show me Rapid City Muscle Car .,SearchCreativeWork
is One Night Surprise at the cinema,SearchScreeningEvent
play primus,PlayMusic
Play Goa music on Google Music .,PlayMusic
Open Groove Shark and play sound track from Dj Cameo,PlayMusic
play symphony music from the fourties with google music,PlayMusic
The current textbook gets a 2 rating.,RateBook
I need a reservation for 2 within walking distance of Hoyt St,BookRestaurant
Play a sixties track by Noam Pikelny on iheart .,PlayMusic
What are the movie times for the movies in the neighbourhood,SearchScreeningEvent
add jan smit in endorphin rush,AddToPlaylist
Find me the novel titled Fertile Ground,SearchCreativeWork
I'd like a table for Midday at The Unseen Bean,BookRestaurant
Find the schedule for Better This World at a movie house .,SearchScreeningEvent
Locate the best pub in Apache Junction,BookRestaurant
I need to find the So Nice soundtrack,SearchCreativeWork
Play music which has humour on Youtube .,PlayMusic
Can you find me the movie The Countess ?,SearchCreativeWork
find Friendship Way,SearchCreativeWork
Book a party for 7 at a food court with potato salad in Alabama in eleven hours,BookRestaurant
will there be any snowfall in AMerican Samoa,GetWeather
What is the forecast here for September 16,GetWeather
What is the weather forecast in Saint Vincent and the Grenadines ?,GetWeather
I think that this novel should get 2 points and a rating of 6,RateBook
Will it be chillier on october 17 nearby East Glacier Park,GetWeather
add licorice mckechnie to just dance by aftercluv,AddToPlaylist
open Fadl Shaker on Spotify and play a melody starting with the newest,PlayMusic
add song to punk playlist,AddToPlaylist
Play Hughie Graham by Vidyadhar Vyas,PlayMusic
what movie theatre closest to me is playing animated movies and when,SearchScreeningEvent
Play some 1954 songs on my Itunes .,PlayMusic
Is Happy Ghost III at Caribbean Cinemas,SearchScreeningEvent
Book a restaurant with wifi for nine people.,BookRestaurant
add Joe Hickerson to my Jazz – Classical Crossings,AddToPlaylist
What time is The Toll of the Sea playing,SearchScreeningEvent
rate the book The World Is Full of Divorced Women 2 out of 6 stars,RateBook
Will it be hot during Winter ?,GetWeather
Rate this album a 3,RateBook
Rate Gates of Fire a 2,RateBook
For the playlist Wild & Free Workout add tsidii le loka,AddToPlaylist
Play me the soundtrack for Nothing Personal .,SearchCreativeWork
I am looking for the TV show titled Catchphrase,SearchCreativeWork
Add Venetian Snares onto the atmospheric calm playlist,AddToPlaylist
I want to take me and my momy to eat in Flossmoor,BookRestaurant
add take it back to my Metal Party playlist,AddToPlaylist
"I'd like a table in a smoking room in a taverna on sep. 23, 2023",BookRestaurant
"I want to hear Jimmy James from the thirties , play a song on Groove Shark .",PlayMusic
add Philip Labonte to Women of R&B playlist,AddToPlaylist
what movies are close by,SearchScreeningEvent
Open Lastfm and play a voluntad del cielo from Wax,PlayMusic
put Joseph Utsler on All Out 70s,AddToPlaylist
add Ian Stuart Donaldson to canadian country,AddToPlaylist
I want to give The Pilgrims of Rayne three out of 6 stars,RateBook
Find movie schedules at IMAX Corporation,SearchScreeningEvent
Play me a fifties song,PlayMusic
Rate The Penelopiad zero out of 6 .,RateBook
I want to take my mom and I to the tea house,BookRestaurant
show me the schedule of movie times,SearchScreeningEvent
I need seats for five at a place five and a half months from now,BookRestaurant
add sheila e to my i love my neo soul playlist,AddToPlaylist
give The Judas Tree a zero,RateBook
find a movie house closest with animated movies,SearchScreeningEvent
Is it going to be snowy in Ochopee Massachusetts ?,GetWeather
Will it be warm here in one hour,GetWeather
Rate this textbook 2 of 6 stars,RateBook
Rate Breakheart Pass two out of 6,RateBook
How can I view the show Corpus A Home Movie About Selena ?,SearchCreativeWork
List movies for nearest movie house at brunch time,SearchScreeningEvent
add Steve Jordan to inez's tgif,AddToPlaylist
Find me the TV show Ask a Woman Who Knows,SearchCreativeWork
Rate The Philosophic Thought of Ayn Rand three of 6 stars,RateBook
find an album called Burnout The Ultimate Drag Race Challenge,SearchCreativeWork
Add a track from The Edge to my funk soul disco playlist,AddToPlaylist
I want another album in my disco fever playlist.,AddToPlaylist
Play some music from Roberto Carlos,PlayMusic
"I would like reservations made for Masonville , Vermont nov. 7",BookRestaurant
Play me a symphony by Ricky Bell,PlayMusic
Play me music from the twenties on Itunes .,PlayMusic
add this track to llegando a casa,AddToPlaylist
What films are at National Amusements,SearchScreeningEvent
play something from the twenties on Lastfm,PlayMusic
Book reservations at a tea house with esperanza and tommie now,BookRestaurant
United States has warm weather on next Wed.,GetWeather
find a movie schedule in the neighborhood for animated movies,SearchScreeningEvent
Play a song on zvooq,PlayMusic
find animated movies nearby,SearchScreeningEvent
Book a cafeteria with wifi,BookRestaurant
Make reservations at a restaurant in Adrian that serves cheese steak,BookRestaurant
this month will the sun be scorching in LA,GetWeather
Play show of Cissy Houston,SearchCreativeWork
Play the track Grow Old With Me by artist Chloe Rose Lattanzi,PlayMusic
"Will it be freezing in Poland on July 5, 2032",GetWeather
give this textbook zero out of 6,RateBook
add nour mhanna to workday lounge,AddToPlaylist
Open up Lastfm and play some songs.,PlayMusic
Rate the Rogue Lawyer 4 out of 6,RateBook
play a music ballad from the sixties,PlayMusic
book a table for seven in Walpole,BookRestaurant
Book a restaurant in Pinecliffe Missouri this month .,BookRestaurant
book a spot for 3 at a bar in Antarctica,BookRestaurant
Find a television show called Swing High .,SearchCreativeWork
Rate Measuring the World one points,RateBook
rate this textbook a four,RateBook
Is The Cycle playing at Consolidated Theatres ?,SearchScreeningEvent
What will the weather be like on November the twelfth in Appleby ?,GetWeather
I'd like to see movie times at Santikos Theatres,SearchScreeningEvent
Book me a table at a romanian brasserie in Rixford,BookRestaurant
this series should get 0 of 6 points,RateBook
What is the weather now in James City ?,GetWeather
play Christina Milian latest music,PlayMusic
Weather for noon in CA,GetWeather
Where can I stream a television show called Safety EP ?,SearchCreativeWork
Play me a song by Steve Hackett from Manuel,PlayMusic
add this tune to my guest list gamesradar playlist,AddToPlaylist
Add george baker to hiphop hot 50,AddToPlaylist
rate this textbook a one,RateBook
Is The King of the Kitchen playing in fifteen hours ?,SearchScreeningEvent
What is the trailer for Feel the Passion .,SearchCreativeWork
Play the last song by Goldie,PlayMusic
Will it be cold in Harveysburg WA,GetWeather
Book a pub with fisn'n chips in Timberville .,BookRestaurant
play a ballad by Giorgio Moroder,PlayMusic
Rate Maps for Lost Lovers 1 of 6,RateBook
Find the schedule for The Band of Honest Men at the nearest movie theatre .,SearchScreeningEvent
Play twenties symphony from Robert Walter,PlayMusic
Add this tune to the Leche con Chocolate playlist,AddToPlaylist
"add Xenomania to operación bikini , please",AddToPlaylist
What is temperature in Benin now,GetWeather
Find the schedule for films at the Douglas Theatre Company .,SearchScreeningEvent
What is the weather looking like in Prosser on feb. the 18th ?,GetWeather
What's the weather look like for MH,GetWeather
"Book a restaurant in Northern Mariana Islands with kristine, alisha and florine .",BookRestaurant
Can you add this tune to the night out playlist?,AddToPlaylist
book a restaurant for 6,BookRestaurant
my rating for Some Doves and Pythons is four,RateBook
Add this Alan Wilson track to my This Is Luis Fonsi playlist,AddToPlaylist
Add a tune to my playlist Women of K-Pop,AddToPlaylist
what time is The Graduate showing at Caribbean Cinemas,SearchScreeningEvent
please put this artist on my indie mim playlist,AddToPlaylist
play the greatest 1972 album by Wes Dakus,PlayMusic
Book a food court in Raytown Arizona that serves green bean casserole on july 20th .,BookRestaurant
find a movie house with Ulterior Motive that is closest,SearchScreeningEvent
I want to watch the trailer to Worms 2 Armageddon .,SearchCreativeWork
"find I Love You Too , a saga",SearchCreativeWork
Play Soldier Boy from Melody Gardot,PlayMusic
I'd like to eat at an internet restaurant with a party of four,BookRestaurant
Check the weather forecast for Sappho,GetWeather
What films and movie schedules are in the neighborhood,SearchScreeningEvent
What time is Cold Prey 3 playing at cinema,SearchScreeningEvent
I want to listen to nineties chant songs,PlayMusic
Give this album three out of 6 points,RateBook
rate the previous essay 1 of 6 stars,RateBook
find the game titled IParty with Victorious,SearchCreativeWork
add paul wickens to Lo mejor del Rock de España,AddToPlaylist
I need to know the forecast for two am in Grand Lake Towne,GetWeather
play robin hood and the bishop of hereford by Jon Mayer,PlayMusic
add ian gillan to my Rock Party,AddToPlaylist
Rate Encyclopaedia of the Social Sciences zero out of 6,RateBook
"I want to eat Louisiana Fried Chicken in McColl , IA",BookRestaurant
What is the weather in CT,GetWeather
What's the weather looking like in Macy ?,GetWeather
my feelin' good playlist needs some Mai Selim in it.,AddToPlaylist
Play the top 1991 sound track,PlayMusic
book a brasserie for seven in West Yellowstone,BookRestaurant
Is it sunny in Qatar ?,GetWeather
is Traffic at the movie theatre,SearchScreeningEvent
What movie times are at Bow Tie Cinemas ?,SearchScreeningEvent
Add jack scott to my fantasía playlist,AddToPlaylist
show the trailer of Rugrats Go Wild,SearchCreativeWork
"I need a reservation for a party of three , maybe a gastropub that sells steak .",BookRestaurant
play chant music by David Cook,PlayMusic
What animated movies are at Dipson Theatres,SearchScreeningEvent
Book Laurelhurst Theater for 8 people.,BookRestaurant
book a restaurant in HI,BookRestaurant
play Pandora Christian Gangsta Rap,PlayMusic
"Please make a restaurant reservation for somewhere in Mondovi , Connecticut .",BookRestaurant
put the mike oldfield album onto my La Mejor Música para tus Fiestas playlist,AddToPlaylist
I want to watch the show Railroad Model Craftsman,SearchCreativeWork
find a video game called Craters of the Sac,SearchCreativeWork
add my album to This Is Al Green,AddToPlaylist
What time is The Taking of Pelham 1 2 3 playing at the movie theatre,SearchScreeningEvent
What films are playing around here,SearchScreeningEvent
what time is The World According to John Coltrane playing,SearchScreeningEvent
Play a melody from Elmer Bernstein,PlayMusic
what is the weather at my current location,GetWeather
What is the weather forecast for Laos,GetWeather
Help me search UFC on Fox show .,SearchCreativeWork
put this tune on my Nothing But A Party R&B playlist,AddToPlaylist
A Sport and a Pastime is a solid 5 out of 6 points,RateBook
give zero points to this essay,RateBook
play Hora Din Moldova by Yamazaki Maso,PlayMusic
I want to play a game called Scotland Tonight .,SearchCreativeWork
find Partners in Action at Dickinson Theatres,SearchScreeningEvent
I need to add to the all things post starting with my favorites from the silence,AddToPlaylist
Add Turk to the deep house playlist,AddToPlaylist
Put The Orange and the Green on Los 40 Radio Éxitos,AddToPlaylist
I am giving this book called The Wide Window one out of 6 stars,RateBook
what is the weather here,GetWeather
Book a popular restaurant for two which is distant from Avalon .,BookRestaurant
When is The Prince Who Was a Thief playing at the cinema ?,SearchScreeningEvent
add tapper zukie to the all out 00s playlist,AddToPlaylist
Play a track by Titiyo,PlayMusic
Play Dave Mason 's soundtrack on Last Fm .,PlayMusic
Add this artist to gretchen's Soul Revived playlist,AddToPlaylist
Rate The Agent of Death with five stars out of 6,RateBook
I need seats for 6 at a place in AK,BookRestaurant
give zero points to current album,RateBook
Book a table for 1 at Thomas Hynes House .,BookRestaurant
Show me movie schedules for today.,SearchScreeningEvent
I want a reservation for 111607 at The Fort in South Carolina .,BookRestaurant
Play some 50 Shades of Love,PlayMusic
play the Gary Chaw album,PlayMusic
"What's the forecast for Emily , Florida for aug. 17th, 2020 ?",GetWeather
Can I hear the latest music from Bahar Kizil ?,PlayMusic
add tune to my metal crash course playlist,AddToPlaylist
What are the movie schedules for animated movies playing in the neighborhood,SearchScreeningEvent
Not Yet A Memoir of Living and Almost Dying was one out of 6 stars,RateBook
what are the movie times for Consolidated Theatres,SearchScreeningEvent
Book me seats for 6 at a restaurant in WV in one second,BookRestaurant
Play some music on Slacker,PlayMusic
play some synthpop,PlayMusic
what is the meal time forecast for Cayman Islands,GetWeather
Is it getting colder in Leonard Harrison State Park,GetWeather
Play the top-twenty from Alexander Braginsky .,PlayMusic
Play some music by Mark Heard .,PlayMusic
How can I rate the current chronicle 5 stars ?,RateBook
find The Gamblers,SearchCreativeWork
Play my Fusion Fest playlist on Youtube,PlayMusic
Add a song to my playlist Independent Music Monday,AddToPlaylist
"Will the weather be temperate on jan. the thirteenth, 2028 at Christmas Island ?",GetWeather
rate the book Pimpernel and Rosemary 1 out of 6,RateBook
Search for the picture Foghat ?,SearchCreativeWork
"Add jennie, jennie to my metal playlist",AddToPlaylist
I need a restaurant on july 18th in Rose Bud,BookRestaurant
Rate current series one,RateBook
add Unite and Win to my night out,AddToPlaylist
Play songs by Cheryl Wheeler,PlayMusic
I'd like to add the artist Jesper Kyd onto my fresh electronic playlist.,AddToPlaylist
Is Cradle Robbers playing at the nearest movie theatre,SearchScreeningEvent
Show me the movie times for animated movies in the area .,SearchScreeningEvent
"book a restaurant in North Dakota for my child and I on november seventh, 2037",BookRestaurant
Book the best close-by bar in Union City .,BookRestaurant
rate this album one out of 6,RateBook
play Hell House song,SearchCreativeWork
find Shanghaï Express,SearchScreeningEvent
Is the weather temperate in Millinocket ?,GetWeather
Play Bob Hilliard top-twenty music,PlayMusic
I'd like to give The Harder They Come two points,RateBook
Will it be colder in Noblesville East Timor at 3 pm ?,GetWeather
Give this book four stars as a rating review.,RateBook
add this track to my playlist it's ok to like jazz,AddToPlaylist
will there be snowfall in Pacific Beach Suriname,GetWeather
Give this book a rating of 3 out of 6 points .,RateBook
Play Thelma Aoyama 's latest concerto,PlayMusic
find the song The Fourth Man,SearchCreativeWork
Find A New Machine,SearchCreativeWork
Add Norma Jean to my pure rock & roll playlist.,AddToPlaylist
"Can you give me the weather forecast for Nov. 9th for Lakeview Heights , LA",GetWeather
Find me the picture Live in Paris 1975,SearchCreativeWork
Play eighties music on Groove Shark .,PlayMusic
show animated movie at Century Theatres,SearchScreeningEvent
Where is Among the Great Apes with Michelle Yeoh playing and when,SearchScreeningEvent
Add nana tanimura to a sudden rainstorm,AddToPlaylist
What is the nearest movie theatre playing The Collaborators,SearchScreeningEvent
play the last track by Shavo Odadjian,PlayMusic
Play music from 2002,PlayMusic
I want to watch the show Food Force,SearchCreativeWork
rate this book one for this stars judging,RateBook
add the song to the Dub On The Beach playlist,AddToPlaylist
I need to hear some r&b music off of iheart,PlayMusic
Tell me if it will be windy here,GetWeather
Play a melody from the nineties on Google Music,PlayMusic
When is We Stick Together Through Thick and Thin playing at ArcLight Hollywood ?,SearchScreeningEvent
How much humidity is there in UT ?,GetWeather
Will it be warm neighboring here in Whitehouse ?,GetWeather
I want a table for seven at twenty three o'clock in Angola .,BookRestaurant
"book a table for Sep. the second, 2020 at a highly rated place for me and my baby at a joint serving cambodian",BookRestaurant
"During tea time, what animated movies will be screening at the closest movie house ?",SearchScreeningEvent
Add this song to noreen's fresh finds six strings,AddToPlaylist
what is the weather forecast for Kaaawa,GetWeather
what is the weather forecast for close-by GU 3 years from now,GetWeather
Rate this novel 5 out of 6 stars,RateBook
Will there be hail on 7/16/2032 in the Dominican Republic,GetWeather
"Play Alone, Again from Mike Viola",PlayMusic
"Book something for my girlfriend and I at a food truck that has pizzas in Brookwood on October fifteenth, 2020",BookRestaurant
Book a reservation for a gastropub serving liver and onions,BookRestaurant
A Conspiracy of Paper deserves a solid 3,RateBook
rate The Pure Weight of the Heart series 5 points,RateBook
what animated movies are at the nearest cinema,SearchScreeningEvent
What is the weather in Sint Maarten,GetWeather
Play concerto from 1951,PlayMusic
book a spot for three at a bakery in Grand Portage,BookRestaurant
Find me an album called Rejoicing with the Light,SearchCreativeWork
Rate the current novel 5 of 6 points,RateBook
What time is Beat the Devil coming on at Mann Theatres,SearchScreeningEvent
play melody music from 1988,PlayMusic
add the current artist to my top 100 pop tracks on spotify playlist,AddToPlaylist
I'd like to see the painting I Looked Up,SearchCreativeWork
Play a movement from 1974 .,PlayMusic
Play jazz music by Zvooq,PlayMusic
I'd like to watch movies at the closest movie theatre,SearchScreeningEvent
I give The Screaming Staircase a five .,RateBook
I think this album deserves 0 points,RateBook
Love In Paris needs some frank farian in the playlist.,AddToPlaylist
find a game called So Long Self,SearchCreativeWork
"where can Ifind You Know Me , a saga",SearchCreativeWork
is Dishyum at the cinema,SearchScreeningEvent
rate the current essay a 0 for me,RateBook
Tell me what animated movies I can see at the closest movie theatre,SearchScreeningEvent
add artist to my Phunkadelic playlist,AddToPlaylist
what movies are at the nearest movie house,SearchScreeningEvent
Play The Cross And The Crucible by Angela Au Man Sze on Google Music,PlayMusic
rate The Bunce 1 stars,RateBook
What's the weather two months from now in Arletta Malawi,GetWeather
Add I Hate Myself and I Want to Die to my Six string peacefulness,AddToPlaylist
book me a restaurant that is close for four people in Enid,BookRestaurant
I would rate this current essay a 0,RateBook
Use Google Music to play a song,PlayMusic
What films are playing at Pacific Theatres,SearchScreeningEvent
play Roland Alphonso tunes that are most popular,PlayMusic
Where can I find the painting of Without Condition,SearchCreativeWork
give zero out of 6 points to The False Peace,RateBook
put this track on the playlist with the name roadrunner rec new releases,AddToPlaylist
add this album to my Blues playlist,AddToPlaylist
Find the Ghostly Swim 2 book,SearchCreativeWork
add Sara Carter to my Nothing But A Party R&B,AddToPlaylist
Please play me Jerry Lee Lewis 's If You Say So track .,PlayMusic
find Whosoever Shall Offend at Showcase Cinemas,SearchScreeningEvent
add Blag Dahlia to Pura Vida,AddToPlaylist
Add album to my Massive Soca Hits,AddToPlaylist
Book a brasserie that serves mezzes in Iowa .,BookRestaurant
Give me the movie times for Fox Theatres,SearchScreeningEvent
Play music on Spotify .,PlayMusic
Can you use Pandora to play a soundtrack from 1999 by David Sitek ?,PlayMusic
"Book the Chapter One in Bosnia and Herzegovina for patti, hester richardson and camille",BookRestaurant
Can I hear a song by David Hodges ?,PlayMusic
Rate this textbook 5 out of 6 points,RateBook
Find Earth Moving .,SearchCreativeWork
rate this current novel 1 stars,RateBook
book a restaurant for 8,BookRestaurant
Add this tune by Rafet el Roman to my Latin Pop Rising playlist.,AddToPlaylist
I give this novel a 0 out of 6 rating,RateBook
Look for the movie Darkness Come Alive,SearchCreativeWork
Find the movie schedule .,SearchScreeningEvent
"Book a bar for six on July eighth, 2023 in the same area in Equatorial Guinea which serves rillettes .",BookRestaurant
I would give this current novel 2 stars with a best rating of 6,RateBook
Show The drive of life album,SearchCreativeWork
Rate my current album 3 stars,RateBook
add all the years to Concentración,AddToPlaylist
I need a reservation for Harveys this Winter in neighboring Wisconsin for terri and I,BookRestaurant
How hot is it in Pesotum,GetWeather
I'd like to see the show Migration,SearchCreativeWork
I want to book a cafeteria in El Reno that serves javanese,BookRestaurant
book a spot in Netherlands Antilles,BookRestaurant
Play some music on Last Fm,PlayMusic
What are the movie schedules for the Caribbean Cinemas,SearchScreeningEvent
Will it be nice here and in the same area,GetWeather
Book a restaurant for 3 in New Mexico .,BookRestaurant
add MG The Visionary to my Dubstep playlist,AddToPlaylist
Reserve a table for teresa and elnora at a fast food joint which serves fish and chips,BookRestaurant
I would give this current textbook five points or a rating of 6,RateBook
read the novel Friend The Great Legacy,SearchCreativeWork
I want to give the current textbook 2 out of 6,RateBook
look for the creative work The Testament of Gideon Mack,SearchCreativeWork
show me the movie schedule,SearchScreeningEvent
Add Hatfield and the North to my Hot House playlist.,AddToPlaylist
I want to book a restaurant for supper in Kellerton for 2,BookRestaurant
When is The Bleeding House playing at Amco Entertainment ?,SearchScreeningEvent
I want to know the temperate from January the twentieth in Brazil,GetWeather
check the weather for around nine in South Georgia and the South Sandwich Islands,GetWeather
Add circus to my Post Garage Wave Revival list,AddToPlaylist
add Eef Barzelay to my Country Coffeehouse,AddToPlaylist
find On Dress Parade,SearchScreeningEvent
Find me a table at a european bar for six in the neighboring downtown area,BookRestaurant
Play music from the year 1964,PlayMusic
"find Back for Good , a novel I want to read",SearchCreativeWork
Tell me when Howling II Your Sister Is a Werewolf is playing.,SearchScreeningEvent
book a restaurant for tortelloni for eight,BookRestaurant
Can you play something off Johan Larsson 's Travelers And Thieves,PlayMusic
Rate The Country Blues 3 out of 6 stars,RateBook
Put this album on totally alternative,AddToPlaylist
I need to book a table at brasserie for 10 that is highly rated in Kentucky,BookRestaurant
Rate The Gorilla Hunters 0 stars,RateBook
Give The Slap 0 stars,RateBook
Recite the movie schedule .,SearchScreeningEvent
What movie schedule ?,SearchScreeningEvent
show weather forecast for Lewis Center,GetWeather
Play the newest released song from 1951,PlayMusic
I need current movie schedules .,SearchScreeningEvent
Tell me the weather forecast for Sugarloaf Provincial Park ten weeks from now,GetWeather
rate The White Goddess 2 of 6,RateBook
use Slacker to listen to seventies music,PlayMusic
Where can I see the trailer for Experienced II Embrace Tour 2013 Budokan ?,SearchCreativeWork
Play me the greatest Doctor Fink song on zvooq,PlayMusic
"find American Psychologist , a game",SearchCreativeWork
Can I hear the song Visual Audio Sensory Theater ?,SearchCreativeWork
Give me the movie listings at the closest cinema please.,SearchScreeningEvent
Reserve a table at a top-rated restaurant for dinner in twelve hours .,BookRestaurant
I want television show Come Again Smith,SearchCreativeWork
Play Sense Tu from Ebi Hamedi,PlayMusic
Show me the weather forecast for the city of Spencer,GetWeather
what is the forecast in Texas,GetWeather
find Belle of the Yukon,SearchScreeningEvent
rate the previous essay four of 6 points,RateBook
Play Leanne Dobinson Right To Dream,PlayMusic
What's the weather on Groundhog Day in Slovenia,GetWeather
I need a booking for seven people at Metropolitan Museum of Art .,BookRestaurant
play Calico Skies by John Feinstein with Netflix,PlayMusic
When does Fire and Ice The Winter War of Finland and Russia television show air?,SearchCreativeWork
What movies will be showing around here ?,SearchScreeningEvent
Add El Noi de la Mare to The New Waltz playlist,AddToPlaylist
Please book me a table for 1 person at a brasserie .,BookRestaurant
I want Sugarfoot,SearchCreativeWork
Play the top-5 sort of ballad music from 2012 .,PlayMusic
Please add the song by raphael rabello to the playlist fantastic workout,AddToPlaylist
find the novel Playlist The Very Best of Brad Paisley,SearchCreativeWork
add bad news to highway 61 playlist,AddToPlaylist
What is the weather in Deeth,GetWeather
Book reservations at Phase 1 in La Jara,BookRestaurant
Show me the book The Republican Brain,SearchCreativeWork
Play a 1991 song by Anila Mirza,PlayMusic
Give five points to An Ice-Cream War,RateBook
Play me an album by Lunchbox,SearchCreativeWork
Add the song to the soundscapes for gaming playlist.,AddToPlaylist
What's it like in my current location,GetWeather
Will there be fog in my current position,GetWeather
Find the movie schedules for nearby movies .,SearchScreeningEvent
What movies are playing Douglas Theatre Company,SearchScreeningEvent
Find a television show called Main Street .,SearchCreativeWork
Will it be overcast in 1 minute within walking distance of OH,GetWeather
book a table for 10 at a restaurant in Federated States Of Micronesia,BookRestaurant
Make me a reservation at a bar for a party of 7 in indonesian,BookRestaurant
I want to listen to the soundtrack Adobe Digital Editions,SearchCreativeWork
What will the weather be like in twenty two minutes at San Pasqual Battlefield State Historic Park,GetWeather
I'd like to know the movie times for movies nearby me,SearchScreeningEvent
find a painting called The Other Bank,SearchCreativeWork
add the Chamillionaire track to lina's wedding classics playlist,AddToPlaylist
I want a photograph of Elizabeth the Queen,SearchCreativeWork
book me a top-rated pub,BookRestaurant
What will be the night temperate in Indiana ?,GetWeather
Show me a copy of the picture Double Deal .,SearchCreativeWork
Rate the current novel 5 of 6,RateBook
I want to see the TV show Cause & Effect,SearchCreativeWork
Book osteria restaurant for 1 person in MI .,BookRestaurant
put live and rare into dancehall official,AddToPlaylist
show creative game Elements of Life Remixed,SearchCreativeWork
Where can I purchase the game Dancing in the Dark 10 Years of Dancing Ferret,SearchCreativeWork
"I'm looking to get reservations for me, jillian and louella at a restaurant that is faraway from TX .",BookRestaurant
rate The Archivist three out of 6 stars,RateBook
I'm looking to get a seat at a brasserie in Togo .,BookRestaurant
Will there be alot of wind on March 13th in Lost Creek Bahrain,GetWeather
"Will it be colder this autumn in Wren , Saint Martin",GetWeather
Will it be chillier in Suwannee,GetWeather
play the last 1957 movement,PlayMusic
I want to move this album to the selektor playlist,AddToPlaylist
Find the schedule for films around here .,SearchScreeningEvent
"I need a restaurant booking for 2 people this month at a indian place in Climax Springs , New Mexico .",BookRestaurant
add Días Felices to my todo reggaeton playlist,AddToPlaylist
I need a reservation for four at a restaurant in 1 hour and 1 second,BookRestaurant
play Mikazuki Sunset,PlayMusic
Will it hail today in West Point at 113648,GetWeather
play the Putrefactive Infestation trailer,SearchCreativeWork
I want to hear Major Harris 's songs from the fifties,PlayMusic
give 5 out of 6 stars to Coming Home,RateBook
book me top-rated restaurant for 9 members for midnight at Fair Bluff RI,BookRestaurant
What is the weather forecast in Delaware,GetWeather
I want to find The Very Best of Chicago Only the Beginning,SearchCreativeWork
Make me a reservation that serves kebab at a delicatessen in AMbler,BookRestaurant
What animated movies are playing AMC Theaters,SearchScreeningEvent
What films are playing at 1 PM at Showcase Cinemas,SearchScreeningEvent
Rate the Why Is Sex Fun? saga two of 6,RateBook
Tell me the movie schedules for Loews Cineplex Entertainment,SearchScreeningEvent
what is the forecast for cold temps in Nevada,GetWeather
What will the weather be like on September the eighteenth in Puerto Rico,GetWeather
A Shawnna to the Warm Hearts Feel Good playlist.,AddToPlaylist
What time is Crawlspace playing at the Caribbean Cinemas,SearchScreeningEvent
I'd like to listen to Tom Cochrane 's 1990 ep on Zvooq .,PlayMusic
show creative Last Light,SearchCreativeWork
Will there be sun around here ?,GetWeather
Make and play a new playlis with the theme songs released in 1968,PlayMusic
Tell me if it'll be overcast nearby Papua New Guinea,GetWeather
I want to find a restaurant to eat at in Westernport .,BookRestaurant
play the latest melody from Cliff Edwards on Deezer,PlayMusic
Where can I find the trailer for Sensations of 1945,SearchCreativeWork
when is Our Story showing next at North American Cinemas,SearchScreeningEvent
Include love love love in the Dinner Music playlist.,AddToPlaylist
show the trailer of Deadly Skies,SearchCreativeWork
rate Girls Forever Brave and True zero points,RateBook
I give this book Dictionary of the English Language a 4 rating,RateBook
I want to book Coney I-Lander for 10 people.,BookRestaurant
Play some music from Miss Platnum,PlayMusic
Will it be hot in my current location this week ?,GetWeather
What will the weather be in Hillview ?,GetWeather
rate Understanding Physics 5 out of 6,RateBook
I want to listen to the album Magical Girl Lyrical Nanoha StrikerS,SearchCreativeWork
book a table for a party of 7,BookRestaurant
put artist paulinho da costa on my Very Nearly Nashville playlist,AddToPlaylist
forecast for Addo-Elefanten-Nationalpark,GetWeather
Rate this novel a two out of 6 .,RateBook
add this tune to my playlist titled uncharted 4 nathan drake,AddToPlaylist
I want to see the trailer for Australian Economic History Review,SearchCreativeWork
Play The Lure of the Mask song,SearchCreativeWork
Whats the temperature not far from Valley of Fire,GetWeather
Add an espen lind song to my list lo que suena new york,AddToPlaylist
add Salil Chowdhury to my 35 Soul Classics 1970 to 1975 playlsit,AddToPlaylist
Rate The Loneliness of the Long Distance Runner 0 points / 6,RateBook
Need a booking for a party of five at a restaurant in French Polynesia,BookRestaurant
Can you place a reservation for me at Ariston Cafe,BookRestaurant
Will it be warm 1 week from now in DC,GetWeather
Add a Tom Thacker tune to my rock classics,AddToPlaylist
Can you find me the My Father My King game ?,SearchCreativeWork
I need fast food for nine within the same area as Bowers that has a pool nearby on 4/17/2033,BookRestaurant
Search for the Un provinciale a New York TV show,SearchCreativeWork
I want to find the video game Masada Anniversary Edition Vol. 3 The Unknown Masada,SearchCreativeWork
show freezing forcast now within the same area in North Dakota,GetWeather
Rate the current essay 5 stars,RateBook
show me the TV series called Take Me to Your Heaven,SearchCreativeWork
Will it be chillier in Uruguay in 213 days ?,GetWeather
What is the weather forecast in Canfield at 222322,GetWeather
add album radar latino,AddToPlaylist
I want to give A Mortal Flower a two,RateBook
movie schedules at AMC Theaters,SearchScreeningEvent
I'd like a table for 7 at ten pm at a cafeteria in AL that serves malaysian food,BookRestaurant
Play a Scott Lafaro soundtrack,PlayMusic
Show me the television show Children in Need Rocks 2013 .,SearchCreativeWork
Play The Soft Parade .,PlayMusic
Find the show titled The Most Charming and Attractive,SearchCreativeWork
I want to give the saga In Praise of the Stepmother 2 out of 6 points,RateBook
Play music from Paul Landers,PlayMusic
Taken at the Flood only gets 2 points out of 6 .,RateBook
Will it be freezing here in 9 seconds,GetWeather
rate the Poems for Midnight saga 4 points,RateBook
find animated movies around here,SearchScreeningEvent
I want to bring six of us to a bistro in town that serves hot chicken sandwich that is within the same area .,BookRestaurant
what's Southern Theatres movie schedule,SearchScreeningEvent
Add East Grand Blues to the This Is Nicky Jam playlist.,AddToPlaylist
give four out of 6 points to current novel,RateBook
my step aunt and I want to go cheese fries at the tavern,BookRestaurant
rate current album 0 stars,RateBook
I'd like to eat at the best restaurant in Coalton,BookRestaurant
is it warm in Fernandina Beach Slovakia,GetWeather
what is the forecast for 9 seconds from now close by here,GetWeather
Play music from the sixties,PlayMusic
book a restaurant for Jul. 27,BookRestaurant
show movie schedule of The Big Mouth,SearchCreativeWork
Is it chilly in Pixley,GetWeather
Add the Spirit of Life to nação reggae,AddToPlaylist
add this artist named Cleopatra Stratan to my playlist named 30 Before 20 Masterworks by Teenagers,AddToPlaylist
Will it be stormy in distant Holly River State Park,GetWeather
I would like to book a restaurant in Poncha Springs for 8 at 0032 am,BookRestaurant
what is the forecast for Tschetter Colony on Ascension Day in Oregon,GetWeather
What's the closest cinema playing Chuckys Baby now ?,SearchScreeningEvent
I want to book a highly rated pizzeria in the same area as tia's house,BookRestaurant
"Book a table for me, naomi and elisabeth at a brasserie with wifi",BookRestaurant
show creative trailer of The Sword of the Lord,SearchCreativeWork
Add unreachable to my wine & dine playlist.,AddToPlaylist
add The Little House We Built onto mucho rap,AddToPlaylist
Show me when Scandalous John is playing.,SearchScreeningEvent
Tell me the weather forecast for my current place at 15 o'clock,GetWeather
Rate The Myth of Matriarchal Prehistory series a four,RateBook
Can you help me find a picture called Olympia 1974 ?,SearchCreativeWork
rate Winning the Oil Endgame zero of 6,RateBook
Rate my current textbook four out of 6,RateBook
I need a reservation for a gastropub that serves a maple bacon donut,BookRestaurant
For the playlist running power add the name The Best Is Yet to Come,AddToPlaylist
Tell me if it'll be freezing here in 21 seconds,GetWeather
What's the forecast far from here in Turks and Caicos Islands ?,GetWeather
I want to give this novel zero,RateBook
"book a table for jasmine, jeannie and leta",BookRestaurant
forecast for Wisconsin at 10 PM.,GetWeather
add the artist Choclair to La mejor música de BSO,AddToPlaylist
I'd like to watch the TV show Hola Mary Lou Prom Night II,SearchCreativeWork
Rate the following series a one out of 6,RateBook
What time is The Lottery Man playing?,SearchScreeningEvent
Rate my current novel 2 out of 6 points,RateBook
show me NeuroToxicology,SearchCreativeWork
"Tell me the weather forecast for april 15, 2019 here",GetWeather
Can you add Esquivando charcos to my playlist entitled the piano bar,AddToPlaylist
Rate What Is Called Thinking ? 0 stars,RateBook
Play something by Holly Cole on lastfm,PlayMusic
I need reservations for next autumn in Belgium at a highly rated diner .,BookRestaurant
I am giving this current book album 0 out of 6 stars,RateBook
add Novedades Pop to my all out of luck list,AddToPlaylist
add 3 Natsu Natsu Mini Berryz to my rock classics playlist,AddToPlaylist
add track to my Gold Edition playlist,AddToPlaylist
"I'd like a table for ten in 2 minutes at French Horn, Sonning Eye",BookRestaurant
I need a 6 rating or five with something like a saga in The Best Science Fiction of the Year 13,RateBook
I give the saga to The Woven Path 1 stars and a best rating of 6,RateBook
find animated movies close by with a movie schedule,SearchScreeningEvent
what is the forecast for a day from now in Liechtenstein,GetWeather
Will it be hot in Keachi,GetWeather
closest movie theatre with No Time for Sergeants,SearchScreeningEvent
Will it storm in North Sioux City AL,GetWeather
rate the current book novel 5 out of 6,RateBook
add to laundry playlist with this song,AddToPlaylist
Which films are playing at the IMAX Corporation ?,SearchScreeningEvent
Which movies are playing at the closest cinema ?,SearchScreeningEvent
List movie schedule,SearchScreeningEvent
"what is the forecast for the current place for sun on january sixth, 2028 within walking distance",GetWeather
Forecast for Econfina,GetWeather
What are the movie schedules for films in the area ?,SearchScreeningEvent
play Groove Shark,PlayMusic
Find a show called Star Trek Starfleet Academy Starship Bridge Simulator .,SearchCreativeWork
"Get me a table for sonya, rebekah and I at a restaurant in Latvia .",BookRestaurant
current album gets a value of 0,RateBook
I wish to hear the playlist Estado de ánimo on Last Fm .,PlayMusic
Go to BioRuby,SearchCreativeWork
rate the book Line to Tomorrow three stars,RateBook
Add this album to jenifer's mellow dinner playlist,AddToPlaylist
Where to buy book Charlie Countryman deve morire,SearchCreativeWork
What was the weather like last may at Altai Tavan Bogd National Park,GetWeather
Find me The Age for Love playing at the closest movie house .,SearchScreeningEvent
I'd like to reserve a table at a pub that serves andouillettes within the same area in San Marino .,BookRestaurant
I need the book titled Lullaby of Broadway,SearchCreativeWork
Play Shaina Magdayao 's music on Iheart,PlayMusic
Can I see the album SWAT Force ?,SearchCreativeWork
this book gets out of a total of 6 stars only 1,RateBook
book a spot for 6 in Pilot Mound Palau on feb. the twenty-fourth,BookRestaurant
Add Hallucinations of Despair to my this is trey songz playlist.,AddToPlaylist
Play some symphonic rock .,PlayMusic
Where can I see animated movies that's nearby ?,SearchScreeningEvent
rate Six Months in Mexico 1 out of 6,RateBook
add something so right to lora's 80s Classic Hits playlist,AddToPlaylist
put glenn stetson to my your daily routine playlis,AddToPlaylist
Is it humid in my current spot,GetWeather
show me a textbook with a rating of 2 and a maximum rating of 6 that is current,RateBook
Is there any snowfall in Shubuta,GetWeather
Is there going to be any cloud cover today at McCracken in AZ ?,GetWeather
play satire music,PlayMusic
For Adaptive Coloration in Animals I give 4 points,RateBook
rate this novel 0 of 6 stars,RateBook
Find me the Martin Morning saga,SearchCreativeWork
Find the Labyrinthe game,SearchCreativeWork
Is it windy in Custar,GetWeather
Give this album a five out of 6,RateBook
what is the forecast for Chandler,GetWeather
Book a restaurant with a spa in Connecticut,BookRestaurant
book a table around London Borough of Ealing that is highly rated in a gluten free bar,BookRestaurant
"Book a table at a tavern in Albania for annette, darlene and barbara james for ten AM",BookRestaurant
add this Candi Staton artist to my Dancefloor Hits,AddToPlaylist
"I need a reservation for me, edna and alyson at the steakhouse called smoking room",BookRestaurant
give this book titled Othappu zero points,RateBook
"book a spot for marci, marylou and amelia far from North Korea",BookRestaurant
find movies that are nearby,SearchScreeningEvent
rate this book 5 stars out of 6,RateBook
What time is Ghostbusters - Acchiappafantasmi playing at IMAX Corporation,SearchScreeningEvent
find animated movies close by with a movie schedule,SearchScreeningEvent
I would like you to add now the hits of winter 2008 onto my ntc studio sounds playlist.,AddToPlaylist
what will the temperate be here on Shmini Atzeret,GetWeather
I want to hear Sebastian 's songs from the thirties on Youtube,PlayMusic
Will it get chillier in North Creek Forest ?,GetWeather
Add this song to my esenciales playlist,AddToPlaylist
Let me have the movie schedules for General Cinema Corporation,SearchScreeningEvent
weather near California,GetWeather
Assign three stars out of 6 to The Dune Encyclopedia,RateBook
Will it hail in 1 second on Riceboro Delaware,GetWeather
mark The Final Battle score two out of 6,RateBook
Add a randy travis song to Deep Dark Indie Folk,AddToPlaylist
rate the Effortless Mastery chronicle a 4,RateBook
Rate the saga Rides a Dread Legion zero out of 6 points .,RateBook
Play some John Oates on Youtube .,PlayMusic
Book a reservation at a restaraunt in CT,BookRestaurant
Give the current novel a rating of 5 out of 6 .,RateBook
Reserve me seating midday at Bear Hotel,BookRestaurant
Give the current book five stars out of 6 .,RateBook
find KB Theatres with movies,SearchScreeningEvent
My rating for The Eiffel Tower and Other Mythologies is 0 out of 6 stars,RateBook
what is the Johnson Creek forecast for chilly weather,GetWeather
Show The Information A History picture,SearchCreativeWork
Play the soundtrack for The Lord of the Rings Conquest,SearchCreativeWork
I'd like to eat with a party of nine in Snapfinger PA,BookRestaurant
Put an album by max richter into my this is Rosana playlist.,AddToPlaylist
will it be chillier in Saxis North Dakota,GetWeather
what is the forecast for freezing weather here,GetWeather
Is Mentioned in Confidence at the cinema,SearchScreeningEvent
Play me a Patrick Cowley ballad,PlayMusic
add Glory in the Highest A Christmas Record in my playlist cleaning,AddToPlaylist
"Is there a blizzard in Tennessee Colony , KS",GetWeather
Play album from Maureen Mcgovern,PlayMusic
Use Deezer service to play Opera,PlayMusic
rate this current book album four stars,RateBook
add Tim Ryan to my Grime Shutdown playlist,AddToPlaylist
rate this essay a 3,RateBook
show creativity of Official History of Australia in the War of 1914–1918,SearchCreativeWork
What movie times at Megaplex Theatres,SearchScreeningEvent
Play some sixties music on Slacker .,PlayMusic
Play the sound track by Ferry Corsten,PlayMusic
find a game called The Oh in Ohio,SearchCreativeWork
Rate this book four stars out of 6,RateBook
Play my Masters of Metal playlist on Spotify,PlayMusic
"book a spot for me, tiffany and sondra at a top-rated restaurant in MS with udupi",BookRestaurant
give five stars to current album,RateBook
what films are showing in the neighbourhood,SearchScreeningEvent
Add Nothing Can Stop Us to my Lazy Chill Afternoon playlist.,AddToPlaylist
search for TV show Live at Apollo,SearchCreativeWork
add this album to my All Out 70s playlist,AddToPlaylist
What animated movies are in the neighbourhood,SearchScreeningEvent
at 11 am will there be a snowstorm in Fort Pulaski National Monument,GetWeather
Can you please find me D.R.E.A.M. ?,SearchCreativeWork
Play a 2001 sound track on Deezer .,PlayMusic
at 4 am book a bar in the spa in Shamrock for eight,BookRestaurant
Add a tune to my Sleep Sounds list,AddToPlaylist
Add there is nothing like a dame to my playlist Guest List TaKe,AddToPlaylist
Book a restaurant at Tennessee,BookRestaurant
Show the Feed the Kitty painting,SearchCreativeWork
Add On with the Show to my Beast Mode playlist,AddToPlaylist
rate this current book a 4 out of 6,RateBook
Book reservations at a diner that serves ribs not far from Lexington Av-53rd St,BookRestaurant
What time is Living Is Easy with Eyes Closed playing,SearchScreeningEvent
add zombieland to Noctámbulo playlist,AddToPlaylist
Look up the television show called Monster Mash,SearchCreativeWork
Weather for East Peru Bolivia 3 years and a half from now,GetWeather
Does Wildorado have a hot temperature,GetWeather
Will there be a depression in Wheatley,GetWeather
Add another album to my keep calm playlist.,AddToPlaylist
play them by Guy-manuel De Homem-christo,PlayMusic
Find a book called The Echo Chamber .,SearchCreativeWork
When will the Blonde Ambition be playing,SearchScreeningEvent
What's the weather forecast in Nationalpark Banc d’Arguin ?,GetWeather
Play music by Daddy Yankee,PlayMusic
I give the next novel two stars,RateBook
Can you tell me what the weather is like at Sam D. Hamilton Noxubee National Wildlife Refuge,GetWeather
rate the book The Orchard Book of First Greek Myths a 0,RateBook
give 0 out of 6 points to this album,RateBook
When is One by One playing?,SearchScreeningEvent
book a spot far from Åland,BookRestaurant
I want to hear music from carman from the 1966 album,PlayMusic
"find ArcIMS , a picture",SearchCreativeWork
"What is the weather going to be like in twenty three minutes in Parksdale , IN",GetWeather
book a spot for me and sonja at a popular pizzeria,BookRestaurant
What time could I see A Mile in His Shoes ?,SearchScreeningEvent
What time is Children of Divorce playing,SearchScreeningEvent
play wendy james from the fifties,PlayMusic
Look for the Learning & Behavior picture,SearchCreativeWork
Mars Probes gets a 1 rating.,RateBook
Play Expresión from Mickey Finn,PlayMusic
I want to book a restaurant in Glenarden South Dakota for two people.,BookRestaurant
Can I listen to music from the Easy Listening genre?,PlayMusic
find the video game Thale,SearchCreativeWork
I want to rate the current chronicle a two,RateBook
Add a billy strayhorn song to my the selektor playlist,AddToPlaylist
Find the Three Little Pigs television show,SearchCreativeWork
This current album deserves only a one rating,RateBook
Restaurant in Brokaw for a cuisine russian far restaurant,BookRestaurant
Add Baby Lemonade to poetry in their own voices,AddToPlaylist
Book a reservation for a pub with ma po tofu in Moldova,BookRestaurant
add The Greyest of Blue Skies in Indie Español my playlist,AddToPlaylist
Use Itunes to play a soundtrack from the year 1954,PlayMusic
add steve winwood to my playlist old school metal,AddToPlaylist
Can ten green bottles be added to brooklyn beat ?,AddToPlaylist
what is the forecast in Bearmouth in Virgin Islands in 3 months,GetWeather
"What is the weather supposed to be like at Sunset in Cosby , Kansas",GetWeather
Where can I view the trailer Extreme – The Collection,SearchCreativeWork
Where can I purchase Wuthering Heights,SearchCreativeWork
Add future to This Is Al Green,AddToPlaylist
Open the playlist from Sergei Chatschatrjan,PlayMusic
book a spot at a pub with tatar in Cambodia,BookRestaurant
book me a restaurant in the Northern Mariana Islands,BookRestaurant
I need to reserve a table for me and my mom at the nearest restaurant in the state of MH .,BookRestaurant
put this track on Alok House Party playlist,AddToPlaylist
I need a reservation for the smoking room at a fast food place for 8 people,BookRestaurant
Where can I see the movie Across the Line The Exodus of Charlie Wright ?,SearchCreativeWork
I wanna hear something on Spotify by Eddie Vinson,PlayMusic
Where to buy Unarchigal,SearchCreativeWork
Will the weather be temperate in Betances,GetWeather
Show me movie times at Cooper Foundation .,SearchScreeningEvent
give 4 out of 6 stars to this textbook,RateBook
give three out of 6 points to Blackbox,RateBook
I would like to hear a song by Tim Reynolds,PlayMusic
Please search the Irv Gotti Presents The Murderers picture .,SearchCreativeWork
the current rating of 6 out of two for a textbook,RateBook
What's the nearest movie theatre playing Testament of Orpheus ?,SearchScreeningEvent
I need a table for 8 people at a restaurant in District Of Columbia .,BookRestaurant
give 1 out of 6 points to Revolution World,RateBook
Find Changes A Love Story .,SearchCreativeWork
"What's the weather forecast ten years from now in Mount Victory , Macao ?",GetWeather
book a table for 7 at a churrascaria that is highly rated,BookRestaurant
give me the movie times for movies showing in the neighborhood,SearchScreeningEvent
add i roy to my this is Rosana playlist,AddToPlaylist
Play a new symphony by Perfecto De Castro on Lastfm,PlayMusic
Need to find a creative work with the title Sometimes the Blues Is Just a Passing Bird,SearchCreativeWork
Glory Season deserves a perfect 5 points .,RateBook
Play some Drum & Bass,PlayMusic
Show me the Live in Whitby album .,SearchCreativeWork
show me the picture Totally True Love,SearchCreativeWork
rate this novel 4 out of 6,RateBook
Rate the current essay a three,RateBook
Please play Jim Martin on Vimeo .,PlayMusic
Add artist to laundry,AddToPlaylist
Play my Éxitos España playlist,PlayMusic
What movies are scheduled at the nearest movie theatre ?,SearchScreeningEvent
at ten AM I want to reserve a spot for 9 people to eat in Monaco .,BookRestaurant
Want to play Christina Schollin Lastfm,PlayMusic
Find The Cerebellum book,SearchCreativeWork
play Going Down To The River on Pandora,PlayMusic
Will it be getting colder in Sahuarita ?,GetWeather
add this song to clarice's latino caliente playlist,AddToPlaylist
Book a joint in sixteen minutes for 9 .,BookRestaurant
Show me movie times at the Pacific Theatres for the movie The Hot Rock,SearchScreeningEvent
I want to give Panther in the Basement four points,RateBook
"Book a table for 6 in The Cheese Course , Blocher on February the 10th .",BookRestaurant
What are the current movie schedules for AMC Theatres ?,SearchScreeningEvent
Can you put a song by Rick Astley on my hot 50 playlist,AddToPlaylist
For the saga Magic in Ithkar 2 I give two stars,RateBook
I'd like a table for my step grandfather and I at Five Fifty-Five in NV,BookRestaurant
find a movie schedule,SearchScreeningEvent
Play music by blowfly from the seventies,PlayMusic
What is the weather forecast for Papua New Guinea,GetWeather
what is the weather forecast this week close-by my current position,GetWeather
I want to hear Richard Falomir 's best song on Pandora,PlayMusic
for this series The Magical Revival out of 6 give it a 5,RateBook
Set me up with a table at a bar with salade for 5,BookRestaurant
Rate The Life and Loves of a She-Devil two stars,RateBook
"want to eat at Diners of Allentown, Pennsylvania on purim",BookRestaurant
I would like to rate The Hundred-Year Christmas four stars .,RateBook
FInd the movie times for films in the neighbourhood .,SearchScreeningEvent
Rate Lamy of Santa Fe 5 of 6 stars,RateBook
show nearest movie theatre to watch Black Jesus,SearchScreeningEvent
give 1 out of 6 to West of January,RateBook
what movies are playing at the Alamo Drafthouse Cinema,SearchScreeningEvent
Play music on Iheart,PlayMusic
Find the movie schedule for movies in the area .,SearchScreeningEvent
Add another MC chris track to my Blues Roots playlist.,AddToPlaylist
"give me the forecast for here on February the sixteenth, 2022",GetWeather
find five points called The Origins of Virtue,RateBook
Can you put some monifah on my disco fever playlist,AddToPlaylist
ad Sabah to my Evening Groove playlist,AddToPlaylist
List movie schedules for animated movies playing in the neighbourhood,SearchScreeningEvent
Play some Mike Burney on Google Music .,PlayMusic
Is it going to be chilly in Belarus,GetWeather
add this is status quo to teddy riley,AddToPlaylist
"Book PM Park, Clear Lake, Iowa at 5 am for 6 people.",BookRestaurant
What is the closest movie theatre that is playing animated movies,SearchScreeningEvent
Weather for 9/3/2034 at Bridle Trails State Park,GetWeather
add to my mac 'n cheese playlist with Tsūzetsu,AddToPlaylist
What is the movie schedules for animated movies in the neighbourhood,SearchScreeningEvent
Play a top-five song by Pete Candoli .,PlayMusic
Play a song from 1973 .,PlayMusic
book a popular restaurant of thai cuisine,BookRestaurant
ADD Me Kommeni Tin Anasa to my propuesta alternativa playlist,AddToPlaylist
"Does the forecast show a storm in Maquoketa , NH around July sixth ?",GetWeather
play Make The Cowboy Robots Cry by Sabin Rai on Vimeo,PlayMusic
rate teh current series a 2,RateBook
give 5 rating for this textbook,RateBook
Book the Atomic Cafe for ten people.,BookRestaurant
"Will there be a snowstorm in Slick , OR four hours from now ?",GetWeather
will it be freezing 5 seconds from now in Patmos,GetWeather
will there be a snowstorm in eight months at Chattahoochee River National Recreation Area,GetWeather
What is the television show Phil Ochs There but for Fortune playing,SearchCreativeWork
Is Flow For Love of Water playing at Southern Theatres at 2 am,SearchScreeningEvent
give me the movie schedule,SearchScreeningEvent
Where can I purchase the TV series The Royal Sessions,SearchCreativeWork
Book seating for one person at a food truck,BookRestaurant
I'm looking for local movie schedules .,SearchScreeningEvent
rate Animals of the Bible one of 6 points,RateBook
Play some 1982 movement music on Slacker,PlayMusic
Book a reservation for me and my wife at The Middle East in Guernsey,BookRestaurant
What will the weather be like at me current position in seventeen seconds ?,GetWeather
find Sappho,SearchCreativeWork
Where can I view the photograph The Phantom Horse,SearchCreativeWork
Book me a bar that's highly rated for georgia and I in Burkina,BookRestaurant
What is Love in a Mist ?,SearchCreativeWork
Find the movie schedule for Great Escape Theatres .,SearchScreeningEvent
Please search for Sealed with a Kiss movie .,SearchCreativeWork
Will there be a blizzard in White House Curacao,GetWeather
Find The Gill Deacon Show .,SearchCreativeWork
Tell me the forecast for breakfast at Miller's Cove,GetWeather
add this track to my playlist named Trabajo Relax,AddToPlaylist
Cock-A-Doodle-Doo! was awful. I'm giving it a 0 out of 6 .,RateBook
play 2007 tunes by Bunny Berigan,PlayMusic
Add el pavo dustin to viajes,AddToPlaylist
rate the current textbook 2 out of 6,RateBook
in the neighbourhood find movies,SearchScreeningEvent
I rate Cold Tom four points and a best value of 6,RateBook
Book a highly rated restaurant .,BookRestaurant
need a table at Colony in Sri Lanka next year,BookRestaurant
Find the movie schedule for animated movies in the neighborhood .,SearchScreeningEvent
rate Opération Sweet Tooth 2 points,RateBook
What is the movie schedule at MJR Theatres ?,SearchScreeningEvent
Will there be a blizzard in Oregon ?,GetWeather
Find me the novel The Argumentative Indian,SearchCreativeWork
Please add something by steve freund to my This Is Luis Fonsi playlist,AddToPlaylist
What are movie times for animated movies close by ?,SearchScreeningEvent
Rate The Book of Three a five,RateBook
I need a reservation for 3 at Clinton Street Baking Company & Restaurant,BookRestaurant
play laura love songs from 1959,PlayMusic
Use Deezer to play the last song from Lee Dorrian,PlayMusic
find The Family Jams saga,SearchCreativeWork
show weather forecast in Kenya,GetWeather
Rate Gilgamesh the King 5 out of 6,RateBook
the current saga gets 0 out of 6,RateBook
I need to book a table for 7 in Estonia,BookRestaurant
Rate The Rats chronicle 5 of 6,RateBook
add the album to my sleep playlist,AddToPlaylist
Can you give me a list of films at Cinemark Theatres ?,SearchScreeningEvent
add bert mccracken tune lo que suena new york playlist,AddToPlaylist
Check films screened at the closest cinema,SearchScreeningEvent
Please tell me what the movie schedule looks like for the AMC Theatres in twenty one hours,SearchScreeningEvent
I need to book a highly rated restaurant in Coronado,BookRestaurant
How will the weather be at 9 am in Anguilla ?,GetWeather
Find me the novel London Has Fallen,SearchCreativeWork
Add a tune to clásicos del hip hop español,AddToPlaylist
Can you give me the movie schedules at Mann Theatres ?,SearchScreeningEvent
Find the book A Glorious Way to Die,SearchCreativeWork
Where can I find the movie The National Law Review,SearchCreativeWork
Play my Mellow Beats playlist please,PlayMusic
Show me the closest 12 A.M. showing at a movie house of an animated movie,SearchScreeningEvent
Play a track by Ishmon Bracey on Iheart .,PlayMusic
Show me animated movies that are playig at Great Escape Theatres,SearchScreeningEvent
play the Discografia de The Pretty Reckless saga,SearchCreativeWork
Add robin s to sxsw latin,AddToPlaylist
what films are on the movie schedule for ten at a close by theater,SearchScreeningEvent
Rate Lord of the World a value of 4,RateBook
Find me the movie times for the Marcus Corporation,SearchScreeningEvent
What is the weather forecast for Midnight in DC ?,GetWeather
Play 30 Greatest Hits,SearchCreativeWork
Add Ajoy Chakrabarty to women of country playlist,AddToPlaylist
Can i get todays showtimes for Le Flic de Beverly Hills 2 ?,SearchScreeningEvent
Play theme music from the twenties by Tata Young,PlayMusic
Look up The Baltic Times picture,SearchCreativeWork
find Join the Dots B-sides and Rarities,SearchCreativeWork
Find Landing on Water .,SearchCreativeWork
Is rainfall forecast for Flying Hills ?,GetWeather
I want the movie schedule for animated movies in the area,SearchScreeningEvent
Add The Block Brochure Welcome to the Soil 6 onto my Café con Leche list,AddToPlaylist
Give the current book a one out of 6 .,RateBook
Show me the animated movies starting at 105618 a.m. at the nearest movie house,SearchScreeningEvent
book a spot for ten at a restaurant with a spa in U.S. Minor Outlying Islands,BookRestaurant
Where can I listen to Willy and the Poor Boys,SearchCreativeWork
is the weather freezing in AK,GetWeather
"What is the weather like for Fleischmanns , Lesotho 43 weeks from now",GetWeather
Play some music from 1985 by Rolf Harris,PlayMusic
Can the artist big mama thornton be put onto my Trabajo Relax playlist?,AddToPlaylist
Add some martine mccutcheon to my original columbia jazzmasters list,AddToPlaylist
Add another artist to my soul bpm playlist,AddToPlaylist
I need a table in your position at churrascaria for a hot dog in the same area,BookRestaurant
Play music from Tommy Ridgley .,PlayMusic
search for the album Frog and the Birdsong,SearchCreativeWork
I want to put sons of the sea on the pulse of americana playlist,AddToPlaylist
Rate The Crocus List five out of 6,RateBook
rate this album 2 points,RateBook
Play music by Paul Mccartney,PlayMusic
Get me a table for one at a popular brasserie,BookRestaurant
Add this tune to This Is Nicky Jam,AddToPlaylist
"What's the weather forecast for neighboring Delft National Park on aug. the 8th, 2028",GetWeather
Book a table at South Street Diner close to your teenager's college .,BookRestaurant
Find a novel called Kiss Me Licia .,SearchCreativeWork
Need to book a reservtion for a restaurant in Maryland for me and my half sister,BookRestaurant
play No More Sorrow,PlayMusic
Can you get me reservations for a highly rated restaurant in Seychelles,BookRestaurant
Advise me on the movie schedule of films that will be playing at 073132 pm at a place close by .,SearchScreeningEvent
I wish to listen to some instrumental music.,PlayMusic
this textbook gets a two,RateBook
Book a reservation for restaurant in Texas,BookRestaurant
add ali lohan songs in Club Hits,AddToPlaylist
I want to see the MAXIMUM TRANCE picture,SearchCreativeWork
Rate Peter and the Sword of Mercy 3 of 6 stars,RateBook
Play the most popular song from Chae Yeon off of Spotify,PlayMusic
Is it going to be sunny at 21 o'clock close-by District Of Columbia ?,GetWeather
please add moon river to my metalcore playlist,AddToPlaylist
What will the weather be in Corcovado National Park on december the fifth ?,GetWeather
Add wes scantlin song to my autumn,AddToPlaylist
find the picture Their Finest Hour,SearchCreativeWork
play ep by Arjen Anthony Lucassen,PlayMusic
I'd like to eat at a restaurant in MD with a party of 8,BookRestaurant
add lil armstrong to my Adrenaline Workout playlist,AddToPlaylist
Please search the Ironbound picture .,SearchCreativeWork
I want to read the book The Lion Sleeps Tonight,SearchCreativeWork
Give Star Trek The Motion Picture a five out of 6 .,RateBook
What movie theatre is playing The Deaths of Ian Stone,SearchScreeningEvent
What's the weather like in North Brunswick Township Virginia,GetWeather
book a mediterranean restaurant for my sister and I,BookRestaurant
rate this series chronicle 0 points,RateBook
Is it forecast to be chillier in Latvia ?,GetWeather
rate Orion in the Dying Time four stars,RateBook
find animated movies nearest at a movie house,SearchScreeningEvent
give 1 points to current textbook,RateBook
I'd give A Man Called Ove a 1,RateBook
Play Pease Porridge Hot by Johnny Vicious on Zvooq,PlayMusic
find movie schedules,SearchScreeningEvent
Can I put johnny burke onto my lo que suena los angeles playlist?,AddToPlaylist
Show me the films close by and the movie times for today.,SearchScreeningEvent
"find Bullet and a Target , a television show",SearchCreativeWork
what is the AMerican Samoa forecast for hot weather,GetWeather
"Can I rate the book My Life in France not one , but 6 stars ?",RateBook
Use Itunes to play artist Ringo Shiina track In Heaven,PlayMusic
Add this tune to my Dinnertime Acoustics list,AddToPlaylist
"Tell me the weather forecast for Inniswold , Réunion",GetWeather
Find a TV series called All Time Greatest Movie Songs .,SearchCreativeWork
Book a restaurant in El Salvador for 10 people.,BookRestaurant
where can i watch animated movies around here,SearchScreeningEvent
What's the weather like in the Dana Biosphere Reserve six years from now,GetWeather
can you get me the television show called Start It Up ?,SearchCreativeWork
Book reservations at James D. Conrey House at 1 PM for a party of nine,BookRestaurant
Give me the movie schedules for National Amusements .,SearchScreeningEvent
Book reservations at a restaurant that serves puglia for jan. 24th,BookRestaurant
add this song to cleaning,AddToPlaylist
Play twenties from Ken Floyd,PlayMusic
Find a photograph called The Dickinsonian .,SearchCreativeWork
Show me the novel All I Need to Know,SearchCreativeWork
Please book me a table at a food court faraway from Saint Kitts and Nevis .,BookRestaurant
Find me the When Harry Tries to Marry photograph,SearchCreativeWork
Play any song from the eighties,PlayMusic
Find a video game called New York 911 .,SearchCreativeWork
Is it chillier in Mint Hill FM,GetWeather
show creative picture of Brenda’s Got a Baby,SearchCreativeWork
"How snowy will it be in this current place on Feb. first, 2034 ?",GetWeather
Weather for James M. Robb – Colorado River State Park,GetWeather
rate this series 1 out of 6,RateBook
find a painting called Songs from Tsongas,SearchCreativeWork
where is The Cycle playing,SearchScreeningEvent
What time does A King in New York play in Malco Theatres,SearchScreeningEvent
What's the weather in the U.S. Virgin Islands,GetWeather
Can I listen to merengue style music?,PlayMusic
Add name Me & the Rhythm to my chill out music,AddToPlaylist
I give the previous album a 4 .,RateBook
find movie schedules for AMC Theaters,SearchScreeningEvent
Rate A Taste of Blackberries a three,RateBook
play the song S.F. sound furniture,SearchCreativeWork
Book a reservation for Gaslight Tavern on may the twenty-seventh,BookRestaurant
Rate this album 2 stars,RateBook
add house afterwork to my the cave canem demos,AddToPlaylist
What time is In the Crosswind playing at Marcus Corporation ?,SearchScreeningEvent
Go to the television show Nothing Without You,SearchCreativeWork
I want global top 50 to have marit bergman added to it.,AddToPlaylist
tell me how Bellwood weather is,GetWeather
play shara worden,PlayMusic
Where is the nearest movie house that is playing Teaching to See,SearchScreeningEvent
What time is Pussyfoot playing at Pacific Theatres ?,SearchScreeningEvent
Add inconfundible to the piano in the background playlist.,AddToPlaylist
Book a food truck in MP for me and my ex husband .,BookRestaurant
What is the forecast for West Virginia will it be snowy,GetWeather
Please look up the Falls Church News-Press album .,SearchCreativeWork
when is sunrise in AMerican Samoa,GetWeather
Play music from 2012 on google music,PlayMusic
Where can I buy the movie Totality,SearchCreativeWork
Open Vimeo and play Lee Mellor good songs,PlayMusic
Please find me the book Step Into My Groove .,SearchCreativeWork
Please give me the movie schedule for Pacific Theatres,SearchScreeningEvent
Rate this essay zero stars out of 6,RateBook
Play me a song from Movies For The Blind on Pandora,PlayMusic
Get the video game of The Chipmunk Song,SearchCreativeWork
Please add this song to my llegando a casa palylist,AddToPlaylist
play music by Don Reno,PlayMusic
show creativity of Mind Chaos,SearchCreativeWork
what is the twenty one o'clock forecast for the current spot,GetWeather
Rate the previous essay 5 out of 6,RateBook
Find a soundtrack called The Outpost .,SearchCreativeWork
play pop music with Groove Shark,PlayMusic
I need a reservation in 1 second in Atlas with a party of nine,BookRestaurant
Find Next of Kin,SearchCreativeWork
Give The Abstinence Teacher 4 out of 6,RateBook
What will the weather be in the current spot on 12/14/2023 .,GetWeather
What's the weather forecast for Wisconsin ?,GetWeather
Book a pub for eight people in the Pitcairn Islands .,BookRestaurant
Rate the book The Varieties of Scientific Experience two out of 6 points,RateBook
Give The CIA and the Cult of Intelligence a rating of 5 .,RateBook
whats the weather in Blythewood Louisiana,GetWeather
Look for the Public Toilet painting,SearchCreativeWork
rate this textbook a 4,RateBook
Will it snowstorm next week in West Winfield Finland ?,GetWeather
add tune this is puccini to my playlist,AddToPlaylist
Find the movie schedules,SearchScreeningEvent
I would rate this album 3 stars,RateBook
Where is My Dearest Enemy playing,SearchScreeningEvent
give four stars to current novel,RateBook
When can I watch Prince Daewon at movie house ?,SearchScreeningEvent
I want you to add must b 21 to acoustic covers the mash ups .,AddToPlaylist
Can i get the movie schedule for Megaplex Theatres .,SearchScreeningEvent
i need movie times for films in the neighbourhood,SearchScreeningEvent
Is it going to be windy here on Nov. 17,GetWeather
Book a restaurant that serves capicollo in Kit Carson with ilene and aisha .,BookRestaurant
The book History by Contract is rated five stars in my opinion.,RateBook
Book a CO table at Windows on the World,BookRestaurant
when can iw atch Great Balls of Fire! - Vampate di fuoco,SearchScreeningEvent
She me movie times,SearchScreeningEvent
Find the schedule for for Corn at eleven A.M. at Loews Cineplex Entertainment .,SearchScreeningEvent
Give 2 stars to The Doom Brigade,RateBook
Add a track to my Alok House Party playlist,AddToPlaylist
play some movement by Dj Spinna,PlayMusic
rate the book Whit a zero,RateBook
"On Dec. 13, 2018 I need a reservation for four in Arizona",BookRestaurant
show Texas Review of Entertainment & Sports Law creative song,SearchCreativeWork
show weather forecast in AS,GetWeather
I want to book a table for a party of 4 at a taverna next spring .,BookRestaurant
Use Netflix to play In The Arms Of A Woman playlist,PlayMusic
what is the Fiji forecast for warm temps,GetWeather
Rate the current textbook five of 6,RateBook
I want to add johnny burke to the Country Bound playlist,AddToPlaylist
Find me Shack Out on 101,SearchCreativeWork
Is the expected weather temperate here in 1 month,GetWeather
Add the time warp to Wild & Free Workout,AddToPlaylist
Please search Cardin in Australia saga,SearchCreativeWork
for my té para tres list add cut the world,AddToPlaylist
Rate The Grisly Wife three points out of 6,RateBook
Use Vimeo to play a Mark King record from 1993,PlayMusic
"What is the weather forecast for my current spot on Jan. third, 2036",GetWeather
Tell me if it'll blizzard in KS,GetWeather
I want to eat in 19 hours at NM,BookRestaurant
"Play me Gil Parris 's A Cup Of Coffee, A Sandwich And You",PlayMusic
What time is Return from Hell playing at the nearest movie house,SearchScreeningEvent
Play a twenties tune by Jodie Aysha .,PlayMusic
put perfecting loneliness onto primavera sound 2016 barcelona,AddToPlaylist
What movies are showing at the nearest movie theatre in 8 minutes ?,SearchScreeningEvent
look for the creative work Meltdown – Days of Destruction,SearchCreativeWork
Book a restaurant in Bouchon for 1,BookRestaurant
add dwele to marguerite's eurovision 2016 playlist,AddToPlaylist
Rate this textbook 3 of 6,RateBook
Add a yesudas song in my piano chill playlist.,AddToPlaylist
show me the movie schedule,SearchScreeningEvent
Play music from 2000 on spotify,PlayMusic
book a spot at the best brasserie near Saudi Arabia,BookRestaurant
Weather for now in Cape Romain National Wildlife Refuge,GetWeather
"book tea at The Hamburger Wagon for 3 vickie reed, melody and I in Georgia",BookRestaurant
find The Loving Spirit,SearchCreativeWork
add album to Feeling Blue,AddToPlaylist
Add this marilyn manson tune to Latin Party Anthems,AddToPlaylist
Find the show The Sword of the Lictor,SearchCreativeWork
book a taverna for a party of 10,BookRestaurant
"I need to book a restaurant in Burkettsville in 2 years for rhoda adams, roxanne and I",BookRestaurant
What's the weather at my current location,GetWeather
Find the work I Looked Up,SearchCreativeWork
Rate The Secret of Dr. Honigberger 2 points out of 6,RateBook
Look up the Fair Warning saga,SearchCreativeWork
I want to add lady maisry to my playlist lo que suena new york,AddToPlaylist
Find movie schedules .,SearchScreeningEvent
I need a table for 7 people at a bar that specialises in being a protein bar .,BookRestaurant
What's the humidity right now in Aguila,GetWeather
Play some 1999 symphony from Minami Takahashi,PlayMusic
What animated movies are playing at Dipson Theatres ?,SearchScreeningEvent
The Battle for Skies gets a three,RateBook
Play music by Young Steff,PlayMusic
put A L Lloyd on gaming anthems,AddToPlaylist
In UT at 7 pm will it be snowy,GetWeather
Lets go to the Rainforest Cafe that is in the same area as 135th St,BookRestaurant
Find the movie schedule for 1253 AM,SearchScreeningEvent
Is it going to be temperate at six am in Washington,GetWeather
I give the next essay 4 out of 6 points .,RateBook
Rate this essay a 3,RateBook
I'd like to see local movie times .,SearchScreeningEvent
Rate this textbook a 1,RateBook
i give the following textbook three points,RateBook
add this tune to the Deep Dark Indie Folk playlist,AddToPlaylist
Play music from the seventies,PlayMusic
Is Live Forever The Rise and Fall of Brit Pop playing at the closest cinema in 1 minute,SearchScreeningEvent
Play a melody by Colin Blunstone,PlayMusic
I'd like to see a movies at the nearest movie house,SearchScreeningEvent
"Will it be stormy on 4/3/2027 in New Rochelle , WY",GetWeather
give me the movie schedule at Santikos Theatres,SearchScreeningEvent
"I give The History of the Saracens a three , or 6 points",RateBook
Play Giovanni Battista Guadagnini 's 1982 tracks .,PlayMusic
What is the weather going to be like on st. patrick's day ?,GetWeather
what time is Twin Peaks Fire Walk with Me showing,SearchScreeningEvent
Find a TV show called Ace of Spades .,SearchCreativeWork
search for the painting Hess A Biography,SearchCreativeWork
Play something by grandmaster flash & the furious five on youtube,PlayMusic
Rate Pillar of Fire and Other Plays a three,RateBook
rate the bok series Preparedness 101 Zombie Apocalypse two for 6 stars,RateBook
Open Itunes and play Heath music from 1981,PlayMusic
Look for the Nightmare on Providence Street saga,SearchCreativeWork
Can you play a Sammy Fain ep,PlayMusic
Rate Tropic of Capricorn two stars,RateBook
find Journal of the Society for American Music,SearchCreativeWork
"I would rate this book chronicle , 3 out of 5 stars .",RateBook
show movie schedule of films in the area,SearchScreeningEvent
me and katharine would like to go eat at Jan. 22nd in IA,BookRestaurant
I need a reservation for Blue Ribbon Barbecue far from NY for a party of 10,BookRestaurant
Find a picture called Blink of an Eye .,SearchCreativeWork
add the artist to my southern gothic playlist,AddToPlaylist
Provide me the movie schedules,SearchScreeningEvent
Add Third Stone from the Sun to the Concentración playlist.,AddToPlaylist
Add mc ren to my It's a Southern Thing playlist,AddToPlaylist
Rate the current essay zero stars,RateBook
Do an image search for the picture Perfect Storm Disasters That Changed The World,SearchCreativeWork
Where can I view the photograph Dinosaur from the Deep ?,SearchCreativeWork
What movies are playing at the closest cinema,SearchScreeningEvent
Make me a reservation in Colorado at nine am at National Cash Register Building,BookRestaurant
Play got to be free by Madeleine Peyroux,PlayMusic
when is Red Shirts showing at Dickinson Theatres,SearchScreeningEvent
I'd like to watch films at the closest movie theatre,SearchScreeningEvent
rate the current chronicle a zero,RateBook
this artist should go onto my playlist called the piano bar,AddToPlaylist
Rate Half Past Human three stars,RateBook
play some grunge,PlayMusic
Which movie house is playing Snow in the Desert today?,SearchScreeningEvent
Add Without Your Love to my showstopper being mary jane list,AddToPlaylist
Tell me the weather forecast for my current spot,GetWeather
Give me the current showtimes for Tarass Boulba .,SearchScreeningEvent
is there a program about The Last Flight ?,SearchCreativeWork
Add Tarja Turunen to my Lo mejor de Radio 3 playlist,AddToPlaylist
find the picture Vertically Challenged,SearchCreativeWork
Book me a table at The Goof for a party of eight in the state of NV,BookRestaurant
"Will it be warm next winter in Smolan , Burkina",GetWeather
"Book reservations at restaurant in Edgemoor NM on august 3, 2024",BookRestaurant
"Tell me when it'll be sunny in Ralls , Marshall Islands",GetWeather
What time is Socrates playing at the cinema ?,SearchScreeningEvent
Find the schedule for movie times .,SearchScreeningEvent
book a cafe table for one that has internet access,BookRestaurant
Book a table at the WWE The World in South Korea .,BookRestaurant
find animated movies movie schedule in the neighborhood,SearchScreeningEvent
Play a Jim Mullen ep from the sixties,PlayMusic
When is The Woman going to be scheduled at the closest movie house ?,SearchScreeningEvent
"Please book a restaurant for six members on Jul. 13, 2036",BookRestaurant
I'd like to get reservations at a top-rated restaurant in Arkansas .,BookRestaurant
find Live at Memory Lane,SearchCreativeWork
Please get me the Welcome to the Rileys game .,SearchCreativeWork
Can i get the movie schedules for Speakeasy Theaters ?,SearchScreeningEvent
For the book The Conduct of Major Maxim I give a five of 6 rating,RateBook
Play a popular song by Willie Dixon on Groove Shark,PlayMusic
I am giving this current novel 1 out of 6 stars,RateBook
What's the weather on august seventh for Crystal Lawns Guam,GetWeather
marcia carolus rex should get added to my Women of SXSW playlist,AddToPlaylist
For the book Icon of Evil I rate a 2,RateBook
Will it be colder in Tallgrass Prairie National Preserve ?,GetWeather
Find an album called Thursday Night Baseball .,SearchCreativeWork
What will the weather be in Lamar ?,GetWeather
"Is it going to be hot on Oct. the 8th, 2020 in the neighboring Greenland area",GetWeather
I'd like a table for six in nine weeks at a restaurant in Tokelau,BookRestaurant
play Robin Trower Unravel,PlayMusic
What will the weather forecast be during the Kent State Shootings Remembrance in El Cocuy National Park ?,GetWeather
whats the closest movie house showing Medal of Honor,SearchScreeningEvent
"Is there any predicted snowfall in 2 months in Vandalia , El Salvador",GetWeather
the next book is worth two,RateBook
What is A Romance of the Halifax Disaster,SearchCreativeWork
Book a brasserie for me and my team at four am,BookRestaurant
add Chris Walla to Trabajo Relax,AddToPlaylist
show me the schedule of films in the neighbourhood,SearchScreeningEvent
Is The Divine Jetta at Marcus Corporation,SearchScreeningEvent
What time is The Bride Wore Boots playing,SearchScreeningEvent
Rate the current album a 2,RateBook
Want to see the Dungeons & Dragons Chronicles of Mystara,SearchCreativeWork
Play Tooh by Eric Bazilian on Google Music .,PlayMusic
rate current album five,RateBook
Find an album called Just Call Me Stupid .,SearchCreativeWork
Tell me if it will it be windy in Grizzled Squirrel Wildlife Sanctuary,GetWeather
Can I get the showtimes for animated movie in the neighbourhood ?,SearchScreeningEvent
"What's the forecast for Harper , ME ?",GetWeather
I need a table in Uruguay in 213 days when it's chillier,GetWeather
I want a table for five at a restaurant with latin food in Arkansas for 1 hour from now,BookRestaurant
Add knocked out loaded to the spring vibes playlist.,AddToPlaylist
play Groove Shark folk-rock,PlayMusic
I'd like to hear the song In a Reverie,SearchCreativeWork
"add kenneth c ""jethro"" burns songs in my playlist soundscapes for gaming",AddToPlaylist
What is the weather forecast for four pm close to Stretch Point State Park,GetWeather
Play Eve,PlayMusic
When is Blood and Ice Cream-trilogie playing at the nearest movie theatre ?,SearchScreeningEvent
Rate my current book four points out of 6,RateBook
Where can I find the work It Was Raining That Night ?,SearchCreativeWork
Tell me the predicted weather once I travel faraway to Crimson Lake Provincial Park .,GetWeather
Put this track on Musica Española 2017,AddToPlaylist
I'd like to eat at a pub in Arkport,BookRestaurant
"Will it be warmer at lunch in Prentice , Armenia",GetWeather
What's the weather in Niagara,GetWeather
Would you please play me a symphony from 1995,PlayMusic
book a restaurant for four in Burundi,BookRestaurant
add this song to my us latin top 50 playlist,AddToPlaylist
Rate the current book one of 6 points,RateBook
play some twenties music on Iheart,PlayMusic
Find the Blood Red Sandman,SearchCreativeWork
I want a table for 3 at a restaurant,BookRestaurant
play My Back Pages by Paul Young on vimeo,PlayMusic
what is the colder forecast for Nationaal park Bidoup Núi Bà in a week,GetWeather
I want to hear a top five ballad from 2002,PlayMusic
find the video game Tenacious D in The Pick of Destiny,SearchCreativeWork
What's the weather in Low Moor,GetWeather
Play some fifties music by Chris Brown .,PlayMusic
Use Groove Shark to play Krizz Kaliko,PlayMusic
add tune to women of pop playlist,AddToPlaylist
Can you play something from 1966 by Mc Ren on Spotify,PlayMusic
what's the closest movie theatre showing Harbour Beat,SearchScreeningEvent
What's the weather in South Punta Gorda Heights,GetWeather
Play the greatest soundtrack by Nhat Son on Last Fm .,PlayMusic
find Sailing The Seas Of Cheese,SearchCreativeWork
"add kansas city, missouri to Stress Relief",AddToPlaylist
Show me the closest movie house playing An Unfinished Life at eight pm .,SearchScreeningEvent
What is the weather going to be like this Evening in Arkansas,GetWeather
Find a picture called Neighbourhood .,SearchCreativeWork
Find the movie schedules for Great Escape Theatres .,SearchScreeningEvent
Can I get the showtimes for films at the closest movie house .,SearchScreeningEvent
give three stars to chronicle Falling in Love With Hominids,RateBook
Look up the game called The Long Morrow,SearchCreativeWork
Put Targeted in my Clapton Chronicles The Best of Eric Clapton playlist.,AddToPlaylist
"Is it going to be freezing at tea time in Michigantown , KS",GetWeather
Tell me if there will be hail at tea time in Nordland,GetWeather
What's the weather forecast for Oman 2 months from now ?,GetWeather
I want to bring four people to a place that's close to downtown that serves churrascaria cuisine.,BookRestaurant
Please tell me the movie schedules,SearchScreeningEvent
"Reserve a spot at indoor restaurant on june the 15th , 3 guests",BookRestaurant
Put wreck of the tennessee gravy train in the Kids Workout playlist.,AddToPlaylist
I need a reservation for 6 at Cherwell Boathouse .,BookRestaurant
Book a table for 1 person at a popular brasserie in Jansen that serves english food,BookRestaurant
I'd like to play the top ten Mickdeth on Google Music,PlayMusic
Play the track titled Faget,PlayMusic
Play some Hong Junyang .,PlayMusic
Play some Geir Jenssen .,PlayMusic
find a Cineplex Odeon Corporation showing movies,SearchScreeningEvent
Rate this textbook 2 out of 6,RateBook
Is The Love Guru playing,SearchScreeningEvent
I would give this current chronicle a value of 4 and a best rating of 6,RateBook
play The Song Remains The Same with Pandora,PlayMusic
What time is The Mailman playing,SearchScreeningEvent
Please book a brasserie restaurant for eight in Ireland,BookRestaurant
Find Clash of the Codes .,SearchCreativeWork
Find a reservation for a tea house in Lorain,BookRestaurant
Give three points out of 6 to One Hundred Poems of Tukaram,RateBook
Rate The Crossroads 4 of 6 stars,RateBook
I really need a top-rated restaurant that can seat 3 people in 1 minute from now.,BookRestaurant
What are the movie schedules at Loews Cineplex Entertainment,SearchScreeningEvent
Let me get reservations at a place neighboring Indonesia on August the nineteenth .,BookRestaurant
Please rate the current album 4 stars .,RateBook
Can you add something by Faultline to jannie's Strength of Street Knowledge playlist,AddToPlaylist
Tell me the weather forecast one second from now in Barnum Island,GetWeather
Rat Short Trips A Christmas Treasury a 3,RateBook
"What will the weather be in Rutherfordton Rhode Island on September 22nd, 2017 ?",GetWeather
Play the album 21st Century Live by Chet Lam on Itunes .,PlayMusic
play a Keith Richards album,PlayMusic
Can you let me know where I can watch The Nest ?,SearchScreeningEvent
Find a top fifty zahir howaida concerto from the seventies,PlayMusic
add gareth gates to my autumn playlist,AddToPlaylist
Play the newest music by Gladys Knight,PlayMusic
add great grape to my playlist named Novedades Pop,AddToPlaylist
Rate Cotton Comes to Harlem a 2,RateBook
What weather will it be in Battlement Mesa ?,GetWeather
Is The Mystical Adventures of Billy Owens playing at the closest movie house,SearchScreeningEvent
Will it snowstorm neighboring the Rio Grande Wild and Scenic River on feb. the second ?,GetWeather
Please play music off the soundtrack by Beau Jocque,PlayMusic
Book me a table at The Fat Duck in Ireland,BookRestaurant
Add genocide to electronic bliss,AddToPlaylist
Add TEENAGER to the queen playlist,AddToPlaylist
where is Beyblade Fierce Battle playing,SearchScreeningEvent
I want to book a bistro that serves pasta salad in Brazil .,BookRestaurant
"book a spot for 8 at The Kitchin on october the 13th, 2039",BookRestaurant
Give the current part of the series 1 points .,RateBook
book a table in Cottondale not far for in two hundred sixty nine days,BookRestaurant
Play the album Resurrection In Blood from Sleepy Brown on Itunes .,PlayMusic
show TV show schedule Archive.is,SearchCreativeWork
restaurant in South Sudan for 6,BookRestaurant
give three stars to Talbot Mundy Messenger of Destiny,RateBook
Find book The Music Lovers,SearchCreativeWork
Add Progress to my clásica para todos playlist.,AddToPlaylist
I give this current textbook a rating value of 1 and a best rating of 6,RateBook
find the So This Is Goodbye saga,SearchCreativeWork
I give this book five stars out of 6,RateBook
What's the forecast for Lake Ilo National Wildlife Refuge,GetWeather
What animated movies are playing at KB Theatres,SearchScreeningEvent
Show me the forecast for the distant area of ME at three pm,GetWeather
I think this essay should be given four points and a best rating of 6,RateBook
show creativity of Doomsday Comfort,SearchCreativeWork
Find the schedule for To Shoot an Elephant at the nearest movie theatre .,SearchScreeningEvent
Play me Memoirs of Modern Love Curious Age,SearchCreativeWork
I'd like to watch The Freckled Fish at 004743 at Magic Johnson Theatres,SearchScreeningEvent
Where is the closest cinema playing Soapsuds and Sapheads,SearchScreeningEvent
give four out of 6 points to current album,RateBook
"Book a table for 2 at The Mustard Seed , Agate .",BookRestaurant
play The Necromancer,PlayMusic
I need to add a tune by Amanda Stern to the playlist cloud rap .,AddToPlaylist
I need a reservation for The French Laundry in OH for six,BookRestaurant
Find a reservation in Hesston NC at a new restaurant,BookRestaurant
add song to thrash attack,AddToPlaylist
"use netflix to play Bizzy Bone Kiss Me Goodnight, Sergeant Major",PlayMusic
Incorporate time warp into my fairy tales playlist.,AddToPlaylist
What will the weather be in Uzbekistan at 4 am ?,GetWeather
Play the album Shooting Silvio by Dave Sabo,PlayMusic
add the artist Ruby to my digging now list,AddToPlaylist
The book the Geoff Ryman bibliography should have a rating of three to 6 points .,RateBook
Find me showtimes for How I Unleashed World War II .,SearchScreeningEvent
Play something on my Classic Jazz Funk playlist on Zvooq,PlayMusic
Play easy listening,PlayMusic
Show me the album Andrews University Seminary Studies,SearchCreativeWork
book a bar in SC in Leonville,BookRestaurant
I want to find Night of the Hunter,SearchCreativeWork
play the album The Outpost,SearchCreativeWork
Add this artist to piano chill,AddToPlaylist
what is the weather forecast for Shasha Forest Reserve in 43 weeks,GetWeather
Can you play fifties theme music by Mohsen Chavoshi,PlayMusic
Where can I watch the TV series Polite People,SearchCreativeWork
add artist to my friendesemana playlist,AddToPlaylist
add this track to my epic wall of sound playlist,AddToPlaylist
Find the schedule for films at the closest movie house .,SearchScreeningEvent
put Sonntagskind onto the playlist called soulful disco,AddToPlaylist
Rate the current book five of 6 stars,RateBook
play Matt Walker tunes,PlayMusic
Add the tune from Leena Peisa to my amor amor playlist.,AddToPlaylist
Play  music from the thirties .,PlayMusic
Please book reservations for 3 people at a restaurant in Alderwood Manor,BookRestaurant
"book a spot for wilma, gay and I At The Gowanus Yacht Club in Montenegro",BookRestaurant
Add an album by cowboy troy to my piano in the background playlist.,AddToPlaylist
Add women of metal to Odetta Holmes,AddToPlaylist
give me the movie schedules for Southern Theatres,SearchScreeningEvent
Play some music from the sixties,PlayMusic
What animated movies are at the closest movie house near brunch,SearchScreeningEvent
Rate Religion and Dharma saga 1 points,RateBook
Give the current essay a rating of zero out of 6 stars .,RateBook
What kind of weather will be in VA 12 years from now ?,GetWeather
find the closest cinema for films,SearchScreeningEvent
Show me Half a Life,SearchCreativeWork
When was the album Start a Fire released?,SearchCreativeWork
Please search for The Legend of Korra book .,SearchCreativeWork
antoinette and I want to eat at an oyster bar that serves pizzette in South Duxbury ME,BookRestaurant
Play Deezer,PlayMusic
Please make a reservation at ten at a bakery which serves burrito .,BookRestaurant
book a table for 2 at a highly rated restaurant within walking distance of taverna OK,BookRestaurant
Rate my current novel 3 out of 6,RateBook
Find the movie schedules for Cobb Theatres .,SearchScreeningEvent
Make me a reservation in NE at a distant resturant that is a pizzeria,BookRestaurant
I would like to book Thomas Hynes House for 6 in Minnesota,BookRestaurant
play Blind Company,SearchCreativeWork
find The Branded Woman,SearchScreeningEvent
Is it going to rain in Kansas by march 4,GetWeather
I would rate The Persistence of Vision 1 stars and a best rating of 6,RateBook
What animated movies are playing nearby,SearchScreeningEvent
find Live in Tokyo for me,SearchCreativeWork
play ambient music,PlayMusic
I need to add a song to my lo que suena new york playlist.,AddToPlaylist
Play the latest ballad by September,PlayMusic
This current essay deserves 0 stars,RateBook
Let's hear some tunes from the thirties .,PlayMusic
play Who Do You Think You Are by Magnifico with spotify,PlayMusic
add current album to my pop gaming playlist,AddToPlaylist
book a table for a Macedonia restaurant,BookRestaurant
Assign 5 stars to Lincoln at Gettysburg,RateBook
Rate The White Body of Evening one of 6,RateBook
Give Home from the Hill a 3,RateBook
Book a table for my granddaughter and I at the highly rated restaurant that is close by in Tuvalu .,BookRestaurant
give this current essay a 3 out of 6,RateBook
Tell me if the forecast will be temperate around Nationalpark Doi Suthep-Pui on 4/15/2034,GetWeather
Play Water Under The Bridge by Hariprasad Chaurasia .,PlayMusic
Give the current series two stars .,RateBook
Can you play a top 5 song by Manos Hadjidakis,PlayMusic
play Abhijeet Bhattacharya from 1986,PlayMusic
I want to watch Manthan,SearchCreativeWork
show song Black Heart White Soul,SearchCreativeWork
Is it going to be humid faraway from here around dinner time,GetWeather
What time is Goodbye Mothers playing?,SearchScreeningEvent
When is Longwave going to be playing?,SearchScreeningEvent
Find a soundtrack called New Religion .,SearchCreativeWork
please add this artist to my Zen Focus playlist,AddToPlaylist
add this track to my global funk,AddToPlaylist
what is the six o'clock forecast for West Selmont in Montserrat,GetWeather
Book a restaurant for one person at three pm,BookRestaurant
give 4 stars to this essay,RateBook
Get me information on The Riverfront Times,SearchCreativeWork
add villotta to The MetalSucks Playlist playlist,AddToPlaylist
I want to hear This Is The Night from Proof,PlayMusic
Find the picture of The Harsh Light of Day,SearchCreativeWork
Show movie times of movies in the neighbourhood,SearchScreeningEvent
"Please find me the work, Earth Intruders .",SearchCreativeWork
Show the forecast for Moonlight Beach at 10/4/2021,GetWeather
Give Physics of the Impossible four points .,RateBook
Play some music from 1958 on Deezer .,PlayMusic
Tell me the weather forecast in Greensburg,GetWeather
I'd like to eat at a pho restaurant in VT,BookRestaurant
will it be a snowy day in Dalcour,GetWeather
I need to hear some music from Spotify,PlayMusic
Will there be any cloud in Delaware on 1/11/2040 ?,GetWeather
Find the Youth Against Christ saga,SearchCreativeWork
Can you tell me the weather conditions for Patricia,GetWeather
rate Dragons of Spring Dawning 3 stars,RateBook
Give this book chronicle four stars,RateBook
Give 5 / 6 stars to Expressive Processing,RateBook
"find Outback Bound , a trailer",SearchCreativeWork
How can I watch the television show Straight Shooter ?,SearchCreativeWork
Add this album to my Adrenaline Workout .,AddToPlaylist
I want to book a close restaurant in SC for seven,BookRestaurant
I am rating this essay two points,RateBook
Can you find the trailer for The Young Martyr ?,SearchCreativeWork
Open youtube,PlayMusic
I want to add the war is not over to geraldine's pop punk powerhouses playlist,AddToPlaylist
add steve albini album to my psychedelic rock playlist,AddToPlaylist
I need seating at Floating restaurant in Tennessee for a group of 9,BookRestaurant
Add this artist to Reggae Classics playlist,AddToPlaylist
Add Por una Cabeza to my playlist called this is new edition,AddToPlaylist
find a book called The Mad Magician,SearchCreativeWork
How is the humidity near my current place,GetWeather
add this album to my Throwback Thursday playlist,AddToPlaylist
what is the Currituck National Wildlife Refuge forecast for chilly conditions,GetWeather
Is Love Coach playing at Speakeasy Theaters ?,SearchScreeningEvent
Play some Instrumental music on the service Lastfm,PlayMusic
Play some ivy anderson from around 1967,PlayMusic
add ths album to my Pachangueo Total,AddToPlaylist
please give me the movie schedule,SearchScreeningEvent
Will it be overcast in Luxembourg in fourteen seconds,GetWeather
Is it chilly in Ecola State Park at 2 pm,GetWeather
Add this tune to hipster soul,AddToPlaylist
weather for Frankfort,GetWeather
what animated movies are at Cobb Theatres,SearchScreeningEvent
What is the movie schedule for films in the neighbourhood,SearchScreeningEvent
show me the picture Unfinished Monkey Business,SearchCreativeWork
I want to give the current novel 5 out of 6 points,RateBook
give this saga a 4,RateBook
give five out of 6 stars to The Arrows of Hercules,RateBook
What is the movie schedule for the movies that are playing nearby ?,SearchScreeningEvent
Add the track to the Best Metal of the New Millennium playlist.,AddToPlaylist
Book a table at a brasserie type restaurant that serves jain for a party of 8,BookRestaurant
What will the weathr be in Akin Jamaica ?,GetWeather
I want to eat for two at a brasserie in Gwynedd Valley TN with pickled cucumber in one second,BookRestaurant
Please tell me movie times,SearchScreeningEvent
find some close by movies,SearchScreeningEvent
"I'd like to go to a pub that has italian dressing for a party of 5 on February 11, 2033",BookRestaurant
I want to book a bar neighboring our apartment .,BookRestaurant
Book a restaurant for a meal for 4 people.,BookRestaurant
Play the new music from Wilko Johnson,PlayMusic
What's the weather going to be like tomorrow at Black Hawk State Park ?,GetWeather
Can you pull up Channel M News,SearchCreativeWork
Play Pledge by Markus Grosskopf,PlayMusic
Is there snow in jan. in Castle Dale Mayotte,GetWeather
Rate The Doomsters four out of 6 stars,RateBook
Play music off Itunes .,PlayMusic
find Italy Has Awakened at a Goodrich Quality Theaters,SearchScreeningEvent
Search for The Hills Have Eyes The Beginning TV show,SearchCreativeWork
Give The First Chronicles of Druss the Legend a zero .,RateBook
Book a taverna in Wisconsin for 2254 .,BookRestaurant
Rate Paradise News 2 out of 6,RateBook
Play the newest 2016 ep from Boaz Mauda .,PlayMusic
what is the Loco weather forecast,GetWeather
Play The New Retro playlist on Netflix .,PlayMusic
Add a norma jean tune to the Soul Revived playlist.,AddToPlaylist
I give Christianity not Mysterious 1 out of 6 points .,RateBook
find PoliticsNation with Al Sharpton,SearchCreativeWork
book a restaurant for 4 that's not far from CA,BookRestaurant
rate the current textbook 5 stars,RateBook
"I need a reservation for a restaurant in Bangladesh on feb. the 11th, 2032",BookRestaurant
please book highly rated restaurant with food truck tuscan for me and adela in Hallam Indiana,BookRestaurant
What time will the closest movie house be playing Mark Shoots First,SearchScreeningEvent
Add Shooter Jennings to the All Out 70s playlist.,AddToPlaylist
this chronicle of The Origins and History of Consciousness is a three,RateBook
Is it going to be warmer 165 days from now at Nairobi National Park,GetWeather
"Can I book a restaurant that serves pastelaria in Takilma , Virgin Islands ?",BookRestaurant
I want to book a meal at a restaurant that searves kouglof .,BookRestaurant
Add a song from Randy Rhoads to my 50 Clásicos playlist,AddToPlaylist
I'd like to reserve a table in Northcote .,BookRestaurant
I gave Chart Throb 4 of 6 stars,RateBook
Rate the current textbook 1 of 6,RateBook
Tell me the weather forecast for here,GetWeather
add armistead burwell smith iv to Blues Masters,AddToPlaylist
What time is The Rumyantsev Case playing at the closest cinema,SearchScreeningEvent
What's the weather forecast for my current spot in eight hours ?,GetWeather
add M-CABI to the playlist named Pre-Party R&B Jams,AddToPlaylist
find movies close by,SearchScreeningEvent
Play any song from Rebecca Hewitt,PlayMusic
Play me an eighties song by Wes Dakus,PlayMusic
Play some music by Frayser Boy .,PlayMusic
Rate the current novel a zero .,RateBook
I rate this essay 5 of 6 points,RateBook
I would like a table for jacqueline wilson and deanna at David Carpenter House in Uncas FM,BookRestaurant
Book a breakfast in a restaurant for eight .,BookRestaurant
What is going on with the weather far from my current location,GetWeather
add the artist w g snuffy walden to my Billboard Latin Music Awards Finalists playlist,AddToPlaylist
I'm looking for an album called The Orchestrion Project .,SearchCreativeWork
rate this album 2 of 6,RateBook
Book something for me and my wife at a restaurant in four weeks,BookRestaurant
find an outdoor facility for midday in Datil at a pub for six,BookRestaurant
Need to see if there will be fog,GetWeather
What is the Paranormal Activity Ghost Dimension album ?,SearchCreativeWork
Play song Softly,SearchCreativeWork
Give me showtimes for films in the neighbourhood .,SearchScreeningEvent
Find Five Came Back for me,SearchCreativeWork
Where can I listen to the song The Lost Worlds of Planet Earth,SearchCreativeWork
Play me a top 20 chant by Ruwanga Samath on Lastfm,PlayMusic
"Book something for darlene, tessa and maxine at a restaurant for 095827",BookRestaurant
Book a fast food restaurant .,BookRestaurant
rate the next essay five of 6,RateBook
find animated movies at the nearest movie theatre,SearchScreeningEvent
I'd like to eat souvlaki fast food with a party of two,BookRestaurant
Add Showcase in a Suitcase to the chill out playlist.,AddToPlaylist
Rate the previous album 0 points out of 6,RateBook
Find Returned to Your Mind .,SearchCreativeWork
Is there snowfall nearby AMerican Samoa,GetWeather
show me the movie schedule in the neighbourhood movies,SearchScreeningEvent
Show Famous Classic Tales television show,SearchCreativeWork
I give this current textbook five stars,RateBook
List movies at IMAX Corporation,SearchScreeningEvent
What films are playing at Pacific Theatres,SearchScreeningEvent
Find the Steady as She Goes saga,SearchCreativeWork
When is Crime and Punishment U.S.A. showing?,SearchScreeningEvent
Add the artist jill vidal to my Sinfonía Hipster playlist,AddToPlaylist
Add an artist to the décadas playlist.,AddToPlaylist
Put this Yury Chernavsky tune on my Alternative Route playlist,AddToPlaylist
Find The Tyrant,SearchCreativeWork
Book a restaurant for ten people 1 second from now .,BookRestaurant
what movies are showing in the neighborhood,SearchScreeningEvent
table for two on Nov. fifteenth,BookRestaurant
What time is The Bride from Hell playing at Malco Theatres,SearchScreeningEvent
Where can I get a photograph of Death Knows Your Name ?,SearchCreativeWork
Play me a song from 1976 by Bennie Moten,PlayMusic
play a tune by Margaret Kelly on Iheart,PlayMusic
what is the Pennsylvania forecast for Three Forks for midnight,GetWeather
Show the movie schedule of animated movies close by,SearchScreeningEvent
Add feel the passion to my this is kudai playlist.,AddToPlaylist
play music by Rodney Whitaker,PlayMusic
Play the greatest music by Phoebe Snow,PlayMusic
find the picture Music Is the Message,SearchCreativeWork
What time does the next movie play around here,SearchScreeningEvent
Will it be hot on orthodox good friday in Michigan and close-by,GetWeather
I want my Reggae Infusions playlist to have Plaid Retina on it.,AddToPlaylist
rate the current essay a four,RateBook
Need a resevation for a cafeteria stle restaraunt in the country of Liberia for a party of 10,BookRestaurant
Book the Dunbrody Country House Hotel in NE for 8 people.,BookRestaurant
Book a table for three people at John Pearson Soda Works in Mauritius .,BookRestaurant
Plays some akb48 on Youtube,PlayMusic
Where is Boo to You Too! Winnie the Pooh playing,SearchScreeningEvent
add my old kentucky home to Fresh Finds Fire Emoji,AddToPlaylist
Play Yung Joc on slacker,PlayMusic
Please add checkmate to my irish folk – jigs & reels playlist,AddToPlaylist
Book the Last Exit on Brooklyn 5 hours from now for one person.,BookRestaurant
Play me a Chris Needham song on Vimeo,PlayMusic
how's the weather going to be at fourteen o'clock in Falkland Islands,GetWeather
Give this chronicle a 4 out of 6,RateBook
Book a restaurant for 5 people.,BookRestaurant
search for a photograph of Road Hogs,SearchCreativeWork
book Main Deli Steak House on february 13 in Serbia and Montenegro,BookRestaurant
add GodMusic to my latin dance cardio playlist,AddToPlaylist
Need to book a table downtown within walking distance of me at J.G. Melon,BookRestaurant
Tell me if it'll be chillier now in Engadine,GetWeather
what is the forecast for Bad Branch Falls State Nature Preserve for in 1 hour and 14 seconds,GetWeather
I'd like to see the movie Edinburgh Evening News,SearchCreativeWork
I'm wondering if you can give me the movie times for films in the neighborhood .,SearchScreeningEvent
Please add a track from jeff mills to my hiphop hot 50 playlist,AddToPlaylist
I would like to rate the current book I am reading 0 stars .,RateBook
I'm rating The Skystone with three points,RateBook
Play the TV series Heart of Gold,SearchCreativeWork
What is the weather forecast for Theodore Roosevelt Inaugural National Historic Site,GetWeather
Will it be overcast in South Dakota,GetWeather
Show me Cut the Rope video game,SearchCreativeWork
Play the top 10 by Sankha Chatterjee .,PlayMusic
Play classic rock on Groove Shark,PlayMusic
Find the nearest movie theatre that plays Sea Racketeers,SearchScreeningEvent
what is the weather in Gem,GetWeather
Play some music on spotify,PlayMusic
Book a restaurant close by downtown for nine in seven months,BookRestaurant
Will it be chilly 17 hours from now in Cold Creek Conservation Area,GetWeather
Will it be windy in Tequesta ?,GetWeather
Play Grabsteinland I by Doctor Fink on slacker radio,PlayMusic
Play some music from 1993 on Itunes .,PlayMusic
I want to put Land of the Dead into my Big Daddy's Booze & Blues playlist.,AddToPlaylist
I want to give this album 4 stars,RateBook
play The New Timer by Augustus Pablo with Itunes,PlayMusic
What is the movie schedule at Cineplex Odeon Corporation 12 hours from now,SearchScreeningEvent
Find a painting called Break Down .,SearchCreativeWork
Play some fifties music by Origa .,PlayMusic
"Please make me reservations somewhere for eight people in Foley , NV",BookRestaurant
Please include Emily Remler in Indie Bluegrass,AddToPlaylist
Find a table close by in the downtown area for sherri and I,BookRestaurant
I want to play the game The Carny,SearchCreativeWork
Play Yuauea by Rick Ross,PlayMusic
Find My Tribute show,SearchCreativeWork
What is the films with movie times in the area,SearchScreeningEvent
I want to listen to seventies music.,PlayMusic
Need to find the soundtrack called Fire in the Valley,SearchCreativeWork
I want lance king in my list called One Love,AddToPlaylist
Add a Mary Fahl tune to the Pre-Party R&B Jams playlist.,AddToPlaylist
Is the film Goodrich Quality Theaters playing at 1226 AM ?,SearchScreeningEvent
Where can I purchase a copy of the photograph on the front page of today's Jacksonville Daily Progress ?,SearchCreativeWork
Play music on itunes from artist Jessica Delfino,PlayMusic
Can you play me the latest theme song by Warren Vache,PlayMusic
Add Cary Brothers to rock the 2000's playlist,AddToPlaylist
play the game Piety Street,SearchCreativeWork
what time can i see Older Office Lady Using Her Seductive Tongue at Star Theatres,SearchScreeningEvent
Book a restaurant with parking for kirsten morris and I .,BookRestaurant
Give this book a rating of four out of 6 .,RateBook
Please play Kabhi Jo Baadal Barse by Ruth Lorenzo,PlayMusic
Add parempi mies to the Café con Leche playlist.,AddToPlaylist
Book a restaurant reservation for my gf and I within walking distance of sondra's university,BookRestaurant
add the outlaw blues to the playlist with the title top 100 country tracks on spotify,AddToPlaylist
Book a steakhouse with a pool for eight people.,BookRestaurant
Find a show called Some Kind of Dangerous .,SearchCreativeWork
rate Special Assignments 0 of 6 points,RateBook
I want to give the current saga a five,RateBook
Play some space music on Google Music,PlayMusic
Find the schedule for films in the neighborhood .,SearchScreeningEvent
Book a restaurant in the Maldives in one second .,BookRestaurant
What films are at Cineplex Odeon Corporation,SearchScreeningEvent
find Harry Potter and the Deathly Hallows – Part 2,SearchCreativeWork
book a spot for five in the same area as 72nd St,BookRestaurant
Please let me know the weather forecast in Louisiana state,GetWeather
What movies are playing in the area,SearchScreeningEvent
play songs by Gamble Rogers,PlayMusic
Please find movie schedules,SearchScreeningEvent
put this song on the Chips and Salsa playlist,AddToPlaylist
find the closest movie theatre for films,SearchScreeningEvent
Find a show called The Inheritors,SearchCreativeWork
play the top song by Amon Amarth on Groove Shark,PlayMusic
What's the weather forecast close by Sligo ?,GetWeather
Give The Case of Jennie Brice 4 stars out of 6,RateBook
PLpay the top ten track from Asia Nitollano on spotify .,PlayMusic
what is the weather forecast in 11 seconds for Frederick Douglass National Historic Site,GetWeather
where can I find a painting called Battlestations Pacific,SearchCreativeWork
Need to book a restaurnt for a party of nine on Thomas Jefferson's Birthday,BookRestaurant
I give the current textbook 0 of 6 points,RateBook
I want to book a pub in MS that serves festoni,BookRestaurant
find Starcross,SearchCreativeWork
Make me a reservation somewhere outdoor in Port Wentworth for a party of five at a coffeehouse in ten months that is distant,BookRestaurant
Is it hot in Round Hill HI,GetWeather
"me, bobbie and colette want to go to The Peak Lookout in Felicity",BookRestaurant
give three points out of 6 to You A Novel,RateBook
Can you give me weather details for my current spot,GetWeather
play the movie White Christmas,SearchCreativeWork
show creativity of painting of Me Too,SearchCreativeWork
What will the weather be like on september 26th in Eastlake,GetWeather
"rate the book Magic History, Theory and Practice five stars",RateBook
use Netflix to play Michael White tune from 1955,PlayMusic
Find me a table at a javanese brasserie,BookRestaurant
Give me the schedule for What a Wonderful Place at Cinemark Theatres,SearchScreeningEvent
Find a movie called Greatest Time of Year .,SearchCreativeWork
"How is the weather in Edesville , MN ?",GetWeather
Play me some music youtube,PlayMusic
find Time Squared,SearchCreativeWork
give two out of 6 stars saga called The Big Question,RateBook
book Bridge Round House for one at meal time in Democratic Republic of the Congo close,BookRestaurant
Please put David Van Tieghem onto my throwback party playlist.,AddToPlaylist
At 8 AM I want to eat at The Rosebud in the Federated States Of Micronesia,BookRestaurant
Find me The Rise and Fall of the Great Lakes saga .,SearchCreativeWork
play songs by Wise,PlayMusic
Book a churrascaria restaurant that serves spring rolls for one person.,BookRestaurant
show movie CrossGenesis,SearchCreativeWork
Play The News Virginian song,SearchCreativeWork
Book a table for five at The Training Table .,BookRestaurant
Play a song from the seventies by Pepe Aguilar,PlayMusic
what weather is in Saint Vincent and the Grenadines on Thursday,GetWeather
I gave Joseph Andrews a 0 out of 6,RateBook
Check the forecast for Keene .,GetWeather
Book a restaurant for ten people.,BookRestaurant
"Can you locate the novel , Ismol Family",SearchCreativeWork
I want to book a restaurant next year in Glazier for 6 people.,BookRestaurant
Book a table for two at a restaurant faraway from office in California .,BookRestaurant
add Irish Heartbeat to my Trapeo playlist,AddToPlaylist
play Tom Jones album from the twenties,PlayMusic
What animated movies are playing nearby right now ?,SearchScreeningEvent
will it rain today in Circleville,GetWeather
Play movement music by Monk Boudreaux on youtube,PlayMusic
Please look up Amrithavaahini,SearchCreativeWork
edit Top 100 Indie Tracks on Spotify playlist by adding Smokefree RockQuest 2005,AddToPlaylist
I'd rate this novel a five,RateBook
Are there any films around here,SearchScreeningEvent
What are the movie times for animated movies playing close by,SearchScreeningEvent
What movie times are there for 5 p.m. ?,SearchScreeningEvent
is there going to be snowfall in Alton,GetWeather
book in South Dakota for lobster newberg at a pub,BookRestaurant
play the most popular Miles Jones track,PlayMusic
find War & Peace Vol. 1,SearchCreativeWork
Showtimes for the films at Santikos Theatres,SearchScreeningEvent
Add tune to Classical Intimate Dinner,AddToPlaylist
find the show titled Hell on Earth 2006,SearchCreativeWork
book a spot for 4 at a restaurant in Shambaugh MD,BookRestaurant
book a cafe in Romania,BookRestaurant
I want to read the novel Alone at the Microphone,SearchCreativeWork
Play fifties music on Deezer,PlayMusic
Is Jack the Ripper playing in one hour at the nearest movie house ?,SearchScreeningEvent
What movies are starting in 1 second at a theater in the neighborhood ?,SearchScreeningEvent
Book a restaurant in Myanmar for 4 .,BookRestaurant
I am giving Fifty Years a Hunter and Trapper a 1 rating.,RateBook
Which films are playing at Consolidated Theatres ?,SearchScreeningEvent
Add this lbc crew tune to my Rock Argentino Vol I playlist,AddToPlaylist
rate this book chronicle 1 points,RateBook
play a chant by Mike Jones,PlayMusic
i want to play the video game called China Seas,SearchCreativeWork
I want to hear some freestyle music.,PlayMusic
book a table for my step father and I,BookRestaurant
I want to give The First Person and Other Stories 0 out of 6 stars,RateBook
book a table for seven people at six at the restaurant,BookRestaurant
The current novel in this series gets zero points from me.,RateBook
four points for this essay,RateBook
National Lampoon Tenth Anniversary Anthology 1970–1980 is a 4 out of 6 read,RateBook
input this album onto my All Things Post list,AddToPlaylist
Add this song to my playlist named Wild Country,AddToPlaylist
Play the playlist Grime Shutdown,PlayMusic
What is the movie schedule looking like,SearchScreeningEvent
"When is Have Sword, Will Travel playing at the closest movie theatre ?",SearchScreeningEvent
Looking for A Black Ribbon for Deborah .,SearchCreativeWork
give 1 point to current textbook,RateBook
Add an album to Women of Hip Hop,AddToPlaylist
I want to hear De Eerste Keer from Paul Caiafa off of Google Music,PlayMusic
When was the soundtrack for Those Were the Days – The Best of Leningrad Cowboys published?,SearchCreativeWork
"Play music from jeremy taylor on the album Dormi Amore, La Situazione Non È Buona on Groove Shark",PlayMusic
my sons and I want to dine at The Water Club in Georgia,BookRestaurant
"Play a tune or two from Kansas City, Missouri",PlayMusic
Give Grand Conspiracy zero out of 6 points .,RateBook
Play some salsa music.,PlayMusic
Play my Top Gaming Tracks .,PlayMusic
Add this track by horace andy to acoustic soul,AddToPlaylist
Play some Game music.,PlayMusic
Play some Katiejane Garside on Vimeo .,PlayMusic
I need a restaurant in Iowa for 0 o'clock,BookRestaurant
"I need to add an artist to one of my playlists, Classical New Releases Spotify Picks .",AddToPlaylist
Book a popular joint in Ocean Gate for seven people at elevenses .,BookRestaurant
Add Step to Me to the 50 Clásicos playlist.,AddToPlaylist
I want to hear music on Itunes,PlayMusic
Play Hasan Saltik from 2004,PlayMusic
Add autry inman to my Hanging Out and Relaxing playlist.,AddToPlaylist
Find the movie schedule for B&B Theatres .,SearchScreeningEvent
What movies are playing at Dipson Theatres,SearchScreeningEvent
When is Just Before Nightfall playing?,SearchScreeningEvent
give one out of 6 stars to Free Market Fairness,RateBook
what's the movie schedules for Magic Johnson Theatres,SearchScreeningEvent
Find the schedule for films at Cobb Theatres .,SearchScreeningEvent
Rate this textbook a three,RateBook
Play Divine from Vinnie Roslin,PlayMusic
play the last Niney The Observer song,PlayMusic
Book a restaurant in one minute for five people in Canal Fulton .,BookRestaurant
Rate current novel two stars,RateBook
What are the movie times for films playing nearby,SearchScreeningEvent
Put some Stu Phillips in the women of acoustic playlist.,AddToPlaylist
We want to eat at a brasserie with sicilian food in Nebraska,BookRestaurant
Use Spotify to play Who Was In My Room Last Night ?,PlayMusic
what animated movies are showing in the area,SearchScreeningEvent
Play Sergei Anatoljewitsch Kurjochin 's music on Groove Shark .,PlayMusic
Play some Joeri Basjmet .,PlayMusic
"add this album to my playlist named Café, Libros",AddToPlaylist
find a saga called Set Sail the Prairie,SearchCreativeWork
add tune to my Hype playlist,AddToPlaylist
Will the weather be cloudy seven weeks from now in Hinckley,GetWeather
book in OH in Gurabo for velma and gloria,BookRestaurant
Rate the current essay three of 6 points,RateBook
What will the weather be in Montserrat ?,GetWeather
Book a table over the internet for six at a food truck in Vanuatu for two pm,BookRestaurant
Tell me if it'll be chilly 1 second from now here,GetWeather
Is there a cloud in the sky in Thornville on Feb. fifth,GetWeather
rate the previous textbook a 4 out of 6,RateBook
Play a popular melody by Lindsay Lohan on Youtube .,PlayMusic
Play a Wendy Carlos song from 2002,PlayMusic
"I need a table at Light Horse Tavern in City of the Dalles NH for kathleen, brianna and I",BookRestaurant
Please play a song by Ahmad Jamal,PlayMusic
Play In Every Dream Home A Heartache by vincent paul abbott,PlayMusic
Give the current chronicle 3 of 6 stars,RateBook
Will it be overcast in my current location at twelve PM .,GetWeather
give 5 out of 6 to this book,RateBook
Book a restaurant for four on october 9 in Maine,BookRestaurant
Play Geddy Lee music on Spotify sort by top,PlayMusic
3 stars is the rating for Boy Meets Boy,RateBook
book four people at a Madagascar bar,BookRestaurant
add farruko presenta los menores to my amor amor playlist,AddToPlaylist
what is the weather forecast for Kinbrae,GetWeather
Show The Matrix Revolutions,SearchCreativeWork
Get me a table for 5 at a restaurant which serves south tyrolean .,BookRestaurant
I want to see Breathless,SearchCreativeWork
book a delicatessen that is indoor for 3,BookRestaurant
Book a restaurant in Papua New Guinea for me and my daughters,BookRestaurant
Will there be a storm in Aspinwall ?,GetWeather
show movie times,SearchScreeningEvent
Play some jpop on Google Music .,PlayMusic
rate this novel zero out of 6,RateBook
Find the Envoy of Lucifer show,SearchCreativeWork
Give this novel two points,RateBook
Give me Slovakia 's weather forecast for eight am,GetWeather
"Will it be snowy in Crouch , French Polynesia ?",GetWeather
Put transatlantic lullaby on sharlene's napoleon xiv playlist,AddToPlaylist
Play Tujiko Noriko 's Ten Years And Running .,PlayMusic
Please play Got The Time,PlayMusic
find a soundtrack called Pax Warrior,SearchCreativeWork
Where can I watch Hank Williams The Show He Never Gave ?,SearchScreeningEvent
Is The Happy Hooker Goes Hollywood at the movie house nearest me,SearchScreeningEvent
Find a TV show called Revenge of the Nerds .,SearchCreativeWork
Put a track into my Classic Country playlist.,AddToPlaylist
find the Still Life American Concert 1981 soundtrack,SearchCreativeWork
Play That Stubborn Kinda Fellow by Michael Amott,PlayMusic
Play the most popular chant song by Hossein Alizadeh from around 2009,PlayMusic
add blood guts & glory to my this is chopin,AddToPlaylist
I would like a restaurant reservation for this year for 4 people.,BookRestaurant
The Mystery of the Brass Bound Trunk deserves only a 1 star rating.,RateBook
Give me the movie schedule for Cineplex Odeon Corporation,SearchScreeningEvent
add Ghost on the Dance Floor to my Autumn Lounge playlist,AddToPlaylist
give this book one star out of 6 stars,RateBook
"Book a table for 10 people at Harry’s Bar , Benin .",BookRestaurant
Will it be colder at five o'clock at the Apolobamba Integrated Management Natural Area,GetWeather
Will it be cloudy one hour from now in my current position,GetWeather
"find Trauma Center New Blood , an album",SearchCreativeWork
I want to book a restaurant within walking distance of my neighborhood .,BookRestaurant
Add el choclo to my women of classical list,AddToPlaylist
give four out of 6 rating to The Cattle King,RateBook
Tell me the weather forecast for Northern Mariana Islands one second from now,GetWeather
add this Ricardo Villalobos track to under the surface,AddToPlaylist
find the movie schedules,SearchScreeningEvent
Book a tea place at seven,BookRestaurant
Is the films 19 hours from now playing at Landmark Theatres,SearchScreeningEvent
Play some Robbie Merrill .,PlayMusic
show That Little Band of Gold,SearchCreativeWork
Find me a coffeehouse for nine in Indiana that has access to a pool,BookRestaurant
play the top jazz record from 1951,PlayMusic
award this current novel 0 points,RateBook
Find me Recorder and Randsell,SearchCreativeWork
Put Lindsey Cardinale into my hillary clinton's women's history month playlist .,AddToPlaylist
I want to see Everytime We Touch which is a painting,SearchCreativeWork
Can you let me know what animated movies are playing close by ?,SearchScreeningEvent
"find Journal of the European Economic Association , a movie I want to see",SearchCreativeWork
I need to find a restaurant for ten people at twelve am in Liechtenstein .,BookRestaurant
"Is there a freezing forecast for Minto , Nicaragua ?",GetWeather
I'm looking for The Birth of a Nation,SearchCreativeWork
Is it going to be warm today at Saint Martin in Port Orford ?,GetWeather
Tell me if it'll be hotter a week from now in Waxhaw,GetWeather
find The Flying Ace,SearchScreeningEvent
Can Super Turnt Up get added to my emotron playlist?,AddToPlaylist
What is the movie schedule,SearchScreeningEvent
"find The Prince of Temple Street , a picture",SearchCreativeWork
Book a table for nine people in NJ .,BookRestaurant
Need to find the TV series called Administrative Behavior,SearchCreativeWork
List movies by movie times in the neighbourhood,SearchScreeningEvent
Book me a table for five at the top-rated Morocco restaurant .,BookRestaurant
Play me the TV show SEAL Team,SearchCreativeWork
play songs from the sixties,PlayMusic
Will there be a snowstorm at my current place ?,GetWeather
Can you please assign two points to the White Niggers of America chronicle ?,RateBook
play Top 100 Indie Tracks on Spotify on Lastfm,PlayMusic
I need to book a table at a place around here in PA for a party of two,BookRestaurant
Put 4 points to The Last Island book,RateBook
Play the top five songs from Robert Lockwood Junior .,PlayMusic
show the creativity of Ghost Dragon of Cold Mountain,SearchCreativeWork
What is the movie schedule in five minutes for movies playing in the neighborhood,SearchScreeningEvent
Can you play some Synthpop music on Youtube,PlayMusic
what is MO forecast for hotter temps in Kalkaska,GetWeather
Will it be warmer in Saint Louis Park,GetWeather
Find a reservation for mar. 20th in Winnie at any restaurant,BookRestaurant
add track to Indie Electronics playlist,AddToPlaylist
Rate Battleaxe five out of 6,RateBook
Will it rain here ?,GetWeather
what animated movies are playing at the closest movie house,SearchScreeningEvent
play the top five songs by Isaac Hayes,PlayMusic
Play the tune by Adam Yauch,PlayMusic
Find the Check Please photograph .,SearchCreativeWork
"Book a reservation for 6 in Belle Plaine , NE",BookRestaurant
What time is Kerasotes Theatres playing animated movies,SearchScreeningEvent
Is there a depression in Delta Junction,GetWeather
add dan the automator to forever country,AddToPlaylist
book a churrascaria in Macao on May the twenty-third,BookRestaurant
I want to rate this current series a value of five and a best rating of 6,RateBook
What is the closest movie house playing House of the Dead 2,SearchScreeningEvent
in a week make a reservation for a table of 7 in District Of Columbia,BookRestaurant
I want to rate my current book three out of 6 points,RateBook
Play some Psychedelic Rock .,PlayMusic
I would like to book a restaurant within the same area as Myrtle Av for 6,BookRestaurant
Can you put this tune onto Latin Dance Cardio ?,AddToPlaylist
Find the Stone Free game,SearchCreativeWork
Add shake your rump to my concentración indie rock playlist,AddToPlaylist
What will the weather be in one minute in Tanzania,GetWeather
"Book me a table for seven in Co-operative Block Building , ND .",BookRestaurant
I'm looking for a table of eight at The Alley .,BookRestaurant
Give this album 4 out of 6 stars,RateBook
I want to see the television show called Cuts Both Ways,SearchCreativeWork
Play my Still Got the Blues playlist.,PlayMusic
Open Vimeo and paly every song released in 1986,PlayMusic
Give me movie times,SearchScreeningEvent
Is it going to be chilly here,GetWeather
Rate this album five out of 6 stars .,RateBook
I give The Blood Book five stars,RateBook
play the Home Is Where the Music Is TV series,SearchCreativeWork
I'd like to eat at a restaurant one minute from now that's highly rated,BookRestaurant
"find the nearest place at four o'clock with a movie house showing Wow, The Kid Gang of Bandits",SearchScreeningEvent
add this annabella lwin track to Indie Alternativa,AddToPlaylist
Is there weather going to get chilly when I get close to New York ?,GetWeather
Can you make reservations for a party of eight in Iowa,BookRestaurant
Find the movie schedule for films in the area .,SearchScreeningEvent
Can you play a sound track by Sissieretta Jones,PlayMusic
give me the movie schedules for Warren Theatres,SearchScreeningEvent
Play Noctámbulo pl,PlayMusic
What's the weather going to be like here at ten am,GetWeather
I'm looking to find the trailer for Brought by the Sea .,SearchCreativeWork
find a photograph called Accion Newspaper,SearchCreativeWork
Rate Seven Pillars of Wisdom two points,RateBook
find a United Paramount Theatres and movie times at 4 A.M.,SearchScreeningEvent
Play the most popular ep by marcel khalife on Netflix,PlayMusic
can you put The Little Grey Mother Who Waits All Alone into uncharted 4 nathan drake,AddToPlaylist
Add angela au to the playlist radar latino,AddToPlaylist
I need a fast food restaurant that will seat two in a smoking room .,BookRestaurant
What's the weather like nearby in Rhode Island ?,GetWeather
play Iheart tunes by Neil Finn,PlayMusic
Can you play Deezer from 2007 ?,PlayMusic
I rate Observations one points,RateBook
Is it freezing in Vega Alta,GetWeather
Add O B McClinton to my playlist called Women of Electronic,AddToPlaylist
When is The Stain playing at Loews Cineplex ?,SearchScreeningEvent
I need to book a restaurant at supper time in IL,BookRestaurant
Will it rain in six weeks in Libby ?,GetWeather
Play music from 2012 by Yossif Kobzon on last fm .,PlayMusic
Play the track R U Professional by Roberto Carlos Braga,PlayMusic
Get me a Johnny Cool photograph,SearchCreativeWork
Add Opus de Funk to my list Acoustic Blues,AddToPlaylist
add Rak biszewilo to my playlist named Jazz,AddToPlaylist
forecast for Morse Shores Kansas,GetWeather
Please play songs by Lil Jon,PlayMusic
What's the forecast in Klamath Marsh National Wildlife Refuge ?,GetWeather
Book a close by brasserie in NC .,BookRestaurant
I need a reservation for The Berghoff in Jamaica in 18 seconds,BookRestaurant
Will there be rainfall at one PM in Catahoula,GetWeather
I'd like to see the album Heroes of Might and Magic IV,SearchCreativeWork
What are the movie schedules for the Dipson Theatres,SearchScreeningEvent
What will the weather be like 1 minute from now within the same area of my current location,GetWeather
What time is the nearest cinema playing The Hopes of Blind Alley,SearchScreeningEvent
play Google Music tunes,PlayMusic
I would give zero stars to A Concise Treatise on the Art of Angling out of 6 .,RateBook
I want to get the movie schedule,SearchScreeningEvent
add Keke Wyatt to my Evening Commute playlist,AddToPlaylist
Add another tune to my Trance Life playlist.,AddToPlaylist
rate the book The Scorpio Illusion a 4,RateBook
add people take pictures of each other to Rhythm and Blues playlist,AddToPlaylist
party of two for a food truck on december 22 that serves chicken french in Bolivia,BookRestaurant
Play my Hype playlist on Youtube .,PlayMusic
Rate Conan of the Red Brotherhood 2 of 6,RateBook
How can I see the TV series Mothstorm ?,SearchCreativeWork
rate this book four of 6 points,RateBook
add an album in Guitar Hero Live Playlist,AddToPlaylist
add vl mike to my Dcode2016 playlist,AddToPlaylist
Weather in Selinsgrove,GetWeather
Rate The Mills of The Kavanaughs series a one,RateBook
play a Morton Downey record with Slacker,PlayMusic
rate the current essay 2 stars,RateBook
give 0 out of 6 points to this essay,RateBook
Which movie theatre with Clean and Sober is closest to me?,SearchScreeningEvent
add Eric Bibb to Country Coffeehouse,AddToPlaylist
search for the show Champagne Showers,SearchCreativeWork
add this track to latin jazz,AddToPlaylist
Play a concerto top ten sort by Lloyd .,PlayMusic
Play a movement fromthe eighties by Nobuo Uematsu .,PlayMusic
Can you find me The Assassination of Jesse James by the Coward Robert Ford saga ?,SearchCreativeWork
What are the movie schedules for Santikos Theatres ?,SearchScreeningEvent
Rate this essay a four,RateBook
Please get me The Very Best of Chicago Only the Beginning .,SearchCreativeWork
Season of the Witch How the Occult Saved Rock and Roll gets five points,RateBook
Rate Cuisines of the Axis of Evil and Other Irritating States one out of 6,RateBook
Show the forecast for Tanintharyi Nature Reserve,GetWeather
book for seven at Cozy Dog Drive In,BookRestaurant
Will it blizzard today in Sint Maarten,GetWeather
Find me the painting Fallen Sanctuary,SearchCreativeWork
add I’m Only a Man to my flow español,AddToPlaylist
melba and I want to dine in Barbados next Jun.,BookRestaurant
Please search the Songs for the Deaf video game .,SearchCreativeWork
add this song to my workout playlist,AddToPlaylist
"What will the weather be like on feb. sixth, 2024 at Blanco State Park",GetWeather
Give Who ? 1 out of 6 stars,RateBook
play Vivian Stanshall from 1962,PlayMusic
give Heartland chronicle four points,RateBook
Is there snowfall in Hineston New Hampshire,GetWeather
Find Secret Command .,SearchScreeningEvent
How to get saga Stronda Style,SearchCreativeWork
Add Visible Wings to my playlist entre los andes,AddToPlaylist
rate the current essay one out of 6,RateBook
Tell me if it'll be humid at eighteen o'clock in my current spot,GetWeather
Play some Krzysztof Penderecki on Last Fm,PlayMusic
Look up The Stars Are Indifferent to Astronomy,SearchCreativeWork
what will the weather be like in Nickelsville,GetWeather
I want to book a far brasserie that serves minestrone in PA for a party of 9 in 15 minutes,BookRestaurant
play the movie Post Inferno Soundtrack,SearchCreativeWork
Play Seaside by Don Cherry .,PlayMusic
When is Bless the Child playing at the movie theatre,SearchScreeningEvent
show me the television show Operation Thunderbolt,SearchCreativeWork
the previous textbook is a 3,RateBook
Add Kd lang to my Deep Focus playlist,AddToPlaylist
Where is White Bim Black Ear,SearchScreeningEvent
out of 6 The Black Unicorn rates points of 2,RateBook
Play a 1964 track from Shahram Nazeri on Pandora .,PlayMusic
Please put the album onto fresh folk .,AddToPlaylist
Rate this novel four of 6,RateBook
Put a gary clark song into the soul bpm playlist.,AddToPlaylist
Can you pull up showings for Pop Goes the Easel at the local movie theatre ?,SearchScreeningEvent
Add Yuna Ito to the hot rods & horror shows playlist.,AddToPlaylist
Find an art called Cassidy .,SearchCreativeWork
I need a novel about Polymer Chemistry .,SearchCreativeWork
Look up Applied Linguistics,SearchCreativeWork
What are the movie schedules for movies showing in the neighbourhood ?,SearchScreeningEvent
I want to give this novel a four out of 6 stars,RateBook
add new metal tracks in my tune,AddToPlaylist
Play an Asha Bhosle song from around 1964,PlayMusic
Where and when can I see The Image Makers,SearchScreeningEvent
find a movie called Single Collection Hotchpotch,SearchCreativeWork
Look up the Searchlights painting,SearchCreativeWork
Please make reservations for 4 for the hog fry from the food truck,BookRestaurant
Show The Kindness of Women picture,SearchCreativeWork
I want Harris to be added to my latin dance cardio playlist,AddToPlaylist
Add Waltz for Debby to my Soft Pop Hits playlist.,AddToPlaylist
What was the weather in my current position last October,GetWeather
Add song to my Pop Brasil,AddToPlaylist
What time is High Schools playing,SearchScreeningEvent
Rate The War of the Roses 2 out of 6,RateBook
Show The Critic game,SearchCreativeWork
party for 2 in Cleveland,BookRestaurant
give four out of 6 stars for this chronicle,RateBook
Add Munawar Ali Khan to my mujeres y hombres y fiesta,AddToPlaylist
the current book I'm reading should be rated zero out of 6,RateBook
what films are showing around here,SearchScreeningEvent
add Funtwo to disco fever track,AddToPlaylist
book for lobster newberg this week in Malaysia at a restaurant for four,BookRestaurant
I'd like to listen to the song The Natural Farmer,SearchCreativeWork
What is the weather in Port Vue,GetWeather
And a body to remember with gets a full 5 stars .,RateBook
4 stars for Three to Get Deadly,RateBook
add this peter iwers album to my ntc gym strong,AddToPlaylist
Find movie schedules .,SearchScreeningEvent
give 5 points to current novel,RateBook
Will it snow in my current location,GetWeather
add tune to sxsw fresh playlist,AddToPlaylist
Where to buy Education for Chemical Engineers,SearchCreativeWork
What's the weather forecast for Devils Den ?,GetWeather
Play some Avantgarde music on Netflix .,PlayMusic
I give The Thibaults a 1 .,RateBook
Rate the current essay four out of 6 .,RateBook
Do you know if it will be chilly today in Puerto Rico,GetWeather
"Where can I watch Portrait of a Woman, Nude in 1 hour ?",SearchScreeningEvent
table for 5 AM . at Baker’s Keyboard Lounge,BookRestaurant
Add this track to clásicos del hip hop español,AddToPlaylist
Is it humid in Charenton,GetWeather
"Tell me the weather forecast for Lecanto , Georgia",GetWeather
Show me the Out with My Baby photograph,SearchCreativeWork
What is the forecast for the Wildreservaat Ithala in the distant future will it be colder,GetWeather
find animated movie at Landmark Theatres,SearchScreeningEvent
find Plitt Theatres movie schedules,SearchScreeningEvent
Show me Dombey and Son movies .,SearchScreeningEvent
Will it be humid in Beedeville on november 20,GetWeather
Can you add a tune to my Jazzy Romance playlist,AddToPlaylist
What's the weather far from Jarbidge,GetWeather
Try to find the picture Advances in ecological research,SearchCreativeWork
Add Testifying to donna's tokyo rising palylist,AddToPlaylist
Will it hail in Villa,GetWeather
Show me the picture Written in the Stars,SearchCreativeWork
book a sushis serving restaurant in Uzbekistan,BookRestaurant
play the greatest james yorkston song,PlayMusic
rate this essay 2 points,RateBook
Play a Herbie Fields record from the sixties,PlayMusic
find Phinally Phamous,SearchCreativeWork
Find the schedule for The Voice in the Fog at night at the closest movie house .,SearchScreeningEvent
something on Spotify please,PlayMusic
Can you please find the Jack Johnson En Concert picture ?,SearchCreativeWork
find films at Alamo Drafthouse Cinema,SearchScreeningEvent
find the album Biology Today An Issues Approach,SearchCreativeWork
give four out of 6 stars to this textbook,RateBook
Add the album to the psychedelic rock playlist,AddToPlaylist
book a restaurant close to Grant Av,BookRestaurant
Find me the showtimes for How to Commit Marriage .,SearchScreeningEvent
Play Dansevise by Ebi on Groove Shark .,PlayMusic
Find the movie schedule for animated movies close by .,SearchScreeningEvent
Can you play a song by Ken,PlayMusic
find movie times for films close by,SearchScreeningEvent
add alain caron to my travelling playlist,AddToPlaylist
Will it be temperate in Tanana France in a week,GetWeather
add Harry J to my dubstep dangles dirty,AddToPlaylist
Is The Mystery of Betty Bonn playing at twelve A.M. at the nearest movie house ?,SearchScreeningEvent
I want to hear the new Latin Pop Rising list,PlayMusic
What are the movie schedule now,SearchScreeningEvent
Will it get cold in Nevada seven weeks and a half from now ?,GetWeather
What time is The Daring Dobermans playing,SearchScreeningEvent
Give the book Buzz about Bees a 2 star rating out of 6 .,RateBook
play the top-20 Rita Macneil songs,PlayMusic
Play a seventies soundtrack by steve walsh on Groove Shark,PlayMusic
find movie titled Triumph of the Spirit,SearchCreativeWork
What movie theatre is playing The Missing Picture,SearchScreeningEvent
What time will the Amco Entertainment be plying The Teeth of the Tiger,SearchScreeningEvent
I need the weather for 7/13/2036 in Gwynedd Valley,GetWeather
Will it get windy close by here ?,GetWeather
Play some chant music from 2008 .,PlayMusic
Play the latest music by Martin Luther Mccoy,PlayMusic
give me the movie times for Fox Theatres,SearchScreeningEvent
Add gene clark to diann's chill out list,AddToPlaylist
"What will the weather be like in Port Clinton , Nebraska around midnight ?",GetWeather
what time is Bhoot Returns showing at Douglas Theatre Company,SearchScreeningEvent
Is there a storm in New Mexico in Fort Sumner,GetWeather
Rate Blood and Gold saga 0 points,RateBook
Show me the movie Operetta for the Theatre Organ,SearchCreativeWork
Find a song called Be Quick or Be Dead .,SearchCreativeWork
What time is The Sea Chase playing,SearchScreeningEvent
Book a restaurant in Delhi Arkansas for three people.,BookRestaurant
what is the forecast for close to Texas,GetWeather
I'd like to hear the song Daimidaler Prince vs Penguin Empire,SearchCreativeWork
Is it cold in PW ?,GetWeather
find a television show called Milagros Girl from Away,SearchCreativeWork
Add geminism to power workout list,AddToPlaylist
Rate the current novel a 0 out of 6 points,RateBook
Play a fifties theme on lastfm,PlayMusic
Find time for movies at the closest cinema,SearchScreeningEvent
Is it going to be nicer next week in Hamel Belize,GetWeather
Give me the movie times at Warren Theatres .,SearchScreeningEvent
play the movie I Want My MTV The Uncensored Story of the Music Video Revolution,SearchCreativeWork
"book a table for me and bettye at Washington, D.C. Jewish Community Center in Montana",BookRestaurant
I want to hear that tune from 2010,PlayMusic
Add All Bad to the summer of love playlist.,AddToPlaylist
put take up thy stethoscope and walk onto my verano playlist,AddToPlaylist
Add an artist to my Hype list,AddToPlaylist
find a movie house showing Cage Without a Key,SearchScreeningEvent
When can I see Journey to the End of the Night ?,SearchScreeningEvent
Play me the newest fourties symphony,PlayMusic
Find movie schedules for Star Theatres .,SearchScreeningEvent
my jazz for loving couples needs more push the button,AddToPlaylist
show movie times now,SearchScreeningEvent
what is the forecast for the distant future in Sugar Bush,GetWeather
Play new track from the fifties,PlayMusic
Want to hear a chant by Nellie Mckay from the year 2008,PlayMusic
Play music on Itunes .,PlayMusic
Book me a table for me and my nephew near my location at an indoor pub,BookRestaurant
CAn I get the the showtimes for The Jade Faced Assassin cinema ?,SearchScreeningEvent
Rate this book 3 out of 6,RateBook
Put Conway Twitty in the This Is Tchaikovsky playlist.,AddToPlaylist
Rate Shadow of Night a 1,RateBook
Give this textbook zero stars,RateBook
Look for the trailer to Hickory Daily Record .,SearchCreativeWork
Add an album to my list clásicos de fogata,AddToPlaylist
Where can I purchase the TV series The Mating Season,SearchCreativeWork
What's the forecast for IL around tea time?,GetWeather
What will the weather be in Deer River ?,GetWeather
She me the forecast for Clayton Lake State Park on Oct. 17th,GetWeather
please put this song by nas in my Hype playlist,AddToPlaylist
play Mohammed Abdu from top 20,PlayMusic
where can i see A Slice of Life,SearchScreeningEvent
Show me the closest cinema playing movies .,SearchScreeningEvent
Show The Man from London video game,SearchCreativeWork
book a spot for 1 at a south american restaurant,BookRestaurant
Play some fourties music on vimeo,PlayMusic
What is the weather going to be at dinner time in the Lake Le-Aqua-Na State Recreation Area,GetWeather
I'd like a table at a restaurant in KS in 5 hours from now,BookRestaurant
Add vikku vinayakram to my This Is Nicky Jam,AddToPlaylist
Find the movie schedule for the Cineplex Odeon Corporation .,SearchScreeningEvent
add this track to krystal's piano 100,AddToPlaylist
I need a reservation in Decaturville for six people.,BookRestaurant
Can I hear Jeremy Taggart 's newest chant on Deezer ?,PlayMusic
Make a reservation far away at The Spotted Pig in SD .,BookRestaurant
I give this current novel zero stars and a best rating of 6,RateBook
Will you play me the most popular sound track from 2006,PlayMusic
I want to hear a top-50 track from Takahito Eguchi on Google Music,PlayMusic
Show me the movie schedule for movies opening today close by,SearchScreeningEvent
How cold is it in my current position ?,GetWeather
"Will there be cloud coverage in Verdery , Myanmar",GetWeather
play Are & Be,PlayMusic
When and where is Invitation to the Waltz playing,SearchScreeningEvent
Play Spotify,PlayMusic
What is the weather forecast for close-by Burkina,GetWeather
"Find me a bar in Eagle Pass , Vermont that serves noodle dishes, that will take reservations for 2/21/2021 .",BookRestaurant
Please show me the closest movie house playing Wild on the Beach in 1 minute .,SearchScreeningEvent
play Sivamani,PlayMusic
add git to Domingo Indie,AddToPlaylist
Play the greatest melody from Paul Wright on Pandora,PlayMusic
Is The Young Guard playing at the closest cinema,SearchScreeningEvent
add track to my Las Canciones Más Lindas Del Mundo playlist,AddToPlaylist
Play top-five concerto music from 1992,PlayMusic
"Rate Dixie Lullaby A Story of Music, Race and New Beginnings in a New South five out of 6 points",RateBook
book at Beardslee Castle in Fairview Lanes for fifteen o'clock,BookRestaurant
Rate The Night Land three out of 6,RateBook
add artist to acoustic soul,AddToPlaylist
Is it going to be chilly at nine am in Doolittle,GetWeather
What's the weather going to be like at 102120 close by ID,GetWeather
Add a song to playlist chill hits,AddToPlaylist
Play a Loretta Lynn tune on Groove Shark,PlayMusic
this album is rated at a 0 out of a possible 6 .,RateBook
find Un weekend da bamboccioni,SearchScreeningEvent
Show me a forecast for French Polynesia,GetWeather
I am rating Book of Challenges four stars,RateBook
Add a tune to my playlist Guest List Polygon,AddToPlaylist
Find movie times for B&B Theatres .,SearchScreeningEvent
What's the weather on Bird Island Burkina at shavuot,GetWeather
Let me know the movie times for films in the area .,SearchScreeningEvent
find the game Gormenghast,SearchCreativeWork
Play music in the genre soundtrack,PlayMusic
Give this book a rating of four out of 6 .,RateBook
play the TV show Wicked City,SearchCreativeWork
"What is the forecast for mar. 8th in Friesland , Tennessee",GetWeather
"find Blood Moon Year of the Wolf , a movie",SearchCreativeWork
add tune to my country playlist,AddToPlaylist
What's the closest movie theatre that's showing Dough Nuts ?,SearchScreeningEvent
What will be the humidity 5 years from now in Bradbury Mountain State Park ?,GetWeather
Add Shelby Lynne to my playlist This Is Luis Fonsi,AddToPlaylist
What is the movie times for General Cinema Corporation,SearchScreeningEvent
Book a restaurant for 9 people.,BookRestaurant
What is the movie schedule for Train,SearchScreeningEvent
Which cinema is showing A Dedicated Life starting at eleven PM,SearchScreeningEvent
Give Letty Fox Her Luck 4 out of 6 stars,RateBook
What movie schedules are animated movies close by,SearchScreeningEvent
I'm looking for the show Sex and Candy,SearchCreativeWork
book a table in UT at Kearney for 6,BookRestaurant
What is the weather forecast for Tanque,GetWeather
Add this album to sheri's playlist journey,AddToPlaylist
find me the nearest movie theatre that's showing The Spell of the Yukon,SearchScreeningEvent
Play a top 5 song from Wally Bastian on Google Music,PlayMusic
"Will there be fog on March 3, 2038 in Bonaire",GetWeather
Add what if we were real to my Ultimate 80s playlist,AddToPlaylist
What are the movie times for animated movies in the area ?,SearchScreeningEvent
"Weather in Grey Eagle on Feb. fifteenth, 2034",GetWeather
use Spotify to play greatest songs from Kailash Kher,PlayMusic
Rate this book four points,RateBook
add this artist to my 80'S PARTY,AddToPlaylist
Play Ik Hou Van Jou by Elena Temnikova,PlayMusic
Add a track to my classical feast playlist.,AddToPlaylist
Add this tune to the Heavy Gamer playlist.,AddToPlaylist
I give the next textbook a 2 .,RateBook
I'm looking for a job in Inversion,SearchCreativeWork
"find 300 March to Glory , a song",SearchCreativeWork
Play music on pandora,PlayMusic
Rate The Masks of Time zero of 6 stars,RateBook
Go to the photograph The Inflated Tear,SearchCreativeWork
I give The Monkey and the Tiger a rating of 2 points .,RateBook
Play some sixties on netflix,PlayMusic
"Is Love, Marilyn playing",SearchScreeningEvent
I need another artist in the romántica playlist.,AddToPlaylist
What time is Sontha Ooru playing,SearchScreeningEvent
Book a food truck that is highly rated in Honduras,BookRestaurant
Will there be a blizzard in Egypt ?,GetWeather
In eight years and a half from now I'd like a reservation at a top-rated bar,BookRestaurant
Will it snowstorm in Long Lake National Wildlife Refuge,GetWeather
Add connee boswell to the relaxing playlist.,AddToPlaylist
I'd like to go to a cuban restaurant in Horatio and get a table for 1,BookRestaurant
Play some music from the last album of 1988 on Lastfm,PlayMusic
Use Deezer to play music by Kimberley Walsh,PlayMusic
Find me the movie with the title of Twitches,SearchCreativeWork
Book me a reservation for a bar that serves lobster roll in OR,BookRestaurant
Where is picture Everybody Wants You,SearchCreativeWork
book a restaurant on next fall for 5,BookRestaurant
Find time for the movie schedule at Cineplex Odeon Corporation,SearchScreeningEvent
Play El Cant Dels Ocells by vini lopez .,PlayMusic
Can you tell me if it'll be freezing in Wrightstown in seven years ?,GetWeather
What are the movie times for movies around here,SearchScreeningEvent
rate this textbook a one,RateBook
I would give The Minority Report a rating of 0 points,RateBook
rate in stars as a 6 for Lord of the Shadows which gets a four,RateBook
Play satire,PlayMusic
What is the weather like in Detroit,GetWeather
What is Just Like in the Old Country,SearchCreativeWork
matt monro newest album add to my chill out music,AddToPlaylist
"Add Nazad, nazad, Kalino mome to Escapada",AddToPlaylist
add little musgrave and the lady barnard to ora's Punk Rock Workout playlist,AddToPlaylist
Add the fire and the wind to my Digster Future Hits playlist.,AddToPlaylist
What time will Paris by Night aired,SearchScreeningEvent
Weather for Ringold,GetWeather
Where can I buy The Lying Game,SearchCreativeWork
I have eight that would like to eat cretan in a cafeteria and need reservations.,BookRestaurant
what is the weather forecast for Israel,GetWeather
What will the weather be like four seconds from now in South Dakota,GetWeather
Find a painting called Boating on the River Epte .,SearchCreativeWork
pizzeria restaurant in Kellnersville HI that is outdoor for ten,BookRestaurant
What are the movie schedules for animated movies close by,SearchScreeningEvent
I need a table at a steakhouse in Encino that serves meatcake,BookRestaurant
play fifties track music,PlayMusic
The road trip playlist needs justin utley in it.,AddToPlaylist
I want to hear a Gucci Mane song from Last Fm from 2002,PlayMusic
add share the well to my epic wall of sound,AddToPlaylist
"I would like to book at a pub on mar. 8, 2020 that is close to Broadway-Lafayette St for my daughters and I .",BookRestaurant
I am giving Paedophilia The Radical Case a rating of 2 out of 6 points,RateBook
book a table at a top-rated brasserie in Pakistan,BookRestaurant
Where can I buy a used copy of the game called I Lie Around ?,SearchCreativeWork
book a spot at a highly rated tavern in Colombia,BookRestaurant
I want to add the Tim Smith album to my best of 2010's playlist,AddToPlaylist
rate Covering The Hidden Assault on Our Civil Rights 1 point,RateBook
Can I see the movie times for the Great Escape Theatres,SearchScreeningEvent
Play music from the twenties .,PlayMusic
add Ik Tara to laundry playlst,AddToPlaylist
I would rate Coming Through Slaughter a four out of 6 .,RateBook
What's the weather forecast for New Zealand ?,GetWeather
give The Story of the Last Thought a five,RateBook
Is it going to be warm here for brunch,GetWeather
show creativity of The Oxford Companion to Beer TV show,SearchCreativeWork
What time are movies showing around here,SearchScreeningEvent
Is The Umbrellas of Cherbourg playing near me?,SearchScreeningEvent
Find the movie times now .,SearchScreeningEvent
Is it cloudy in Vermont on 063026 pm,GetWeather
play Takes Place In Your Work Space by Eddie Kendricks,PlayMusic
give zero points out of 6 to The Devil in a Forest,RateBook
Is it hotter now in Hicks,GetWeather
I want to give Gay Male Pornography An Issue of Sex Discrimination a 1,RateBook
Add this artist to Metal Party,AddToPlaylist
What's the weather going to be like not far from East Timor,GetWeather
I give a rating of 2 to the book Swine Not?,RateBook
book City Tavern in Poland,BookRestaurant
book a tavern on lincoln's birthday/lincoln's day,BookRestaurant
Will the weather be stormy in Aurora ?,GetWeather
What movies are playing at the nearest movie house,SearchScreeningEvent
Do you have something like Impossible Is Nothing by Abderrahmane Abdelli ?,PlayMusic
Is Judgment Day The John List Story playing at Megaplex Theatres ?,SearchScreeningEvent
Rate The Life and Loves of a She-Devil 5 out of 6,RateBook
Where is the nearest movie theatre playing The Sword of Many Lovers ?,SearchScreeningEvent
Play some nineties music on Pandora,PlayMusic
add Dean Martin track to metal xplorer playlist,AddToPlaylist
I need a reservation in Pitcairn Islands for any restaurant  joint,BookRestaurant
Place Raise Your Fist onto year in metal 2016 .,AddToPlaylist
give Mistborn The Well of Ascension four out of 6,RateBook
Show me the television show The Science of Breath,SearchCreativeWork
"Please search the work, Eve-Olution .",SearchCreativeWork
give 5 out of 6 points to Myths of the Hindus & Buddhists,RateBook
Give this current textbook zero out of 6 points .,RateBook
I'd give The Cricket in Times Square 3 stars,RateBook
put artist Harry Burleigh on classical new releases spotify picks,AddToPlaylist
Make me a reservation for a party of eight in Ledoux,BookRestaurant
What will the weather be like nine years from now in Eastport El Salvador,GetWeather
Tell me if it'll be humid in GA one minute from now,GetWeather
Show The Swan Princess,SearchCreativeWork
What will the weather be in Palm Bay PA ?,GetWeather
I'd rate this book 1 of 6 stars,RateBook
Where and at what time can I see Paragraphe 78,SearchScreeningEvent
Will it be hotter in Pruntytown Rhode Island,GetWeather
Is there a game called The Neutral Zone ?,SearchCreativeWork
Play the Electrochemical and Solid State Letters song,SearchCreativeWork
give 5 out of 6 stars to Creatures of Light and Darkness,RateBook
Play music from 2011 .,PlayMusic
add steel guitar rag in acoustic covers the mash ups,AddToPlaylist
book a restaurant in Lake Fenton for four,BookRestaurant
"I want to bring antoinette, christine and caitlin to get bread at a restaurant in faraway Connecticut",BookRestaurant
Play music from Gavin Koppell movement,PlayMusic
Play music from 1959 by Lenny Leblanc on Pandora .,PlayMusic
Rate the Under the Sign of Saturn 0 of 6,RateBook
add this MakSim tune to Trad Folk,AddToPlaylist
book a food truck for greek food for 7,BookRestaurant
Add por tu maldito amor to my orgullo gay,AddToPlaylist
rate The Pagan Christ zero points out of 6,RateBook
Will the weather be warm in the Nationaal park Band-e AMir at twelve am ?,GetWeather
What animated movies are at the closest movie theatre,SearchScreeningEvent
Rate the Daughter of the Empire three out of 6,RateBook
tell me the movie schedule,SearchScreeningEvent
Please find me the picture of The Getaway Black Monday .,SearchCreativeWork
Play Pacific Ocean Blues by John Doe on Lastfm,PlayMusic
I have a party of 10 that would like to eat outdoor at a tavern .,BookRestaurant
play Another Time,SearchCreativeWork
rate the Broke Who Killed the Middle Classes? chronicle a five,RateBook
play Pandora tunes from the fourties,PlayMusic
Wish to read the novel called The Wizard of Stone Mountain,SearchCreativeWork
Book a table at an indoor restaurant now .,BookRestaurant
will it be stormy in Wildorado,GetWeather
Book a reservation for 6 at a restaurant in Deersville,BookRestaurant
Book a bar that serves stracciatella in North Dakota for four at four am,BookRestaurant
give five out of 6 to this book,RateBook
Play the song Victim Of Changes from Hawkshaw Hawkins on Spotify,PlayMusic
Can you help me find the television show Women and Death,SearchCreativeWork
Are there any animated movies playing at the closest cinema ?,SearchScreeningEvent
I'd like to see the The Gathering Storm TV series,SearchCreativeWork
show Get It Together on TV show,SearchCreativeWork
Find a game called Dynamite Warrior .,SearchCreativeWork
book a spot for 10 in the same area of Inwood - 207th St,BookRestaurant
I'd like to watch May Blossom,SearchScreeningEvent
Give me the movie schedules for Neighborhood Cinema Group,SearchScreeningEvent
I need to book a restaurant for five in 1 minute that serves chichi in East Prairie,BookRestaurant
book a table at Atlantic Grill in Lofgreen,BookRestaurant
Will it be warm in Chicamocha National Park ?,GetWeather
this track should go into my playlist called This Is Beethoven,AddToPlaylist
rate this essay 3 out of 6 points,RateBook
Bring up the book Perfume The Story of a Murderer,SearchCreativeWork
where is Wild America showing at zero P.M.,SearchScreeningEvent
Play some theme songs from 1974,PlayMusic
find Chant Down Babylon The Island Anthology,SearchCreativeWork
Book a brasserie restaurant at 1828 and order wings .,BookRestaurant
what time is Achilles and the Tortoise showing,SearchScreeningEvent
"Weather for september seventh, 2039 in Salinas River National Wildlife Refuge",GetWeather
I need to know when Sensation in Morgan’s Creek is playing,SearchScreeningEvent
play theme by Yanni on Vimeo,PlayMusic
Find Half a Sixpence photograph,SearchCreativeWork
Add gregg bissonette to my US Latin Top 50 playlist,AddToPlaylist
Add d roc the executioner to my This Is Zezé Di Camargo & Luciano playlist.,AddToPlaylist
find The Valentyne Suite,SearchCreativeWork
Rate the current essay a 1,RateBook
play Té Para Tres,PlayMusic
I want to give Elephants Can Remember 4 out of 6 points,RateBook
Give the current textbook five stars .,RateBook
I want a table for 9 in Loyola at Gus Stevens Seafood Restaurant & Buccaneer Lounge,BookRestaurant
What films are showing at the closest movie theatre ?,SearchScreeningEvent
I want to hear music from the Lotus Flower album by Andy Mccoy,PlayMusic
play Lastfm pop tunes,PlayMusic
book in Vermont at The Maisonette,BookRestaurant
"Play a 1969 ballad by beth nielsen chapman , new first.",PlayMusic
"I want to take christy, louise and alexandra to eat at 173804 anywhere in NE",BookRestaurant
Add Cake to Bake to lo que suena new york,AddToPlaylist
add vera to my 80's Jam Session playlist,AddToPlaylist
When is the next episode of the TV series Crossing Lines showing?,SearchCreativeWork
Add louis nelson delisle to the pulse of americana,AddToPlaylist
I think this novel should get 0 stars,RateBook
I'd like to see the picture The Principle of Hope,SearchCreativeWork
I want to hear symphony songs from Rebecca Cartwright on Last Fm,PlayMusic
play the Ocelot record using Zvooq,PlayMusic
"Out of 6 , I give the following book zero .",RateBook
Find movie schedules .,SearchScreeningEvent
Tell me when it will be humid here,GetWeather
give it a 0 for this essay,RateBook
Tell me what movies are at AMC Theatres .,SearchScreeningEvent
book a restaurant for 2 at top-rated Hoonah TN,BookRestaurant
what is the weather forecast for Wolin National Park three seconds from now,GetWeather
play Baby Workout,SearchCreativeWork
find A man needs a maid,SearchCreativeWork
Rate the book Post Office four points,RateBook
Play tribal,PlayMusic
What's the weather like at Powers Lake ?,GetWeather
Play me a fifties song by Chingy,PlayMusic
Add My Belgian Rose to my evening list,AddToPlaylist
Show me the work The Catholic Weekly,SearchCreativeWork
Book spot for eight at bar that serves potée,BookRestaurant
in the neighbourhood find movies,SearchScreeningEvent
Will there be a snowstorm in William B. Ide Adobe State Historic Park,GetWeather
Add Jamaica Say You Will to my metal,AddToPlaylist
What's the weather in Timbo ?,GetWeather
Will there be wind in ME ?,GetWeather
search for the picture Boomtown,SearchCreativeWork
Book a spot for nine at The Cubby Bear in Luxor,BookRestaurant
I need a time of 21 minutes from now for here,GetWeather
I'm looking for the album called Disorderly Conduct Video on Patrol,SearchCreativeWork
I'd like to eat surf and turf in one minute at a bar,BookRestaurant
Find time for All About Hash,SearchScreeningEvent
Is it going to be nice at 6 AM at Chippewa Lake,GetWeather
what movies are playing at Warren Theatres,SearchScreeningEvent
play a ballad by Chick Corea,PlayMusic
How windy is it in Anderson Lake State Fish and Wildlife Area ?,GetWeather
Will it be chilly in Liberty City Bhutan ?,GetWeather
Add Kevin Cadogan to the 80s Classic Hits list,AddToPlaylist
Book a reservation for 8 at a restaurant that serves chicken fried bacon in Aruba,BookRestaurant
I'd like to watch Wish You Were Dead,SearchScreeningEvent
give five stars to The Songlines,RateBook
Give The Dark Abode chronicle 2 out of 6 points .,RateBook
book a spot for one at a restaurant in ID,BookRestaurant
Find a reservation at Berowra Waters Inn in Australia in 2 years,BookRestaurant
rate this book three points out of 6,RateBook
Play 2004 on pandora,PlayMusic
"Please search the work, The Mercenary .",SearchCreativeWork
Weather for Coaldale Arkansas,GetWeather
Will it be freezing in seven minutes in Nora Fiji ?,GetWeather
find a trailer for Pesterminator The Western Exterminator,SearchCreativeWork
Show Force of Nature,SearchCreativeWork
rate this book series zero out of 6 points,RateBook
I am rating this book titled A History of Warfare under the war series 1 out of 6 stars,RateBook
Add Fabri Fibra to evening acoustic,AddToPlaylist
will it be warm within walking distance of Saint Pierre and Miquelon,GetWeather
I only give Blood Work two stars,RateBook
Add Beverley Knight to my mellow beats playlist,AddToPlaylist
Is The Skull playing at Loews Cineplex,SearchScreeningEvent
Is it supposed to be sunny here,GetWeather
"Book a reservation for 1 at PM Park, Clear Lake, Iowa in Mongolia in 1 hour",BookRestaurant
What time is Cabin Fever Spring Fever playing,SearchScreeningEvent
What is the weather nearby Bermuda a week from now,GetWeather
I require a reservation for one at the most highly rated restaurant in Uzbekistan .,BookRestaurant
Find a game called An Aerial Joy Ride .,SearchCreativeWork
Show the Whispering Willows novel,SearchCreativeWork
Give Conan the Buccaneer 5 of 6 points,RateBook
I give The Elegant Universe five out of 6 stars,RateBook
Play my Women of Rock playlist.,PlayMusic
I would rate The Kid from Hell a value of 1 and a best rating of 6,RateBook
put this tune onto my party through the decades playlist,AddToPlaylist
What time is Do Sher playing,SearchScreeningEvent
What will the humidity be in Beroun on aug. 26,GetWeather
Book a neighboring coffeehouse with internet in Shingleton .,BookRestaurant
I want to put this artist in Mellowed Out Gaming,AddToPlaylist
I would give this book a value of 2 and a best rating of 6,RateBook
rate this novel five points,RateBook
Add 12 Odd Future Songs to the Club Hits playlist.,AddToPlaylist
Find by title Champagne Showers,SearchCreativeWork
Show movie schedules of film nearby,SearchScreeningEvent
Play me a concerto by Jethro Burns from Zvooq,PlayMusic
I want to book an oyster bar for five people.,BookRestaurant
What is the movie schedule for movies close by,SearchScreeningEvent
add song by charlie hunter to Rumba y más,AddToPlaylist
I think this essay is only good for one stars,RateBook
Use Pandora to play music from Maki Onaga from the album made in the nineties,PlayMusic
I would give this current book a rating a five and a best rating of 6,RateBook
Play me the song Just to See You Smile .,SearchCreativeWork
Show me the movie times,SearchScreeningEvent
Play a top twenty sort by Akinyele .,PlayMusic
list to the most popular Muireann Nic Amhlaoibh song,PlayMusic
Give me a link to the A Little Something for Us Tempunauts soundtrack .,SearchCreativeWork
Play the top melody from artist Maakii,PlayMusic
Book a table at Laurie Beechman Theatre for a party of 4 in Utah,BookRestaurant
Make me a reservation for july the tenth at The Nosh Bar for a party of two,BookRestaurant
Put Molly and Tenbrooks in the French N' Heavy playlist.,AddToPlaylist
I'd like to hear chant songs from nineties,PlayMusic
find movie schedules in MJR Theatres,SearchScreeningEvent
Does Netflix have music released in 1991 by You Yokoyama,PlayMusic
Add a track to my hands up playlist.,AddToPlaylist
Give me the weather forecast in Zimbabwe .,GetWeather
book a table for six in Beech Creek,BookRestaurant
add this album to my party with friends,AddToPlaylist
"Book a reservation for 5 people next week at The Pump Room, Chicago",BookRestaurant
Find The Gamble .,SearchCreativeWork
book a spot for selma and molly at a steakhouse with saucisse that is close-by McSherrystown,BookRestaurant
Rate the current textbook a 4,RateBook
Find the Hopeless Romantic photograph,SearchCreativeWork
What time are the animated movies starting at the nearest movie house ?,SearchScreeningEvent
Is there hail forecast for Hale Center on 7/22/2030 ?,GetWeather
Rate this novel 5 of 6,RateBook
show creativity of Southtown,SearchCreativeWork
Play the latest songs by Larry Gatlin on Iheart,PlayMusic
Tell me if it'll be temperate three hours from now in Bonaire,GetWeather
give me the Morning movie schedules,SearchScreeningEvent
Fine movie times for animated movies in the neighborhood .,SearchScreeningEvent
Give this album a three,RateBook
What's the weather like when you're distant from Greenport,GetWeather
Rate this current novel one points,RateBook
Is The Swan available to watch at the movie house now ?,SearchScreeningEvent
rate this chronicle a 0,RateBook
Give me the weather forecast for Somiedo Natural Park,GetWeather
Play music from 1958 .,PlayMusic
reserve a spotat the food truck twelve weeks from now,BookRestaurant
Play 1958 by wayne petti,PlayMusic
Reserve a table for two at a restaurant which serves creole around here in Myanmar .,BookRestaurant
what is the 0000 pm forecast for blizzard conditions in Cameroon,GetWeather
find a cinema nearest for films,SearchScreeningEvent
add artist John William Boone to my life's short; play fast playlist,AddToPlaylist
Rate the current novel a 3,RateBook
I need a table at Surf Taco in East Uniontown,BookRestaurant
Play Dancing Through Life by Ronald Isley on spotify,PlayMusic
"Play an album from the fourties , new first.",PlayMusic
"find Doggy Day School , an album",SearchCreativeWork
rate the current series a zero,RateBook
Open Zvooq and play the best songs from Device,PlayMusic
Play Rei Momo newest album,PlayMusic
Find a table at a restaurant in Bynum CA at 0959 PM,BookRestaurant
Please place tim wright 's track onto the queen playlist.,AddToPlaylist
Play The Monkeys Have No Tails In Zamboanga on Google Music .,PlayMusic
Can you find My Island Home TV series ?,SearchCreativeWork
Is it going to be windy five minutes from now in NJ,GetWeather
add peter banks to verano forever list,AddToPlaylist
find Fox Theatres with The Caretaker,SearchScreeningEvent
Open The Second Adventure album by Hans Nilsson,PlayMusic
show weather forcast for February the 8th on current spot in neighboring,GetWeather
Add this tune to my rage radio playlist,AddToPlaylist
Is the weather hotter in Old Furnace State Park,GetWeather
I'd like to eat at Old Dutch in 15 seconds in Northern Mariana Islands,BookRestaurant
What's the weather going to be in jun . in Burkina,GetWeather
add banking violence and the inner life today to my retro gaming playlist,AddToPlaylist
add artist abdel halim hafez to my conexiones playlist,AddToPlaylist
play some Mike Porcaro,PlayMusic
For the current saga I rate 2 of 6 stars,RateBook
"Is it windy in Inlet , Lebanon ?",GetWeather
rate the current book 5 of 6 points,RateBook
Find the Apple Address Book television show,SearchCreativeWork
play a popular sort of fifties tune music,PlayMusic
Play the most popular music by Ronald Isley on Google Music,PlayMusic
Where can I find the movie schedule ?,SearchScreeningEvent
Please search Crossing Muddy Waters work,SearchCreativeWork
Give The Whisperer a rating of 0 .,RateBook
Please book a restaurant for 45 weeks from now in FM,BookRestaurant
Rate this saga 0 stars,RateBook
Play music from my relentless playlist,PlayMusic
Play Listen To The Mocking Bird by Billy Martin on Youtube,PlayMusic
Where can I find a photograph of The Lieutenant of Inishmore ?,SearchCreativeWork
what is the forecast for here at 8 am,GetWeather
"Give me the forecast for feb. eleventh, 2034 far from Alaska",GetWeather
Give this album 2 / 6 .,RateBook
Play the Mother Lode by Tamio Okuda,PlayMusic
Add the artist Kamil Rustam to my relaxing playlist,AddToPlaylist
Play Revival music.,PlayMusic
Play a song by Nash The Slash,PlayMusic
Is it cold in North Carolina,GetWeather
What is the weather in Hadar,GetWeather
book a restaurant for one,BookRestaurant
Can i get the showtimes for Man in Blues ?,SearchScreeningEvent
Add Justin McRoberts to this is chopin,AddToPlaylist
Book a restaurant in Darnell .,BookRestaurant
"will there be hail in Dean Creek Wildlife Area on Feb. 25, 2031",GetWeather
Tell me the weather forecast for my current spot 1 minute from now,GetWeather
Rate the current essay 5 of 6 points,RateBook
play the latest Thelma Aoyama,PlayMusic
I need to hear the song Aspro Mavro from Bill Szymczyk on Youtube,PlayMusic
What time is See Grace Fly playing at Cineplex Odeon Corporation,SearchScreeningEvent
play Escapada,PlayMusic
"I want to book a restaurantin Perrytown Missouri for candice, jeannie and nichole .",BookRestaurant
Play Robin Hood Rescuing Three Squires by Bhupinder Singh,PlayMusic
Will it be chilly at Boggs Mountain Demonstration State Forest,GetWeather
patty and I need a table booked at a highly rated restaurant in Sandstone .,BookRestaurant
Book a restaurant faraway from Albertson now .,BookRestaurant
Add ana carolina to chill,AddToPlaylist
"What is the forecast for Dec. 1st, 2036 in Keeneland",GetWeather
put this artist onto political punks .,AddToPlaylist
"Rate Anarchy, State, and Utopia saga a 5",RateBook
book for 8 AM in Massachusetts for 1,BookRestaurant
show schedule for Loved by Thousands,SearchCreativeWork
Add the trey gunn tune to my French N' Heavy playlist.,AddToPlaylist
find Death Is Called Engelchen at Neighborhood Cinema Group,SearchScreeningEvent
I feel like this essay deserves four stars,RateBook
When will The Flower and the Angry Waves be showing?,SearchScreeningEvent
Where can I find the soundtrack for Steamboat Bill ?,SearchCreativeWork
For the book The Mirrored Heavens I give one of a possiable 6 stars,RateBook
I need a list of places in the area that I can see animated movies in six minutes,SearchScreeningEvent
Please get me the Crime and Punishment in Suburbia trailer .,SearchCreativeWork
what is the Bahamas forecast for stormy weather at 074321,GetWeather
When is Harassed being played at Plitt Theatres ?,SearchScreeningEvent
I'd rate Shohola Falls a two out of 6 .,RateBook
can i have the movie schedules,SearchScreeningEvent
book a socca serving steakhouse for 2 in Saint James Alabama,BookRestaurant
Book reservation at a restaurant in South Mills MT for one at 0707,BookRestaurant
show creative game Fear Thy Neighbor,SearchCreativeWork
play the last song from the thirties by Airto Moreira,PlayMusic
What are the movie times for films nearby ?,SearchScreeningEvent
give 3 star to this essay,RateBook
find a novel called Best Hits Live Save the Children Speed Live 2003,SearchCreativeWork
Book a party of 4 at Eddie’s Attic,BookRestaurant
I want to hear a Sandra ep,PlayMusic
What is the predicted weather for Wells in Indiana ?,GetWeather
Add the name kids in the street to the plylist New Indie Mix,AddToPlaylist
Can you find the soundtrack for Fast Food Nation,SearchCreativeWork
Add track to this is puccini,AddToPlaylist
give five star to The Second Angel series,RateBook
Book a restaurant in Three Points,BookRestaurant
show creativity in Cross Currents,SearchCreativeWork
Where to get the movie Fear of a Black Hat,SearchCreativeWork
Play the newest ballad from Chad Urmston,PlayMusic
show movie times for movies in the area,SearchScreeningEvent
put donnie g don gorilla on my classical romance playlist,AddToPlaylist
Look for All Broken Up and Dancing which is a video game,SearchCreativeWork
I need a reservation for a brasserie that serves ankimo in PW,BookRestaurant
add the track to my playlist with the title showstopper being mary jane,AddToPlaylist
add hold my liquor to electroNOW,AddToPlaylist
I give Jonathan Livingston le goéland 2 of 6 points,RateBook
I'd like to see a TV series called Countdown The Savoy Sessions,SearchCreativeWork
When will The Boys Next Door be playing at the nearest movie house,SearchScreeningEvent
What is the movie schedule for animated movies playing in the neighborhood ?,SearchScreeningEvent
"What will the weather be on April 9, 2037 in New Brunswick Botanical Garden ?",GetWeather
Please tell me the current and local movie times,SearchScreeningEvent
find Casting Crowns discography,SearchCreativeWork
Play music by Keren Woodward,PlayMusic
rate the current saga a 4,RateBook
I'd like to see the book City University of Hong Kong Law Review,SearchCreativeWork
Show me KurdishMedia.com,SearchCreativeWork
i give The Aquariums of Pyongyang 3 out of 6 stars,RateBook
Find a reservation for a restaurant in Hong Kong for seven people,BookRestaurant
Add LA Woman to my soul lounge playlist.,AddToPlaylist
Where can I find the TV show A Step Away,SearchCreativeWork
party for ten at National Coney Island in DE,BookRestaurant
"Is it going to be sunny on Oct. twenty-seventh, 2031 within the same area of this current place",GetWeather
Add to my playlist heavy gamer the name blaydon races,AddToPlaylist
what is the forecast for Montana at dinner,GetWeather
I'm looking for the saga Lifelong Ambitions,SearchCreativeWork
For playlist todo latino add Absolutely Sweet Marie,AddToPlaylist
put K Maro track on my soul lounge list,AddToPlaylist
Rate the current essay a three points,RateBook
What's the weather like in Groesbeck,GetWeather
What animated movies are playing at the nearest movie theatre ?,SearchScreeningEvent
what is the forecast for Dr. Julian G. Bruce St. George Island State Park for rainy weather,GetWeather
Add como un tatuaje to my hits of the 70s playlist,AddToPlaylist
Add this song to my fairy tales,AddToPlaylist
Add this track to my Love Hurts playlist,AddToPlaylist
Play the most popular stuff by Tina Dico,PlayMusic
Add Take Me Back to Dear Old Blighty to my dinner playlist,AddToPlaylist
Play an Alla Pougatcheva ballad on Pandora,PlayMusic
Find the schedule for The Pearl of Cleopatra .,SearchScreeningEvent
book a spot at a steakhouse with internet,BookRestaurant
Book me a table for a party of eight in Germany .,BookRestaurant
rate the current chronicle five stars,RateBook
What time is Chandranath playing MJR Theatres,SearchScreeningEvent
play Dj Ozma top songs,PlayMusic
Get me a table at a bar which has a spa .,BookRestaurant
add Coordinates of Confusion to bass face playlist,AddToPlaylist
"Out of a possiable 6 I give Jip, His Story a 0",RateBook
What is the forecast at four AM in Zambia,GetWeather
Show the Innocent When You Dream saga,SearchCreativeWork
"on April the twenty-seventh, 2022 , I'd like to make reservations at a spanish diner .",BookRestaurant
Play some music on Lastfm .,PlayMusic
Let me see the movie schedule for Seed of Chucky,SearchScreeningEvent
Rate current novel two stars,RateBook
Go to After Dusk They Come,SearchCreativeWork
give three out of 6 points to this album,RateBook
Put this artist on my Folk for Kids playlist,AddToPlaylist
"What is the weather forecast for Naches , Sierra Leone",GetWeather
Play Dave Joyal,PlayMusic
Find movie schedules for animated movies around here .,SearchScreeningEvent
"What's the weather forecast for next saturday in Granite , WI ?",GetWeather
add a song by mark schultz to my ultimate indie playlist,AddToPlaylist
"Can you give me the forecast for 11 in Bradner , IA",GetWeather
Rate the current album 3 of 6 stars,RateBook
what's the weather going tbe twenty three minutes from now in Federico Albert National Reserve,GetWeather
Give me the showtime for Bobby Yeah playing at the cinema,SearchScreeningEvent
I'd like to watch the trailer for As Tears Go By,SearchCreativeWork
rate the book Now and Forever 1 out of 6 points,RateBook
Can you find me the painting titled Across the Line ?,SearchCreativeWork
Rate this album one value,RateBook
Play Intense Studying playlist on Itunes .,PlayMusic
rate the book Giants of the Frost two out of 6 points,RateBook
Will it be warmer in Poplar Bluff,GetWeather
book a table in the United States for 10 at The Berghoff,BookRestaurant
Rate this series one out of 6 .,RateBook
add Classic Punk by Chab,AddToPlaylist
Find the movie times for animated movies around here .,SearchScreeningEvent
play southern rock tunes,PlayMusic
What movie theatre is playing Shed No Tears,SearchScreeningEvent
Where can I get Fight for Anarchy,SearchCreativeWork
Find time for films at the North American Cinemas,SearchScreeningEvent
Show me work of Truth and Tolerance,SearchCreativeWork
Book a restaurant in Kamrar for midday .,BookRestaurant
I'd like to watch films at the nearest cinema at 8 am,SearchScreeningEvent
Add this track to downtempo beats,AddToPlaylist
Where can I find Tales of Ghost Castle ?,SearchCreativeWork
The current essay is a three of 6,RateBook
Pull up the trailer for 2000 Years – The Millennium Concert,SearchCreativeWork
Is it freezing this evening in Maunabo United States,GetWeather
play Tonight Only! by Nastya Kamenskih,PlayMusic
"book table to a tavern for a scrapple for harriett, deanne and I",BookRestaurant
gve 2 points to The Stinky Cheese Man and Other Fairly Stupid Tales,RateBook
please add John Deacon to the funtime activity playlist,AddToPlaylist
I am rating this current novel three out of 6 points .,RateBook
Can you get a table at The Triple Door in District Of Columbia for me and deborah vasquez,BookRestaurant
"I'm hoping to find a table for six at a pub on jul. 19, 2029 .",BookRestaurant
Add the tune to my House Afterwork playlist.,AddToPlaylist
I want to take my parents and I to eat some romagna at a brasserie in North Dakota,BookRestaurant
Add daniel zueras to lush vibes,AddToPlaylist
What's the weather forecast for Niue at two am ?,GetWeather
"What are the weather conditions in Patagonia , South Africa ?",GetWeather
I'd like to eat with a party of 8 in Hitchita OR,BookRestaurant
Is The Country Doctor on the schedule at any theater near me?,SearchScreeningEvent
"Will the weather be stormy on january the 15th, 2026 in the Federated States Of Micronesia",GetWeather
Play a top twenty symphony by Bumble Bee Slim,PlayMusic
What's the weather forecast for Pointe-Heath Ecological Reserve at midnight ?,GetWeather
book at Tavern on the Green for in 1 minute in CO,BookRestaurant
I gave the current album two stars,RateBook
Find a painting called The Book of Folly .,SearchCreativeWork
find a TV show called Ride the Wind,SearchCreativeWork
Add lisa m to my guitar hero live playlist,AddToPlaylist
Rate The Nightmare Fair five out of 6 stars,RateBook
Please find me Glass Cloud – Single .,SearchCreativeWork
Rate the book An Appeal from the New to the Old Whigs a 0,RateBook
Book a restaurant for one person at 7 AM,BookRestaurant
I want to book at a pub with parking in Cuba .,BookRestaurant
I want to book a table for me and my boss at Glassy Junction in Turkey .,BookRestaurant
I want to book reservations for 8 at an indoor restaurant .,BookRestaurant
What's the forecast for MT next week ?,GetWeather
Tell me what the weather will look like here at 0150,GetWeather
"Is it chilly in Charenton , NY ?",GetWeather
What is the movie schedules for the Harkins Theatres,SearchScreeningEvent
search for Space on My Hands,SearchCreativeWork
Rate The Joy of Gay Sex a 5 out of 6,RateBook
Play music from Carina Round,PlayMusic
show chillier conditions next week in Camp Bird,GetWeather
"How temperate is it in Lopeno , Thailand ?",GetWeather
play Zvooq Night Rider list,PlayMusic
Add fuzzy logic to latin dinner,AddToPlaylist
Show me a television show named A Love to Hide .,SearchCreativeWork
Play symphony by Josh Gracin on Slacker .,PlayMusic
Weather for the night time in New Mexico,GetWeather
rate this textbook 4 out of 6 stars,RateBook
table for 6 at a bar,BookRestaurant
show weather forcast for T.H. Stone Memorial St. Joseph Peninsula State Park on one hour from now,GetWeather
"How is the weather going to be this week in Roseau , IA .",GetWeather
what is the overcast forecast for Torrey Pines State Beach,GetWeather
will it be colder in Cut MA tomorrow,GetWeather
Play a 1978 track on Slacker,PlayMusic
"what's the weather going to be like in MI on august twenty-eighth, 2033",GetWeather
Add Welcome to the Cruel World to my Reggae Classics,AddToPlaylist
add Puzzles Like You in my playlist Reggae,AddToPlaylist
On Itunes play the latest Anna Yesipova ep,PlayMusic
Please play some music from 1996,PlayMusic
Is the weather hot in Miller House NV,GetWeather
Let me hear an ep from the thirties era of music.,PlayMusic
what films are playing at the closest movie house ar elevenses,SearchScreeningEvent
what will the weather be like at noon in Brunei,GetWeather
Add to my Rumba y más playlist the song by haley scarnato,AddToPlaylist
find movie times,SearchScreeningEvent
I'd like to watch Health Warning at the closest movie house,SearchScreeningEvent
When will it be hot in Millvale,GetWeather
Play my Trapeo playlist.,PlayMusic
rate To Your Scattered Bodies Go a 1 out of 6,RateBook
Give me the local movie times .,SearchScreeningEvent
find Home Fires,SearchCreativeWork
Take me to the top-rated taverna in Sealy for trattoria next week for 5,BookRestaurant
find Trivial Pursuit America Plays,SearchCreativeWork
book a restaurant for my baby and I in Delaware,BookRestaurant
Play me a song from the twenties by Randy Bachman,PlayMusic
rate this book titled The Improvisatore five stars,RateBook
Put this song on legendary guitar solos,AddToPlaylist
Add So Far to my Retrovisor playlist.,AddToPlaylist
I need a reservation for a restaurant that serves cupcakes in OH,BookRestaurant
Add another song to the country playlist.,AddToPlaylist
List movie schedules at Showcase Cinemas,SearchScreeningEvent
"Book a reservation at a restaurant with me, matilda and deana",BookRestaurant
"find The Life of Riley , a photograph",SearchCreativeWork
put once bitten twice bitten into the pulse of americana,AddToPlaylist
Please rate this book and album 4 to 6 stars .,RateBook
Add to isabella's Club Hits this song,AddToPlaylist
Fine movie times .,SearchScreeningEvent
Add another tune to my Lo mejor del Rock de España playlist.,AddToPlaylist
Please find the schedule for Jappeloup at Bow Tie Cinemas .,SearchScreeningEvent
what is the blizzard forecast for 1206 in MS,GetWeather
add this artist to my Pop Punk's Not Dead,AddToPlaylist
Play a 1983 ballad on Groove Shark .,PlayMusic
What's the weather here on 2/7/2021,GetWeather
whats the nearest movie house showing animated movies,SearchScreeningEvent
What's the weather 1 minute from now in Mount Nimba Strict Nature Reserve,GetWeather
How humid is it in Paducah ?,GetWeather
Play a top symphony sort form 1959 by Stuart Garrard .,PlayMusic
What movies are playing at Regal Entertainment Group,SearchScreeningEvent
What is the weather forecast in the country of Chile fifteen hours from now,GetWeather
I want to book a restaurant with a pool for five in Conehatta,BookRestaurant
Book a table at a brasserie far from my Livonia Av .,BookRestaurant
Play Everybody Wins trailer,SearchCreativeWork
I need a reservation for January 9 at a restaurant that serves souvlaki nearby Cypress Av for a party of 1,BookRestaurant
play some Bertine Zetlitz record,PlayMusic
"Book a restaurant for monique stewart, arlene and jami .",BookRestaurant
What's the weather in Koontz Lake,GetWeather
Add Bonga to the Black Sabbath The Dio Years playlist,AddToPlaylist
book a spot for 8 at a popular taverna,BookRestaurant
"Put this song on my playlist, In The Name Of Blues .",AddToPlaylist
Give the current textbook 2 of 6,RateBook
Will it be freezing within walking distance of Alaska ?,GetWeather
I'd give this essay a three of 6,RateBook
I give the part of the chronicle Growth Fetish four out of 6 stars .,RateBook
show creativity of All for One,SearchCreativeWork
Weather for nearby Roselle,GetWeather
Play me the most popular Peja song on Slacker,PlayMusic
Play the 1991 soundtrack from Ian Mcdonald,PlayMusic
add antisleep volume 04 in All Out 70s playlist,AddToPlaylist
Search for the song called Journal of the American Statistical Association,SearchCreativeWork
I want to take four friends to the pub for some tuna casserole,BookRestaurant
Where can I view the picture of Workin’ with the Miles Davis Quintet,SearchCreativeWork
Find a table at a joint with northern brazilian food in GA,BookRestaurant
This current textbook should have a rating value of two and a best rating of 6,RateBook
Find a reservation for a highly rated steakhouse in China for a party of five at 055152,BookRestaurant
what is the Niceville forecast in FM,GetWeather
what's the nearest movie theatre showing movies,SearchScreeningEvent
I want to give the following essay five points out of 6,RateBook
Can I go see Cash and Curry at a movie theatre ?,SearchScreeningEvent
show Nightcall,SearchCreativeWork
add LISA to my playlist Street Dance,AddToPlaylist
Add Igor Talkow to my Women of K-Pop list,AddToPlaylist
play The Sea Cabinet,SearchCreativeWork
book a taverna for me and jami,BookRestaurant
What is the closest movie house playing films,SearchScreeningEvent
Add histoires sans paroles to my Women of K-Pop list,AddToPlaylist
Can you tell me the weather forecast for six am in Grenada,GetWeather
Add Marianne Faithfull to june's Hillary Clinton's Women's History Month Playlist .,AddToPlaylist
find Cinemark Theatres with films,SearchScreeningEvent
Give this current novel a 4 .,RateBook
Play music from 1954,PlayMusic
Rate Book of the Dead three stars,RateBook
Where to watch show Extremely Live,SearchCreativeWork
show creativity of Accident Analysis & Prevention,SearchCreativeWork
add Bring Back My Daddy to Me to my playlist named Might and Myth Power Metal,AddToPlaylist
Book a restaurant for 2 at a cafe that I can get a croissant at,BookRestaurant
Add outside the dream syndicate to millicent's fresh electronic playlist,AddToPlaylist
Will there be a blizzard in North Carolina,GetWeather
Play music from the list Indie Electronics,PlayMusic
Play One Way Ticket by Ray Kennedy .,PlayMusic
I give Nothing Lasts Forever 5 out of 6 points .,RateBook
find Regal Entertainment Group animated movies,SearchScreeningEvent
play Matt Uelmen songs from 1965 on Slacker,PlayMusic
I give Obama From Promise to Power 6 points and a rating value of 1,RateBook
Book a restaurant in Switzerland for 3 .,BookRestaurant
I want to put roberto valverde into my Ultra Metal list,AddToPlaylist
Rate the book White Girl Bleed a Lot only two points .,RateBook
rate the current textbook a 5,RateBook
What is the weather forecast for New Mexico,GetWeather
Add my track to old school metal playlist,AddToPlaylist
Play Songs Of Heaven by ami koshimizu,PlayMusic
Put the artist Pat Monahan onto the emily dickinson playlist.,AddToPlaylist
Will it be nice on Aug. the nineteenth in Beda Bulgaria,GetWeather
Play me a seventies ep,PlayMusic
Show me the book Playlist The Very Best of Dolly Parton,SearchCreativeWork
I want this chronicle to get a rating of 4,RateBook
Rate the Glory Season three stars,RateBook
Find a reservation far from my work location in eight hours for 8 people at Union Auto Company,BookRestaurant
play my melodious playlist,PlayMusic
What's the weather at zero PM in Papeton Montserrat,GetWeather
play a good 1952 symphony,PlayMusic
I need a reservation for five at a top-rated english restaurant in Elma,BookRestaurant
Add track to Urban Poet,AddToPlaylist
Please tell me the movie times,SearchScreeningEvent
Look for the Editor & Publisher TV series,SearchCreativeWork
Find a movie called Dorothy and the Witches of Oz .,SearchCreativeWork
using stars the current object gets four for the textbook out of 6,RateBook
What is the movie schedule for the Pacific Theatres,SearchScreeningEvent
Where is The Penthouse playing,SearchScreeningEvent
What is the weather forecast for Nicaragua,GetWeather
Rate the current novel 5 of 6 points,RateBook
Can you find the television show Manifesto of Nevermore,SearchCreativeWork
Play Gary Chapman music from the fifties,PlayMusic
give 0 out of 6 to War of the Spider Queen saga,RateBook
What's the forecast for KS for Jan. first ?,GetWeather
What time is Scream of Stone playing,SearchScreeningEvent
I'd like to hear Cry Baby Cry by Ally Kerr .,PlayMusic
what movie house is showing Sherlock Holmes and the Secret Weapon,SearchScreeningEvent
Show me the book Pokémon The Johto Journeys,SearchCreativeWork
Reserve a table for 1 person in WI .,BookRestaurant
Add afdlin shauki to La Mejor Música Dance 2017,AddToPlaylist
how's the weather looking in Pheba,GetWeather
I'd like to listen to opera on Youtube,PlayMusic
Find a novel called Matching Dreams .,SearchCreativeWork
Add jenifer to Rock the 2000's,AddToPlaylist
rate this series titled Adolf Hitler My Part in His Downfall two stars,RateBook
Add Candlelight to my House Afterwork playlist.,AddToPlaylist
I want to hear some of David Gilmour 's music from 1973,PlayMusic
Go to Your Heart Belongs to Me,SearchCreativeWork
"book a masala bar on march 6, 2034",BookRestaurant
add Wing track to All A Cappella,AddToPlaylist
I'd like to eat at a highly rated swiss restaurant in Irma at two pm,BookRestaurant
Please use Itunes to play something from 1986,PlayMusic
play Isham Jones,PlayMusic
is The Sleeping Beauty playing at 8 A.M. at Cobb Theatres,SearchScreeningEvent
I want to eat at a bar in Saudi Arabia that serves cannelloni .,BookRestaurant
I need a table for 5 at the restaurant I ate at last Oct.,BookRestaurant
Play Shoo on iheart from greatest record,PlayMusic
Where can I view the photograph of Johnny Cool,SearchCreativeWork
Will I be able to watch Camping-car at movie house at 6 pm ?,SearchScreeningEvent
play Yo Ho from the new york pops on Youtube,PlayMusic
what is the forecast for Sea Isle City in Louisiana for warmer weather,GetWeather
add gabrial mcnair to my Love In Paris list,AddToPlaylist
Add the artist to my This Is Mozart playlist.,AddToPlaylist
Put robbie robertson into my chill out playlist.,AddToPlaylist
Play music by Antonella Barba from the album Bath,PlayMusic
What time is Too Young to Marry showing,SearchScreeningEvent
I'm looking for the game called Summer of Fear,SearchCreativeWork
What is the best restaurant in Kentucky for ten at 0 am,BookRestaurant
Can I get the movie times for in the neighbourhood movies,SearchScreeningEvent
Find the movie schedule for Pacific Theatres .,SearchScreeningEvent
Play music from 1968 on Vimeo .,PlayMusic
"I want to book a spot at a bar in Henniker , North Dakota .",BookRestaurant
play the track Asleep In The Deep,PlayMusic
"Add a tune to patrica's playlist, The Rhythm",AddToPlaylist
please put Book of Love on my NTC High Intensity Training Tracks playlist,AddToPlaylist
I need a reservation in Steele City,BookRestaurant
where can I find the game A Little Bit of Mambo,SearchCreativeWork
book a table in California for rita and brenda at Hurley Mountain Inn on january the 11th,BookRestaurant
"What are the weather conditions going to be like in Manhasset , Vermont on Dec. the 6th, 2036 ?",GetWeather
find a television show called The Passion of the Betty,SearchCreativeWork
Lets eat now somewhere in Roach,BookRestaurant
find movie schedules,SearchScreeningEvent
I want to hear music on my Slacker app,PlayMusic
Rate this chronicle 0 stars,RateBook
play scott la rock from Stella on Slacker,PlayMusic
Rate Nuclear Terrorism The Ultimate Preventable Catastrophe 5 stars,RateBook
book in Bolivia a brasserie for tourte food,BookRestaurant
"I want to hear Aki Nawaz , play the song fair annie .",PlayMusic
What will the weather be at thirteen in NJ ?,GetWeather
Can I listen to Dj Vibe 's top 10 ?,PlayMusic
I want to watch the TV show Tales from Space About a Blob,SearchCreativeWork
Is it chillier here,GetWeather
Rate Lords of the Rim zero stars,RateBook
I want to add this So Chan whee tune to Latin Alternative Music,AddToPlaylist
I give a rating of four to this textbook .,RateBook
What animated movies are playing at the Magic Johnson Theatres,SearchScreeningEvent
rate this book 2 of 6 points,RateBook
What's the weather in close by my current position,GetWeather
Rate Primal Fear one of 6,RateBook
book a spot for nine near Togo,BookRestaurant
Please play a song by Everlast,PlayMusic
Table for five at a restaurant in Lavina,BookRestaurant
Find the schedule for Without Witness twenty two hours from now .,SearchScreeningEvent
play Zvooq,PlayMusic
please add this song to Madden NFL 16,AddToPlaylist
Is Race Gurram playing,SearchScreeningEvent
Find a reservation at Fish Express,BookRestaurant
what is the movie schedule of animated movies in the area,SearchScreeningEvent
When Religion Becomes Evil is only worth 1 stars,RateBook
I'm wondering what movies will be laying around here .,SearchScreeningEvent
add track to my playlist a sudden rainstorm,AddToPlaylist
play Deezer tunes Are & Be,PlayMusic
rate The Ape-Man Within 4,RateBook
Add CJ Snare to my indie mim playlist,AddToPlaylist
Play a record from 1950 .,PlayMusic
"Will it snow on Apr. eighteenth, 2029 in Myanmar ?",GetWeather
play Doctor Fink if i could choose,PlayMusic
Where to see painting Twelve Angry Men,SearchCreativeWork
Book a reservation for a brasserie serving soupe in Tokelau,BookRestaurant
Where can I find the JKT48 School,SearchCreativeWork
Play a 1964 symphony on Netflix .,PlayMusic
Will it get colder in Cape Fair,GetWeather
Where can I see the show Kind of Glue ?,SearchCreativeWork
Show the Put Yourself in His Place game,SearchCreativeWork
What's the weather in New Zealand ?,GetWeather
What does For All the Wrong Reasons look like,SearchCreativeWork
Can you give this textbook a 2 out of 6 ?,RateBook
I need another artist in the New Indie Mix playlist.,AddToPlaylist
I want to book a table at The Commons Restaurant in South Pekin New Hampshire for a party of 10 on january the 24th,BookRestaurant
book a spot for six in Greece,BookRestaurant
What's the weather like at Sunset Hills,GetWeather
put this frederick knight track on my the midnight hour playlist,AddToPlaylist
I'd like to reserve a spot at a bakery in Guyana in feb .,BookRestaurant
I need to find a restaurant in PW .,BookRestaurant
Add Barry McGuire to my playlist called have a laugh .,AddToPlaylist
what time is The Eddy Duchin Story playing,SearchScreeningEvent
Add the artist Borys Ljatoschynskyj to my under the surface playlist,AddToPlaylist
add this song to Rock Party,AddToPlaylist
add eric johnson song to my The Refugee Playlist playlist,AddToPlaylist
Find a TV show called The Extraordinary .,SearchCreativeWork
Play music by Deenanath Mangeshkar,PlayMusic
Play some music on Vimeo .,PlayMusic
Book me a table for 8 at a restaurant for seven pm,BookRestaurant
add the artist to the 90's Baby Makers playlist,AddToPlaylist
Where can I buy a Barometer Clock,SearchCreativeWork
Book a restaurant within the same area of Ely for 10 people.,BookRestaurant
What is the weather in Pendleton Center,GetWeather
Give this album a rating of 4 .,RateBook
Find a novel called Under Blackpool Lights .,SearchCreativeWork
Add a track to my playlist Classic Acoustic,AddToPlaylist
add 9th Inning to my bossa nova dinner playlist,AddToPlaylist
play Wanted by Erykah Badu,PlayMusic
Can you find me the Restless Natives ?,SearchCreativeWork
add this tune to Escapada,AddToPlaylist
Play some 1970 Antero Manninen on zvooq .,PlayMusic
Please play the newest music by Evil Jared Hasselhoff,PlayMusic
Book the nearby Meriton Grand Hotel Tallinn in Missouri .,BookRestaurant
"book a table 1 year from now for corinne, tisha and I at a restaurant in Guernsey that is top-rated",BookRestaurant
I want a table for me and my kids in Turkey at a neighboring restaurant,BookRestaurant
find an album called From the Terrace,SearchCreativeWork
Rate Secret Weapon a four,RateBook
add song by emmy rossum to Hit Rewind,AddToPlaylist
what will be the temperature 1 minute and 8 seconds from now in Green Bottom Wildlife Management Area,GetWeather
I'd give The Mystery of the 99 Steps three stars out of 6,RateBook
Is the forecast windy now in Fort Myers Shores Arizona,GetWeather
Play Bitch Please Ii from Julee Cruise on Iheart,PlayMusic
my Disco Forever playlist needs an album by sawai gandharva .,AddToPlaylist
Play the heinz strobl ep from 2016 on Groove Shark,PlayMusic
What time can I watch Son of Rambow Tonight at Fox Theatres,SearchScreeningEvent
"Pull up the TV show , 40 Seasons The Best of Skid Row",SearchCreativeWork
I'd like to watch Three Word Brand at the cinema,SearchScreeningEvent
Show me the television show The Angry Mob .,SearchCreativeWork
the previous book is five out of 6 stars,RateBook
I want to give Dressed To Kill a one,RateBook
Play Clásicos del Hip Hop Español,PlayMusic
Play me a song from the fourties movement,PlayMusic
find Innocent world,SearchCreativeWork
Book a table for 7 at a popular bistro distant from Kremmling,BookRestaurant
find Cover Her Face,SearchCreativeWork
Where is the TV show Bomberman Land Touch! 2,SearchCreativeWork
show movie schedules at Megaplex Theatres,SearchScreeningEvent
trailer of Gate of Thunder,SearchCreativeWork
Give the current essay 5 / 6 stars,RateBook
add Totally Stress Free by bobby lord to my playlist,AddToPlaylist
give zero points to High Profile,RateBook
Restaurant near in town uses in two years,BookRestaurant
Play me a song from the sixties,PlayMusic
I want to watch the television show New Astronomy,SearchCreativeWork
find the They Came from Somewhere Else saga,SearchCreativeWork
What's the weather in Taiwan,GetWeather
"What's the weather for April 10th, 2028 in Arkansas",GetWeather
Fine movie schedules for Speakeasy Theaters .,SearchScreeningEvent
Find a television show called Merced Sun-Star .,SearchCreativeWork
Find painting Big Ideas,SearchCreativeWork
add erik santos in my playlist Metal Xplorer,AddToPlaylist
What aree the weather conditions not far from Poneto,GetWeather
find Racing the Beam The Atari Video Computer System,SearchCreativeWork
What is the weather forecast for North Carolina,GetWeather
What is the movie times,SearchScreeningEvent
give 1 out of 6 points for Collected Works,RateBook
give 0 to The Sky Village,RateBook
"weather in Nationalpark Nevado Tres Cruces on mar. 4th, 2020",GetWeather
add this album to Digster Future Hits,AddToPlaylist
Play the music Hands Up,PlayMusic
Add this track by Brian Welch to the spring music playlist,AddToPlaylist
Book a Theme restaurant in Cameroon for 6 people.,BookRestaurant
Is this film going to be at Malco Theatres ?,SearchScreeningEvent
Add a tune to Skylar Diggins' Training Mix,AddToPlaylist
book a diner for 1 in Green Isle,BookRestaurant
Where can I find Conduct Unbecoming ?,SearchCreativeWork
Book a restaurant that serves scampi for 10 people.,BookRestaurant
Add this tune to my playlist named Women of Fresh Finds,AddToPlaylist
book a spot for seven at a bar with chicken french,BookRestaurant
"I need a table in Ottoville on Feb. 15th, 2029 at Gus Stevens Seafood Restaurant & Buccaneer Lounge",BookRestaurant
book a pub for helen and miriam in nine years from now,BookRestaurant
Is it freezing near Medley ?,GetWeather
Add wiktor coj to the Sleep playlist.,AddToPlaylist
Is it snowy in Ocean Shores,GetWeather
Add a song to my playlist Impulso Creativo,AddToPlaylist
"I need a bar for four that serves argentinian in D'Iberville , WY for twelve PM",BookRestaurant
put frank farian on my Deep Dark Indie Folk playlist,AddToPlaylist
show Under the Sea creative video game,SearchCreativeWork
Play Techno on Lastfm,PlayMusic
Play music from the artist Taktloss from the record in the thirties,PlayMusic
Play the song Little Robin Redbreast,PlayMusic
The current textbook Gets 3 stars,RateBook
Find Dyskografia Nick Cave and the Bad Seeds .,SearchCreativeWork
the stars for this are 4 for a textbook,RateBook
Book me a table at The Restaurant at Meadowood within the same area in Kentucky,BookRestaurant
book a table at Serendipity 3 in Veyo for now,BookRestaurant
in 1 week is there going to be a depression in Washington,GetWeather
"Can you tell me the forecast for East Falmouth , Hungary",GetWeather
show creativity of The Album saga,SearchCreativeWork
add boyce and hart to Urban Hits playlist,AddToPlaylist
add this artist to my this is miguel bosé playlist,AddToPlaylist
The spring classical playlist needs Partners in Crime added to it.,AddToPlaylist
Give the current book four stars,RateBook
What is the picture called Lest We Forget The Best of ?,SearchCreativeWork
Rate this album zero of 6,RateBook
I'd like to eat within the same area of Lawrence St for a party of one,BookRestaurant
I need a table at The Ledbury at 18 o'clock,BookRestaurant
Will it be chillier in Portugal in one hour ?,GetWeather
give 5 out of 6 points to Thorn Castle,RateBook
"Please find the TV show , The Dreamstone",SearchCreativeWork
rate Mus of Kerbridge a one,RateBook
play If You Go,SearchCreativeWork
Please book a table for 10 at a faraway top-rated brasserie in Malaysia on Oct. the thirteenth .,BookRestaurant
play a 1988 soundtrack,PlayMusic
Can I buy the book Vacation of Petrov and Vasechkin online?,SearchCreativeWork
Will it be hot in Dongola Cameroon,GetWeather
what is the forecast for here one second from now,GetWeather
What time are the animated movies playing at Mann Theatres ?,SearchScreeningEvent
Can you get me The Education of Little Tree song ?,SearchCreativeWork
I need a reservation for the Oasis Drive-In for a party of four,BookRestaurant
play Victoria Banks 's album,PlayMusic
Play me some Goa,PlayMusic
Can I see the the painting Another Life...Another End ?,SearchCreativeWork
Play Odessa by Maartin Allcock .,PlayMusic
Use the service Lastfm to play artist keren peles from the most popular symphony,PlayMusic
book a table for 2 in Gleed,BookRestaurant
Play music by Susumu Hirasawa .,PlayMusic
show Angels of Iron television show,SearchCreativeWork
Show me the new showings for animated movies in the neighborhood,SearchScreeningEvent
Please book a restaurant room which serves hangtown fry dish in Jagual,BookRestaurant
Is it overcast in Ziwa Rhino Sanctuary ?,GetWeather
play some Stephen Jones on Youtube,PlayMusic
I need the wather for next week in the Philippines,GetWeather
Add current track to hillary clinton's women's history month playlist,AddToPlaylist
Where can I get the novel Flesh-Colored Horror,SearchCreativeWork
"find TaskCracker for Outlook , a game",SearchCreativeWork
"Pull up the video game , Apothecary Rx",SearchCreativeWork
I'd like to watch the TV series Sailor Moon SuperS The Movie,SearchCreativeWork
Rate Dead Boys a 0,RateBook
Rate the current novel a 1,RateBook
Play some indie music on spotify .,PlayMusic
Will it get chilly 1 minute from now in Carterville ?,GetWeather
Add Heart Like a Hurricane to digster soul classics,AddToPlaylist
Can you add woman of the world to my playlist entitled Duetos,AddToPlaylist
is These Girls at the cinema,SearchScreeningEvent
Give me the weather forecast in Boma for next summer,GetWeather
Go to the movie Welcome to Tokyo,SearchCreativeWork
rate If Tomorrow Comes 2 of 6 stars,RateBook
Tell me if it will hail in Kyrgyzstan,GetWeather
Book The Oriel in Allison for a party of four .,BookRestaurant
Play music from 1969 on lastfm .,PlayMusic
I want to add Kool Keith to my chill out dinner playlist,AddToPlaylist
What is the weather like within walking distance of the Nationalpark Drawa,GetWeather
what kind of films are at the closest movie house,SearchScreeningEvent
I want to add Kiara to my Digster Future Hits playlist,AddToPlaylist
Can you help me find the We No Who U R game ?,SearchCreativeWork
Is it colder faraway from my current spot ?,GetWeather
play music from the twenties with Slacker,PlayMusic
the series City on Fire is a four,RateBook
"find Seduced by Madness , a trailer",SearchCreativeWork
Please add the singer Valery Kipelov to the Perfect Concentration list,AddToPlaylist
Play some Christian Rock,PlayMusic
put Hugh Masekela onto my Music On Ibiza Guest List playlist,AddToPlaylist
Play the energic Itunes,PlayMusic
"Tell me the humidity index for Elizabethville , Indiana",GetWeather
The current saga deserves a 5 rating.,RateBook
add the piano bar to my Cindy Wilson,AddToPlaylist
What are the movie times one second from now at the Alamo Drafthouse Cinema,SearchScreeningEvent
What will the weather be in Grand Coteau UT at six pm ?,GetWeather
Is it warm in Vietnam,GetWeather
find a movie schedule,SearchScreeningEvent
Play me some seventies music with a good melody,PlayMusic
I am giving this current textbook 4 stars,RateBook
Which films are playing in the neighborhood one second from now ?,SearchScreeningEvent
What are the movie times at the Malco Theatres ?,SearchScreeningEvent
Where and when is This Is England playing,SearchScreeningEvent
book a spot that is faraway from the Municipal Borough of Farnworth in 16 minutes,BookRestaurant
Play breathtaking music,PlayMusic
I need a table for 5 at a brasserie that has a reuben sandwich,BookRestaurant
What is the local movie schedule,SearchScreeningEvent
I'd like to watch the trailer for Dungeons & Dragons Chronicles of Mystara .,SearchCreativeWork
Play Zvooq,PlayMusic
I'd like to watch Sherlock Holmes à New York at KB Theatres,SearchScreeningEvent
play Disney Sing It! – High School Musical 3 Senior Year,SearchCreativeWork
What is the movie schedules for the movies nearby playing 23 seconds from now,SearchScreeningEvent
What time is Summer School playing?,SearchScreeningEvent
What time is cinema playing The Village Priest ?,SearchScreeningEvent
What will the weather be faraway in New Jersey in ten weeks ?,GetWeather
rate this textbook 0 stars,RateBook
Tell me if it'll be freezing next month in Rhode Island,GetWeather
Make this essay two out 6 stars,RateBook
rate Break No Bones series a 1 of 6,RateBook
Add the name as with gladness men of old to my ultimate 90s playlist,AddToPlaylist
play a track by Alpha Blondy with Deezer,PlayMusic
add the album to my Top 100 Indie Tracks on Spotify playlist,AddToPlaylist
where's the nearest movie house playing No Trains No Planes,SearchScreeningEvent
I give What We Talk About When We Talk About Love a two of 6,RateBook
Add anson hu to my conexiones list,AddToPlaylist
I'm looking to find Suryavanshi .,SearchCreativeWork
I want to hear a symphony from Kano,PlayMusic
book The Middle East restaurant in IN for noon,BookRestaurant
Book an australian restaurant in Jacksboro three weeks from now for my step father and I .,BookRestaurant
play the greatest Vimeo tunes by angelo amorevoli on soundtrack,PlayMusic
Rate my current book 1 out of 6 points,RateBook
rate Tragedy Day a 4,RateBook
I'd like to eat at a highly rated pub with 6 people,BookRestaurant
"book a spot for me, reyna and maxine at a taverna on monday",BookRestaurant
Show the TV show The Last Samurai .,SearchCreativeWork
Book a restaurant in Everson Nevada that serves conchiglie for two people.,BookRestaurant
Find a table at a pizzeria in New Hampshire that has parking,BookRestaurant
around here find movie schedule for films,SearchScreeningEvent
I would give Dead Man Falling 5 points and a best rating of 6,RateBook
What is the cloud coverage in my current place,GetWeather
How will the weather be in Kentucky this week ?,GetWeather
I'd like to find the Limited Lovers novel,SearchCreativeWork
Is Sheikh Chilli playing,SearchScreeningEvent
Is it temperate in the current location now,GetWeather
"Can you get the TV show , ENTER THE MATRIX ?",SearchCreativeWork
Find the schedule for Tailspin Tommy in the Great Air Mystery .,SearchScreeningEvent
find the game Saturday Review,SearchCreativeWork
Can you find the album SimpleScreenRecorder,SearchCreativeWork
When is The Jailbird showing at United Paramount Theatres,SearchScreeningEvent
Give The Spirit House a 4 out of 6,RateBook
I want the weather for Saint Martin next year,GetWeather
Find The Earth Is a Sinful Song,SearchCreativeWork
Add splendido hotel to my verano forever,AddToPlaylist
Put the joy division the complete bbc recordings on 40 hits,AddToPlaylist
what is the nine AM weather forecast for Nationalpark Midongy du Sud,GetWeather
Play some music from 1989 by Sanjeev Abhyankar .,PlayMusic
Find a video game called Peaches discography .,SearchCreativeWork
Show me the movie Purple Heart Diary .,SearchCreativeWork
Open pandora and play udhreko choli from Chowdiah,PlayMusic
I'd like to eat english cuisine at a restaurant in Ettrick,BookRestaurant
give two points out of 6 to this essay,RateBook
Is there going to be any rainfall close to Windber in 365 days,GetWeather
Add exorcising ghosts to joy's thrash attack playlist,AddToPlaylist
Show me the Lights Out saga,SearchCreativeWork
find Try Me Out for me,SearchCreativeWork
Book a table for nine people next mar .,BookRestaurant
find Endless Horizons,SearchScreeningEvent
add the song to my the funny thing about football is playlist,AddToPlaylist
Find movie schedules for nearby films .,SearchScreeningEvent
"book a table at a restaurant within the same area as The Octagon, Christchurch in Allentown",BookRestaurant
Weather for apr. the thirteenth in Djibouti,GetWeather
find the song Tholireyi Gadichindi,SearchCreativeWork
I need a table in neighboring Carencro at the Bridge Round House,BookRestaurant
Add Ronski Speed to sweet soul chillout,AddToPlaylist
find Noon movie times at IMAX Corporation,SearchScreeningEvent
"What's the weather in GU on Jul. the 4th, 2024",GetWeather
"Is there a depression in Solromar on december 7, 2033",GetWeather
What is the weather forecast for Sunset in Bouvet Island ?,GetWeather
add this karina album to my Folk Pop playlist,AddToPlaylist
this textbook rates a 4 of 6 .,RateBook
Add song to Siesta,AddToPlaylist
whats the forecast for Redby,GetWeather
Find the novel Peace Arch News,SearchCreativeWork
add shahrum kashani to my Country Hits,AddToPlaylist
Rate this book 3 out of 6 points,RateBook
Add this track to the playlist Korean OSTs,AddToPlaylist
Find the TV series From the Top,SearchCreativeWork
I want to eat close to Bowlegs seven years from now,BookRestaurant
Find Digimon Next,SearchCreativeWork
play Miguelito top charting album,PlayMusic
play Andy White,PlayMusic
Show me a photograph called The Daily Slovak News,SearchCreativeWork
What is the release date for the DVD called Wild Is the Wind ?,SearchCreativeWork
Find me the television show A City Sleeps,SearchCreativeWork
find the photograph Underneath the Tree,SearchCreativeWork
I'd like to see Confessions of an Indian Teenager,SearchCreativeWork
book a spot at the food truck in MA,BookRestaurant
this saga is definitely worth 4 stars .,RateBook
Can you get seating for my father and I at a restaurant in Birch Run,BookRestaurant
I want to hear something by Joe Dolce on Google Music,PlayMusic
Play Kk on Zvooq .,PlayMusic
Give the current chronicle a three .,RateBook
I'd like to hear one of Eric Clapton 's most popular melody on Pandora .,PlayMusic
I rate American History A Survey a 5,RateBook
Rate the Apocalisse saga one out of 6 points,RateBook
put this album by Mike Tramp on Deathcore,AddToPlaylist
Find me the showtimes for Until Death at the nearest movie house .,SearchScreeningEvent
give one to this novel,RateBook
play some popular bryan gregory songs,PlayMusic
Add this artist to my Throwback Dance Party playlist,AddToPlaylist
Are there any movies playing at 5 am at North American Cinemas ?,SearchScreeningEvent
put this album on my road trip playlist,AddToPlaylist
Add lari white song to my Soulful Disco playlist,AddToPlaylist
Look for Conducting from the Grave,SearchCreativeWork
Rate The Type One Super Robot five of 6 stars,RateBook
book a restaurant in MS that can seat ten at 015147 pm,BookRestaurant
Play a sound track by Mac Dre .,PlayMusic
Book a table for 5 at a pub during my Macedonia trip that serves czech food.,BookRestaurant
What films are showing at three o'clock at the Neighborhood Cinema Group ?,SearchScreeningEvent
rate the current book five of 6,RateBook
where is The Adventure of the Yellow Curl Papers playing,SearchScreeningEvent
book a table for now for 4 for an oyster bar,BookRestaurant
reserve a table at Bear Hotel around Finsbury Park,BookRestaurant
What is the nearest movie house playing George Washington Slept Here,SearchScreeningEvent
What will the weather be like this tuesday in the area neighboring Rendezvous Mountain Educational State Forest ?,GetWeather
Rate Star Wars - The Old Republic Revan 1 points,RateBook
"which day this week will it get chilly in Palmetto , IN",GetWeather
Play bebob on Iheart,PlayMusic
Play Julie Driscoll,PlayMusic
book a Steinway St place for 8 that is close,BookRestaurant
"book Helianthushof in Hurffville , NJ",BookRestaurant
add potje met vet to my electronic gaming playlis,AddToPlaylist
Book a brasserie place for seven in Lithuania,BookRestaurant
Can you find me the Dicey Business TV series ?,SearchCreativeWork
want to find the novel called Innocent Until Caught 2 Guilty,SearchCreativeWork
rate Whole Earth Discipline 5 of 6 points,RateBook
play the TV show Iron Seed,SearchCreativeWork
Please play some music from the seventies movement,PlayMusic
Show the movie schedules at KB Theatres,SearchScreeningEvent
Book an outdoor restaurant .,BookRestaurant
rate A Thousand Lies series a 3,RateBook
Find me a movie with the name Oshin,SearchCreativeWork
Put sleeping with ghosts into my 90s Indie playlist.,AddToPlaylist
When is Beneath the Harvest Sky playing?,SearchScreeningEvent
Play a cohesive playlist for me,PlayMusic
"What is the weather supposed to be like on Sep. 20 in Maltby , Russia",GetWeather
"find Playground , a book",SearchCreativeWork
find a movie house closest with Beethoven Lives Upstairs,SearchScreeningEvent
give this book a rating of 3,RateBook
What animated movies are playing at IMAX Corporation ?,SearchScreeningEvent
Find a painting called Chettathi .,SearchCreativeWork
find films closest to a cinema,SearchScreeningEvent
Play Adrian Borland 's music on Zvooq .,PlayMusic
Let me get the movie schedule for lunch time.,SearchScreeningEvent
I'm giving 0 points to A New Lease of Death .,RateBook
Put this Jerry Dixon song onto my Tokyo Rising playlist.,AddToPlaylist
Play Kaori Mochida 's most popular music on Google Music .,PlayMusic
I'm looking for the Pokémon The Movie 2000 TV show,SearchCreativeWork
Find a photograph called Greatest Hits Volume One .,SearchCreativeWork
Rate Wolves Eat Dogs 5 out of 6 points,RateBook
add gina schock to workout twerkout,AddToPlaylist
"I'm looking for the hit album , The Politics of Dancing .",SearchCreativeWork
add paul wright album to 90s Smash Hits playlist,AddToPlaylist
Add this tune to my Top 100 Rock Tracks on Spotify,AddToPlaylist
I want to eat ice cream at a brasserie with me and my mother in law,BookRestaurant
find Berlin to the Samba Beat,SearchScreeningEvent
Is it supposed to gt colder in OR,GetWeather
Play Socialism Is Good by terje bakken on Spotify .,PlayMusic
what is the weather forecast for Minnesota,GetWeather
Need a creative work with the title Unholy Confessions,SearchCreativeWork
Find the Return to Grace saga,SearchCreativeWork
show me movie times at my local theater.,SearchScreeningEvent
is Tomorrow at Dawn at Harkins Theatres,SearchScreeningEvent
Show films at the nearest cinema,SearchScreeningEvent
Dawn of the Emperors Thyatis and Alphatia deserves a rating value of 1,RateBook
"Book a brasserie restaurant in Enfield , North Dakota for rosie and I that has tarte tatin",BookRestaurant
rate this novel four stars,RateBook
book a table at a tea house in 21 hours in Northern Mariana Islands,BookRestaurant
Find UNDER NIGHT IN-BIRTH,SearchCreativeWork
Make a reservation for eunice thompson and elisa martin in the Virgin Islands in one minute .,BookRestaurant
Please play Short And Sweet by Teyana Taylor from my itunes .,PlayMusic
rate this book titled Cold two stars,RateBook
give 5 out of 6 stars to The Intimidators chronicle,RateBook
What will the weather be like 1 second from now in Pugu Hills Forest Reserve,GetWeather
Add some patrick stump to maritza's disco fever list,AddToPlaylist
Show me The Heart Specialist,SearchCreativeWork
what is the weather forecast for Piqua on Pearl Harbor Remembrance Day,GetWeather
Add a song to the para dormir playlist.,AddToPlaylist
Is Love and Other Troubles playing,SearchScreeningEvent
what is the forecast for next may in Zambia,GetWeather
What's the weather forecast for Etna Green in 11 months ?,GetWeather
Play new Ian Mclagan,PlayMusic
Is it going to be hotter within walking distance of Ohio on 3/22/2038,GetWeather
show creativity of The House of the Dead,SearchCreativeWork
